"RBD";"ID";"tipo_unidad";"ind_rural";"ind_rural_100";"ind_rural_q5"
10916;"11012006";"localidad";0,996;57,762;4
12542;"11012023";"localidad";1,977;85,153;5
40159;"11072002";"localidad";1,147;61,963;4
12730;"11072901";"localidad";1;57,851;4
10905;"14012001";"localidad";1,026;58,579;4
198;"14012011";"localidad";1,581;74,074;5
12664;"14012014";"localidad";2,049;87,141;5
192;"14012015";"localidad";1,381;68,489;5
12550;"14012020";"localidad";1,953;84,481;5
193;"14012021";"localidad";1,602;74,679;5
191;"14012021";"localidad";1,791;79,933;5
196;"14012904";"localidad";1,625;75,323;5
171;"14022001";"localidad";2,151;89,99;5
167;"14022002";"localidad";1,75;78,814;5
12759;"14022002";"localidad";1,75;78,811;5
172;"14022003";"localidad";1,962;84,718;5
168;"14022004";"localidad";2,04;86,906;5
174;"14022005";"localidad";2,244;92,6;5
173;"14022006";"localidad";2,094;88,412;5
170;"14022007";"localidad";2,323;94,798;5
169;"14022008";"localidad";2,179;90,771;5
175;"14022010";"localidad";2,103;88,66;5
178;"14032008";"localidad";1,821;80,772;5
185;"14032008";"localidad";1,821;80,776;5
179;"14032903";"localidad";2,096;88,45;5
186;"14032903";"localidad";2,103;88,662;5
177;"14032905";"localidad";1,921;83,585;5
158;"14042004";"localidad";1,999;85,746;5
159;"14042015";"localidad";2,134;89,535;5
160;"14042022";"localidad";2,028;86,575;5
156;"14042023";"localidad";1,771;79,391;5
12552;"14042028";"localidad";2,16;90,258;5
162;"14042028";"localidad";2,162;90,302;5
12554;"14042030";"localidad";2,075;87,867;5
12668;"14042031";"localidad";2,229;92,162;5
154;"14042034";"localidad";2;85,779;5
12562;"14042901";"localidad";2,22;91,92;5
165;"14042902";"localidad";2,201;91,386;5
188;"14052008";"localidad";1,132;61,561;4
369;"21022003";"localidad";1,744;78,634;5
42177;"21022901";"localidad";1,833;81,11;5
370;"21032002";"localidad";1,485;71,398;5
371;"21032008";"localidad";1,321;66,815;4
377;"21042020";"localidad";1,998;85,717;5
248;"22012001";"localidad";1,787;79,841;5
246;"22012003";"localidad";2,065;87,596;5
252;"22012004";"localidad";1,756;78,956;5
243;"22012010";"localidad";1,945;84,246;5
268;"22022902";"localidad";1,81;80,467;5
274;"22032012";"localidad";1,552;73,265;5
273;"22032014";"localidad";1,58;74,061;5
276;"22032016";"localidad";1,612;74,948;5
270;"22032017";"localidad";1,454;70,526;5
214;"23022011";"localidad";1,956;84,55;5
423;"31012037";"localidad";1,512;72,163;5
11036;"31022007";"localidad";2,056;87,334;5
446;"31032001";"localidad";2,115;88,981;5
11027;"31032011";"localidad";2,117;89,062;5
13124;"31032026";"localidad";1,873;82,222;5
447;"31032028";"localidad";2,121;89,172;5
441;"31032029";"localidad";1,78;79,646;5
13172;"31032901";"localidad";1,471;71,002;5
442;"31032901";"localidad";1,521;72,411;5
13116;"31032903";"localidad";1,974;85,062;5
382;"32012003";"localidad";1,192;63,228;4
381;"32012901";"localidad";1,897;82,894;5
387;"32022023";"localidad";1,481;71,282;5
13170;"32022901";"localidad";1,583;74,151;5
40312;"32022901";"localidad";1,755;78,955;5
40176;"32022903";"localidad";2,025;86,481;5
467;"33012003";"localidad";1,483;71,361;5
469;"33012009";"localidad";1,507;72,028;5
40264;"33012010";"localidad";1,208;63,671;4
463;"33012012";"localidad";0,815;52,685;4
468;"33012025";"localidad";1,317;66,708;4
485;"33012026";"localidad";1,478;71,211;5
476;"33012028";"localidad";1,247;64,75;4
471;"33012028";"localidad";1,195;63,295;4
11031;"33022002";"localidad";1,285;65,826;4
40340;"33022002";"localidad";1,291;65,99;4
499;"33022003";"localidad";1,79;79,911;5
493;"33022005";"localidad";1,9;82,979;5
495;"33022005";"localidad";1,92;83,541;5
496;"33022005";"localidad";1,92;83,541;5
497;"33022005";"localidad";1,915;83,395;5
508;"33022005";"localidad";1,887;82,636;5
502;"33022005";"localidad";1,885;82,571;5
500;"33022005";"localidad";1,917;83,478;5
504;"33022005";"localidad";1,905;83,118;5
498;"33022006";"localidad";1,897;82,896;5
514;"33022032";"localidad";2,026;86,501;5
503;"33022032";"localidad";2,024;86,452;5
11025;"33022034";"localidad";1,597;74,543;5
482;"33032002";"localidad";1,806;80,352;5
484;"33032008";"localidad";0,862;54,001;4
483;"33032009";"localidad";1,512;72,163;5
13128;"33042005";"localidad";2,095;88,448;5
490;"33042007";"localidad";1,635;75,589;5
40121;"33042901";"localidad";1,487;71,449;5
13199;"33042901";"localidad";1,229;64,249;4
13200;"33042901";"localidad";1,437;70,076;5
590;"41012002";"localidad";0,771;51,471;4
539;"41012002";"localidad";0,756;51,058;4
552;"41012008";"localidad";2,054;87,286;5
550;"41012010";"localidad";2,203;91,454;5
546;"41012013";"localidad";1,091;60,408;4
13580;"41012018";"localidad";1,269;65,377;4
561;"41012019";"localidad";1,818;80,689;5
556;"41012020";"localidad";1,089;60,343;4
557;"41012023";"localidad";1,076;59,973;4
13333;"41012023";"localidad";1,092;60,436;4
634;"41012024";"localidad";0,608;46,931;4
13592;"41012024";"localidad";0,624;47,375;4
32058;"41012025";"localidad";0,741;50,628;4
540;"41012025";"localidad";0,735;50,467;4
564;"41012029";"localidad";1,471;71,024;5
544;"41012030";"localidad";0,961;56,767;4
542;"41012032";"localidad";1,005;57,995;4
551;"41012034";"localidad";1,137;61,701;4
554;"41012038";"localidad";0,985;57,447;4
558;"41012040";"localidad";1,812;80,539;5
560;"41012043";"localidad";0,987;57,5;4
41117;"41012056";"localidad";0,01;30,224;4
638;"41022001";"localidad";2,202;91,421;5
645;"41022012";"localidad";1,875;82,305;5
644;"41022012";"localidad";1,876;82,329;5
639;"41022017";"localidad";1,229;64,248;4
641;"41022018";"localidad";1,761;79,099;5
629;"41022024";"localidad";1,084;60,197;4
40028;"41022027";"localidad";0,799;52,262;4
643;"41022029";"localidad";1,319;66,756;4
635;"41022032";"localidad";0,823;52,929;4
659;"41032001";"localidad";0,853;53,763;4
795;"41032004";"localidad";2,003;85,879;5
783;"41032004";"localidad";1,968;84,901;5
662;"41032005";"localidad";1,616;75,07;5
661;"41032005";"localidad";1,592;74,379;5
602;"41042002";"localidad";1,176;62,779;4
606;"41042003";"localidad";1,069;59,787;4
599;"41042012";"localidad";1,086;60,262;4
608;"41042017";"localidad";1,545;73,068;5
604;"41042022";"localidad";1,039;58,939;4
598;"41042023";"localidad";0,765;51,287;4
697;"41052001";"localidad";1,923;83,621;5
699;"41052002";"localidad";2,019;86,308;5
40029;"41052002";"localidad";2,037;86,81;5
686;"41052006";"localidad";1,381;68,498;5
696;"41052006";"localidad";1,385;68,62;5
694;"41052009";"localidad";1,565;73,634;5
41173;"41052009";"localidad";1,565;73,644;5
695;"41052010";"localidad";1,171;62,627;4
691;"41052010";"localidad";1,173;62,689;4
692;"41052011";"localidad";0,921;55,658;4
693;"41052901";"localidad";1,24;64,555;4
688;"41062003";"localidad";1,748;78,758;5
689;"41062003";"localidad";1,729;78,221;5
682;"41062019";"localidad";1,452;70,493;5
669;"41062022";"localidad";1,349;67,609;5
678;"41062023";"localidad";0,508;44,112;4
687;"41062024";"localidad";1,958;84,616;5
683;"41062027";"localidad";1,05;59,26;4
40052;"41062029";"localidad";1,216;63,886;4
42153;"41062036";"localidad";1,227;64,201;4
680;"41062037";"localidad";0,967;56,94;4
13358;"41062040";"localidad";0,85;53,687;4
668;"41062041";"localidad";0,613;47,059;4
674;"41062055";"localidad";2,044;87,019;5
676;"41062056";"localidad";1,392;68,794;5
671;"41062058";"localidad";1,526;72,537;5
681;"41062907";"localidad";1,31;66,508;4
672;"41062908";"localidad";1,547;73,128;5
985;"42012002";"localidad";0,528;44,673;4
974;"42012005";"localidad";1,428;69,815;5
997;"42012006";"localidad";1,502;71,884;5
973;"42012006";"localidad";1,475;71,118;5
981;"42012008";"localidad";1,306;66,406;4
986;"42012009";"localidad";2,225;92,062;5
13428;"42012010";"localidad";0,895;54,92;4
991;"42012010";"localidad";0,977;57,229;4
1010;"42012011";"localidad";1,708;77,623;5
998;"42012011";"localidad";1,723;78,041;5
984;"42012012";"localidad";1,618;75,126;5
990;"42012012";"localidad";1,605;74,761;5
1005;"42012012";"localidad";1,623;75,254;5
1006;"42012018";"localidad";1,62;75,178;5
1004;"42012021";"localidad";1,756;78,963;5
13380;"42012021";"localidad";1,757;79,011;5
13455;"42012022";"localidad";1,131;61,527;4
993;"42012023";"localidad";1,006;58,019;4
13379;"42012023";"localidad";0,998;57,806;4
996;"42012026";"localidad";1,403;69,11;5
976;"42012026";"localidad";1,412;69,362;5
13375;"42012026";"localidad";1,43;69,862;5
978;"42012028";"localidad";1,767;79,268;5
977;"42012029";"localidad";1,335;67,223;5
1011;"42012030";"localidad";1,598;74,547;5
999;"42012030";"localidad";1,592;74,389;5
994;"42012031";"localidad";2,242;92,532;5
1000;"42012031";"localidad";2,241;92,514;5
995;"42012035";"localidad";1,884;82,532;5
1002;"42012036";"localidad";1,534;72,758;5
1001;"42012902";"localidad";1,749;78,763;5
1008;"42012903";"localidad";2,181;90,822;5
1101;"42022004";"localidad";1,877;82,345;5
1099;"42022009";"localidad";1,799;80,167;5
1109;"42022009";"localidad";1,758;79,012;5
1108;"42022009";"localidad";1,76;79,084;5
11153;"42022009";"localidad";1,768;79,312;5
1096;"42022009";"localidad";1,787;79,841;5
1113;"42022009";"localidad";1,784;79,756;5
1102;"42022010";"localidad";1,584;74,164;5
13352;"42022010";"localidad";1,438;70,083;5
1084;"42022010";"localidad";1,543;73,027;5
1087;"42022010";"localidad";1,491;71,578;5
1094;"42022010";"localidad";1,539;72,922;5
1104;"42022010";"localidad";1,565;73,641;5
1114;"42022010";"localidad";1,449;70,388;5
1116;"42022011";"localidad";1,814;80,585;5
1083;"42022012";"localidad";1,725;78,114;5
1078;"42022017";"localidad";1,124;61,335;4
1093;"42022019";"localidad";1,499;71,797;5
1117;"42022024";"localidad";1,991;85,542;5
1092;"42022025";"localidad";1,489;71,52;5
1095;"42022026";"localidad";1,638;75,662;5
1100;"42022033";"localidad";1,281;65,721;4
1082;"42022902";"localidad";1,928;83,766;5
1059;"42032003";"localidad";1,353;67,724;5
13302;"42032005";"localidad";1,917;83,462;5
1068;"42032009";"localidad";1,831;81,051;5
1062;"42032012";"localidad";2,076;87,913;5
1071;"42032013";"localidad";2,024;86,458;5
1053;"42032015";"localidad";1,522;72,428;5
1065;"42032015";"localidad";1,535;72,792;5
1076;"42032015";"localidad";1,528;72,611;5
1072;"42032016";"localidad";1,911;83,302;5
1052;"42032023";"localidad";1,762;79,149;5
1055;"42032025";"localidad";1,944;84,226;5
13486;"42032026";"localidad";1,449;70,394;5
1064;"42032031";"localidad";1,906;83,16;5
1061;"42032034";"localidad";1,412;69,354;5
1069;"42032902";"localidad";2,135;89,549;5
1063;"42032902";"localidad";2,136;89,593;5
1030;"42042001";"localidad";1,016;58,296;4
1034;"42042002";"localidad";1,713;77,764;5
1038;"42042003";"localidad";1,532;72,714;5
1046;"42042003";"localidad";1,615;75,029;5
1047;"42042003";"localidad";1,559;73,471;5
1031;"42042006";"localidad";1,397;68,956;5
1022;"42042007";"localidad";1,113;61,02;4
1042;"42042008";"localidad";1,233;64,366;4
1044;"42042009";"localidad";1,472;71,029;5
1020;"42042010";"localidad";1,686;77,027;5
13465;"42042013";"localidad";1,112;60,988;4
40324;"42042013";"localidad";1,17;62,596;4
1037;"42042016";"localidad";1,391;68,783;5
1033;"42042024";"localidad";0,941;56,227;4
1027;"42042026";"localidad";1,598;74,562;5
1041;"42042026";"localidad";1,595;74,478;5
13505;"42042027";"localidad";1,224;64,106;4
1032;"42042028";"localidad";1,831;81,058;5
1017;"42042030";"localidad";1,032;58,757;4
1016;"42042031";"localidad";1,022;58,475;4
728;"43012002";"localidad";1,653;76,087;5
749;"43012003";"localidad";1,531;72,693;5
932;"43012005";"localidad";1,358;67,862;5
929;"43012005";"localidad";1,377;68,377;5
904;"43012010";"localidad";1,513;72,191;5
743;"43012011";"localidad";1,293;66,039;4
745;"43012011";"localidad";1,353;67,709;5
740;"43012013";"localidad";1,816;80,638;5
952;"43012015";"localidad";1,816;80,639;5
937;"43012015";"localidad";1,804;80,31;5
962;"43012016";"localidad";2,139;89,649;5
953;"43012017";"localidad";1,522;72,426;5
909;"43012020";"localidad";1,876;82,315;5
936;"43012023";"localidad";1,578;74;5
906;"43012025";"localidad";1,91;83,259;5
905;"43012027";"localidad";1,572;73,835;5
917;"43012027";"localidad";1,553;73,303;5
951;"43012027";"localidad";1,572;73,834;5
963;"43012028";"localidad";2,009;86,026;5
950;"43012028";"localidad";2,02;86,352;5
911;"43012036";"localidad";2,014;86,163;5
744;"43012037";"localidad";1,599;74,584;5
914;"43012038";"localidad";1,884;82,538;5
758;"43012040";"localidad";1,252;64,886;4
947;"43012040";"localidad";1,24;64,564;4
935;"43012042";"localidad";1,455;70,555;5
760;"43012044";"localidad";1,747;78,713;5
723;"43012054";"localidad";1,372;68,239;5
747;"43012054";"localidad";1,34;67,356;5
754;"43012062";"localidad";1,758;79,02;5
771;"43012062";"localidad";1,908;83,219;5
735;"43012071";"localidad";2,041;86,927;5
730;"43012073";"localidad";1,113;61,009;4
750;"43012074";"localidad";1,317;66,708;4
736;"43012077";"localidad";1,322;66,863;4
762;"43012082";"localidad";1,971;84,983;5
729;"43012083";"localidad";1,313;66,602;4
943;"43012085";"localidad";2,044;87,001;5
724;"43012085";"localidad";2,046;87,078;5
40333;"43012090";"localidad";0,82;52,833;4
772;"43012090";"localidad";0,774;51,548;4
13493;"43012090";"localidad";0,766;51,322;4
40334;"43012094";"localidad";1,233;64,358;4
910;"43012095";"localidad";1,229;64,242;4
759;"43012103";"localidad";1,564;73,601;5
726;"43012104";"localidad";2,057;87,369;5
753;"43012105";"localidad";1,38;68,476;5
915;"43012110";"localidad";1,44;70,159;5
756;"43012111";"localidad";1,268;65,357;4
733;"43012112";"localidad";1,474;71,087;5
924;"43012115";"localidad";0,788;51,953;4
908;"43012117";"localidad";1,545;73,069;5
11113;"43012119";"localidad";1,972;84,994;5
731;"43012122";"localidad";0,988;57,532;4
737;"43012124";"localidad";0,976;57,182;4
902;"43012125";"localidad";2,259;93,004;5
32059;"43012902";"localidad";1,918;83,482;5
755;"43012904";"localidad";1,623;75,246;5
752;"43012904";"localidad";1,621;75,198;5
746;"43012908";"localidad";2,246;92,644;5
871;"43022003";"localidad";1,401;69,059;5
849;"43022003";"localidad";1,394;68,863;5
13579;"43022005";"localidad";1,303;66,309;4
870;"43022007";"localidad";1,254;64,949;4
864;"43022007";"localidad";1,232;64,351;4
851;"43022008";"localidad";1,103;60,742;4
890;"43022014";"localidad";1,535;72,812;5
891;"43022014";"localidad";1,575;73,93;5
879;"43022016";"localidad";1,512;72,152;5
852;"43022016";"localidad";1,489;71,517;5
869;"43022016";"localidad";1,494;71,661;5
865;"43022016";"localidad";1,513;72,193;5
850;"43022016";"localidad";1,483;71,338;5
896;"43022016";"localidad";1,467;70,891;5
868;"43022017";"localidad";1,751;78,84;5
876;"43022021";"localidad";1,671;76,599;5
859;"43022021";"localidad";1,646;75,901;5
13336;"43022021";"localidad";1,68;76,84;5
13312;"43022026";"localidad";1,83;81,045;5
892;"43022026";"localidad";1,831;81,07;5
887;"43022028";"localidad";1,447;70,341;5
888;"43022034";"localidad";1,73;78,234;5
862;"43022901";"localidad";2,033;86,712;5
875;"43022903";"localidad";2,104;88,674;5
872;"43022906";"localidad";1,406;69,193;5
843;"43032003";"localidad";2,253;92,843;5
835;"43032004";"localidad";1,422;69,656;5
827;"43032004";"localidad";1,417;69,492;5
13412;"43032006";"localidad";1,292;66,004;4
844;"43032006";"localidad";1,292;66,02;4
839;"43032011";"localidad";1,264;65,226;4
823;"43032012";"localidad";1,496;71,713;5
886;"43032014";"localidad";1,975;85,078;5
820;"43032020";"localidad";1,593;74,405;5
825;"43032021";"localidad";1,589;74,318;5
816;"43032036";"localidad";1,752;78,85;5
813;"43032049";"localidad";1,357;67,816;5
807;"43032051";"localidad";1,659;76,249;5
805;"43032052";"localidad";1,777;79,57;5
830;"43032056";"localidad";1,038;58,927;4
821;"43032058";"localidad";1,164;62,431;4
809;"43032059";"localidad";1,971;84,98;5
836;"43032060";"localidad";1,49;71,552;5
800;"43032062";"localidad";0,709;49,727;4
822;"43032064";"localidad";1,065;59,686;4
824;"43032066";"localidad";1,632;75,509;5
13362;"43032069";"localidad";1,668;76,522;5
818;"43032070";"localidad";1,786;79,809;5
40195;"43032071";"localidad";2,063;87,539;5
810;"43032071";"localidad";2,067;87,655;5
40325;"43032071";"localidad";2,063;87,541;5
857;"43032074";"localidad";1,208;63,674;4
837;"43032078";"localidad";0,65;48,076;4
833;"43032083";"localidad";1,322;66,862;4
817;"43032084";"localidad";1,672;76,631;5
804;"43032087";"localidad";1,689;77,099;5
812;"43032087";"localidad";1,704;77,527;5
814;"43032092";"localidad";1,672;76,612;5
803;"43032092";"localidad";1,662;76,336;5
826;"43032094";"localidad";1,807;80,381;5
838;"43032908";"localidad";1,497;71,725;5
727;"43032909";"localidad";1,736;78,425;5
819;"43032919";"localidad";1,671;76,584;5
806;"43032924";"localidad";1,731;78,278;5
939;"43042001";"localidad";2,293;93,974;5
933;"43042003";"localidad";1,989;85,487;5
899;"43042003";"localidad";1,997;85,685;5
945;"43042004";"localidad";1,828;80,968;5
946;"43042009";"localidad";1,385;68,603;5
956;"43042009";"localidad";1,503;71,906;5
13309;"43042009";"localidad";1,385;68,6;5
955;"43042009";"localidad";1,482;71,319;5
960;"43042009";"localidad";1,46;70,694;5
931;"43042009";"localidad";1,352;67,682;5
907;"43042009";"localidad";1,474;71,098;5
934;"43042010";"localidad";1,791;79,941;5
949;"43042011";"localidad";2,242;92,552;5
954;"43042012";"localidad";2,047;87,106;5
928;"43042014";"localidad";1,248;64,796;4
13363;"43042015";"localidad";1,387;68,657;5
900;"43042016";"localidad";2,049;87,153;5
13498;"43042018";"localidad";2,222;91,987;5
923;"43042019";"localidad";2,185;90,954;5
925;"43042021";"localidad";2,159;90,208;5
940;"43042023";"localidad";2,224;92,033;5
957;"43042901";"localidad";1,818;80,71;5
792;"43052005";"localidad";2,345;95,426;5
790;"43052010";"localidad";1,916;83,433;5
786;"43052014";"localidad";2,197;91,284;5
13365;"43052015";"localidad";1,998;85,737;5
797;"43052019";"localidad";2,066;87,628;5
777;"43052024";"localidad";1,795;80,048;5
789;"43052025";"localidad";1,328;67,017;5
775;"43052026";"localidad";1,059;59,517;4
784;"43052027";"localidad";1,535;72,803;5
11110;"43052028";"localidad";1,494;71,664;5
13423;"43052028";"localidad";1,494;71,646;5
778;"43052029";"localidad";1,719;77,928;5
774;"43052034";"localidad";1,129;61,471;4
773;"43052035";"localidad";1,218;63,944;4
776;"43052036";"localidad";1,388;68,694;5
793;"43052037";"localidad";1,666;76,457;5
787;"43052039";"localidad";1,446;70,326;5
788;"43052039";"localidad";1,441;70,169;5
785;"43052902";"localidad";1,963;84,749;5
780;"43052908";"localidad";1,294;66,062;4
14655;"51012002";"localidad";1,343;67,448;5
40255;"51022002";"localidad";1,042;59,048;4
2005;"51022012";"localidad";1,379;68,445;5
14380;"51022027";"localidad";1,383;68,568;5
2003;"51022033";"localidad";1,217;63,912;4
14381;"51022038";"localidad";1,338;67,313;5
1474;"51032001";"localidad";1,123;61,293;4
2009;"51042002";"localidad";1,764;79,199;5
1871;"51052003";"localidad";1,414;69,41;5
1867;"51052010";"localidad";1,115;61,078;4
1877;"51052014";"localidad";1,508;72,046;5
1869;"51052014";"localidad";1,528;72,597;5
1856;"51072006";"localidad";1,201;63,465;4
1857;"51072016";"localidad";1,361;67,94;5
14924;"51092001";"localidad";1,321;66,812;4
1210;"53012003";"localidad";1,234;64,408;4
1208;"53012011";"localidad";1,445;70,297;5
14931;"53022006";"localidad";0,894;54,899;4
14670;"53022008";"localidad";0,818;52,786;4
1255;"53022011";"localidad";1,266;65,289;4
14217;"53022011";"localidad";1,179;62,849;4
1251;"53022011";"localidad";1,269;65,382;4
1252;"53022013";"localidad";0,588;46,348;4
1258;"53032001";"localidad";1,173;62,689;4
42190;"53032009";"localidad";0,755;51,03;4
40122;"53032014";"localidad";0,941;56,222;4
1245;"53042003";"localidad";0,629;47,505;4
1237;"53042004";"localidad";1,802;80,255;5
1239;"53042004";"localidad";1,826;80,91;5
1246;"53042008";"localidad";0,782;51,774;4
1238;"53042011";"localidad";0,921;55,652;4
1235;"53042015";"localidad";1,18;62,884;4
1243;"53042015";"localidad";1,204;63,55;4
1240;"53042020";"localidad";1,807;80,39;5
1244;"53042022";"localidad";1,693;77,221;5
1129;"54012001";"localidad";1,184;63,012;4
1145;"54012005";"localidad";0,995;57,727;4
1133;"54012007";"localidad";1,407;69,22;5
1134;"54012012";"localidad";1,579;74,032;5
1140;"54012012";"localidad";1,627;75,377;5
1131;"54012012";"localidad";1,61;74,901;5
1132;"54012012";"localidad";1,575;73,927;5
1137;"54012012";"localidad";1,61;74,894;5
12299;"54012012";"localidad";1,511;72,133;5
1136;"54012012";"localidad";1,63;75,442;5
1142;"54012012";"localidad";1,58;74,062;5
1144;"54012012";"localidad";1,511;72,133;5
1130;"54012013";"localidad";1,554;73,321;5
1135;"54012014";"localidad";1,253;64,933;4
1143;"54012018";"localidad";1,468;70,933;5
40367;"54012018";"localidad";1,354;67,739;5
1171;"54022002";"localidad";1,767;79,271;5
1182;"54022008";"localidad";1,818;80,694;5
1181;"54022009";"localidad";1,654;76,132;5
1180;"54022011";"localidad";1,379;68,445;5
1178;"54022012";"localidad";1,589;74,301;5
11206;"54022013";"localidad";1,503;71,915;5
1176;"54022014";"localidad";1,275;65,552;4
1173;"54022019";"localidad";1,658;76,22;5
1174;"54022023";"localidad";1,42;69,587;5
1160;"54042003";"localidad";1,707;77,613;5
1151;"54042003";"localidad";1,714;77,808;5
1153;"54042008";"localidad";1,978;85,155;5
1157;"54042011";"localidad";1,713;77,78;5
1147;"54042015";"localidad";0,539;44,986;4
1152;"54042017";"localidad";1,271;65,416;4
1158;"54042019";"localidad";1,7;77,394;5
1150;"54042022";"localidad";1,436;70,033;5
1156;"54042023";"localidad";1,657;76,202;5
1161;"54042024";"localidad";0,842;53,46;4
40364;"54042025";"localidad";0,89;54,782;4
1162;"54042029";"localidad";1,515;72,237;5
1189;"54052002";"localidad";1,236;64,46;4
1876;"54052007";"localidad";1,672;76,633;5
1390;"55012002";"localidad";1,088;60,315;4
14476;"55012002";"localidad";1,035;58,839;4
40016;"55012002";"localidad";0,865;54,093;4
1385;"55012002";"localidad";0,965;56,879;4
1389;"55012007";"localidad";1,255;64,984;4
14206;"55012009";"localidad";1,224;64,105;4
14573;"55012952";"localidad";0,875;54,366;4
1461;"55022005";"localidad";0,871;54,247;4
14838;"55032006";"localidad";0,9;55,077;4
1456;"55032007";"localidad";1,313;66,592;4
1454;"55032008";"localidad";0,702;49,549;4
1458;"55032009";"localidad";1,325;66,944;5
1460;"55032010";"localidad";1,682;76,89;5
1462;"55032012";"localidad";1,419;69,556;5
1418;"55042003";"localidad";1,389;68,722;5
1419;"55042004";"localidad";1,141;61,804;4
1448;"55062004";"localidad";1,254;64,947;4
1450;"55062007";"localidad";1,294;66,061;4
2037;"56012001";"localidad";0,938;56,139;4
2035;"56012002";"localidad";1,351;67,652;5
2038;"56012003";"localidad";1,332;67,132;5
2036;"56012009";"localidad";0,938;56,141;4
2045;"56012903";"localidad";1,079;60,056;4
2089;"56022011";"localidad";1,493;71,634;5
2087;"56022011";"localidad";1,496;71,703;5
2085;"56022013";"localidad";0,809;52,517;4
2071;"56032008";"localidad";1,389;68,731;5
2068;"56032012";"localidad";1,099;60,623;4
2069;"56032013";"localidad";1,229;64,26;4
2081;"56042002";"localidad";1,218;63,953;4
2076;"56052009";"localidad";1,529;72,632;5
2093;"56062001";"localidad";1,858;81,817;5
2096;"56062002";"localidad";1,719;77,949;5
42178;"56062004";"localidad";0,967;56,945;4
14751;"56062004";"localidad";0,955;56,609;4
2092;"56062006";"localidad";1,506;71,999;5
11200;"56062006";"localidad";1,524;72,496;5
42211;"56062010";"localidad";0,749;50,861;4
2095;"56062016";"localidad";1,493;71,638;5
40291;"56062020";"localidad";0,996;57,763;4
1283;"57012002";"localidad";0,478;43,277;4
1286;"57012004";"localidad";1,347;67,556;5
1282;"57012005";"localidad";0,909;55,33;4
14502;"57012007";"localidad";1,322;66,842;4
1280;"57012008";"localidad";1,054;59,357;4
14932;"57012010";"localidad";0,886;54,689;4
14933;"57012010";"localidad";0,984;57,429;4
14856;"57012011";"localidad";1,19;63,168;4
1212;"57012013";"localidad";0,808;52,504;4
14750;"57012017";"localidad";0,567;45,784;4
1281;"57012017";"localidad";0,657;48,272;4
1273;"57012018";"localidad";0,623;47,331;4
1285;"57012019";"localidad";1,235;64,417;4
1287;"57012022";"localidad";1,011;58,167;4
1355;"57022003";"localidad";0,832;53,175;4
1358;"57022004";"localidad";1,018;58,359;4
1356;"57022006";"localidad";1,324;66,921;5
40127;"57022009";"localidad";1,191;63,185;4
1362;"57022009";"localidad";1,216;63,901;4
1353;"57022015";"localidad";1,305;66,39;4
1360;"57022017";"localidad";1,265;65,25;4
40216;"57022017";"localidad";1,23;64,276;4
1341;"57032001";"localidad";1,121;61,244;4
1342;"57032004";"localidad";0,933;55,983;4
1343;"57032005";"localidad";1,189;63,138;4
1345;"57032006";"localidad";0,933;55,993;4
1346;"57032010";"localidad";1,032;58,753;4
14202;"57042001";"localidad";0,835;53,25;4
11237;"57042003";"localidad";1,209;63,693;4
40123;"57042004";"localidad";1,239;64,526;4
1331;"57042006";"localidad";0,95;56,463;4
1333;"57042007";"localidad";1,188;63,109;4
1332;"57042008";"localidad";0,732;50,385;4
1309;"57052001";"localidad";1,718;77,911;5
1304;"57052003";"localidad";1,369;68,171;5
1307;"57052005";"localidad";1,457;70,622;5
1310;"57052006";"localidad";1,016;58,307;4
42161;"57052008";"localidad";1,857;81,803;5
1308;"57052010";"localidad";1,571;73,793;5
1313;"57052010";"localidad";1,524;72,491;5
14819;"57052011";"localidad";0,924;55,737;4
14766;"57052011";"localidad";0,919;55,606;4
1302;"57052013";"localidad";1,069;59,797;4
1323;"57062010";"localidad";1,408;69,254;5
1322;"57062010";"localidad";1,361;67,946;5
1326;"57062010";"localidad";1,427;69,773;5
1325;"57062011";"localidad";0,899;55,037;4
40338;"57062017";"localidad";0,766;51,331;4
1906;"58012002";"localidad";1,832;81,094;5
1900;"58012013";"localidad";1,399;68,999;5
1901;"58012014";"localidad";1,521;72,41;5
1475;"58022009";"localidad";1,599;74,586;5
42166;"58022016";"localidad";0,78;51,709;4
1473;"58022018";"localidad";1,241;64,586;4
40015;"58032004";"localidad";1,268;65,346;4
1493;"58032005";"localidad";1,512;72,164;5
1498;"58032006";"localidad";1,571;73,798;5
1496;"58032008";"localidad";1,477;71,17;5
1495;"58032013";"localidad";1,36;67,924;5
1490;"58032013";"localidad";1,325;66,947;5
1976;"58042004";"localidad";0,898;55,027;4
14952;"58042006";"localidad";0,675;48,778;4
2139;"61012001";"localidad";1,199;63,428;4
15777;"61012005";"localidad";0,889;54,765;4
2145;"61012011";"localidad";0,959;56,721;4
40146;"61012013";"localidad";1,057;59,455;4
2147;"61012014";"localidad";0,601;46,723;4
2184;"61012015";"localidad";0,423;41,757;4
2171;"61012901";"localidad";0,896;54,966;4
2237;"61022001";"localidad";0,966;56,908;4
2240;"61022003";"localidad";1,117;61,14;4
2236;"61022011";"localidad";1,509;72,065;5
2235;"61022019";"localidad";1,426;69,756;5
2238;"61022019";"localidad";1,435;69,993;5
2409;"61032003";"localidad";0,913;55,444;4
20489;"61032004";"localidad";1,026;58,593;4
2410;"61032005";"localidad";1,219;63,98;4
15826;"61042002";"localidad";0,517;44,368;4
2387;"61042002";"localidad";0,531;44,761;4
2394;"61042005";"localidad";1,478;71,197;5
2395;"61042006";"localidad";1,323;66,89;4
2398;"61042006";"localidad";1,322;66,85;4
2396;"61042006";"localidad";1,33;67,067;5
2393;"61042007";"localidad";1,295;66,088;4
2392;"61042008";"localidad";0,949;56,435;4
2391;"61042011";"localidad";1,049;59,244;4
2401;"61042014";"localidad";1,472;71,047;5
2390;"61042015";"localidad";1,122;61,256;4
2420;"61052004";"localidad";1,026;58,597;4
40235;"61052004";"localidad";0,774;51,553;4
2419;"61052005";"localidad";1,023;58,515;4
2215;"61062007";"localidad";0,905;55,201;4
15763;"61062009";"localidad";1,177;62,81;4
2212;"61062012";"localidad";1,12;61,215;4
2424;"61072002";"localidad";1,459;70,673;5
2427;"61072003";"localidad";1,17;62,62;4
2441;"61072004";"localidad";1,395;68,901;5
2437;"61072005";"localidad";1,226;64,16;4
2428;"61072009";"localidad";1,137;61,681;4
2432;"61072010";"localidad";1,375;68,327;5
2425;"61072012";"localidad";1,243;64,66;4
2438;"61072013";"localidad";1,702;77,449;5
2439;"61072014";"localidad";1,97;84,934;5
2436;"61072019";"localidad";1,235;64,433;4
2429;"61072020";"localidad";1,223;64,081;4
2440;"61072025";"localidad";1,593;74,424;5
2257;"61082001";"localidad";1,433;69,958;5
15564;"61082009";"localidad";0,797;52,204;4
15631;"61082009";"localidad";0,941;56,221;4
2255;"61082009";"localidad";0,913;55,445;4
2260;"61082009";"localidad";1,035;58,84;4
15627;"61082009";"localidad";0,971;57,054;4
11291;"61082901";"localidad";1,167;62,525;4
2314;"61092003";"localidad";1,202;63,494;4
2313;"61092006";"localidad";1,179;62,851;4
2475;"61092007";"localidad";1,615;75,034;5
2312;"61092009";"localidad";0,895;54,923;4
2318;"61092011";"localidad";0,723;50,135;4
15720;"61092012";"localidad";1,055;59,409;4
2224;"61102001";"localidad";1,253;64,916;4
15748;"61102005";"localidad";1,166;62,506;4
2231;"61102009";"localidad";0,933;55,997;4
15809;"61112002";"localidad";0,81;52,567;4
2264;"61112003";"localidad";0,79;51,994;4
2374;"61132003";"localidad";1,356;67,799;5
2372;"61132004";"localidad";1,482;71,316;5
2367;"61132005";"localidad";1,46;70,708;5
2366;"61132009";"localidad";0,972;57,07;4
15780;"61132011";"localidad";0,875;54,374;4
2364;"61132013";"localidad";0,703;49,581;4
2359;"61132015";"localidad";0,725;50,177;4
2373;"61132016";"localidad";1,444;70,249;5
42222;"61132018";"localidad";1,406;69,196;5
2363;"61132018";"localidad";1,406;69,188;5
42144;"61132019";"localidad";1,284;65,798;4
2362;"61132019";"localidad";1,287;65,889;4
2321;"61142006";"localidad";0,916;55,514;4
2320;"61142007";"localidad";1,208;63,678;4
2324;"61142009";"localidad";0,885;54,659;4
2299;"61152004";"localidad";1,1;60,654;4
2302;"61152005";"localidad";1,196;63,338;4
2304;"61152007";"localidad";0,958;56,682;4
20375;"61152015";"localidad";0,819;52,799;4
2307;"61152020";"localidad";0,793;52,094;4
2296;"61152025";"localidad";0,761;51,192;4
2293;"61152029";"localidad";0,851;53,693;4
2297;"61152036";"localidad";1,142;61,832;4
2275;"61162014";"localidad";0,892;54,84;4
42034;"61162022";"localidad";0,985;57,433;4
2274;"61162023";"localidad";1,18;62,892;4
2266;"61162024";"localidad";1,126;61,379;4
2271;"61162027";"localidad";1,373;68,29;5
2350;"61172017";"localidad";1,659;76,257;5
2336;"61172021";"localidad";0,768;51,384;4
2338;"61172026";"localidad";1,261;65,138;4
2352;"61172029";"localidad";1,425;69,718;5
2348;"61172031";"localidad";1,331;67,115;5
2343;"61172032";"localidad";1,075;59,955;4
2322;"61172035";"localidad";0,983;57,386;4
2335;"61172035";"localidad";0,982;57,361;4
2339;"61172035";"localidad";0,988;57,52;4
2650;"62012005";"localidad";1,299;66,209;4
11283;"62012006";"localidad";1,665;76,439;5
2652;"62012007";"localidad";1,393;68,846;5
2642;"62012008";"localidad";1,873;82,242;5
2643;"62012902";"localidad";1,509;72,064;5
2646;"62012903";"localidad";1,962;84,727;5
2700;"62022012";"localidad";1,332;67,119;5
2698;"62022902";"localidad";1,611;74,927;5
2692;"62032010";"localidad";1,314;66,638;4
2687;"62032012";"localidad";1,594;74,435;5
2686;"62032014";"localidad";1,422;69,648;5
2682;"62032016";"localidad";1,584;74,163;5
2685;"62032902";"localidad";1,612;74,954;5
2702;"62042004";"localidad";1,674;76,672;5
2704;"62042005";"localidad";1,349;67,596;5
2706;"62042007";"localidad";1,64;75,723;5
2708;"62042008";"localidad";1,581;74,078;5
2703;"62042009";"localidad";1,35;67,642;5
2707;"62042009";"localidad";1,363;68,01;5
42285;"62042009";"localidad";1,363;68,008;5
2711;"62042011";"localidad";1,562;73,552;5
2705;"62042012";"localidad";1,666;76,452;5
2661;"62052006";"localidad";1,632;75,494;5
2666;"62052008";"localidad";0,698;49,444;4
2673;"62052011";"localidad";1,735;78,394;5
15569;"62052022";"localidad";1,341;67,379;5
2664;"62052023";"localidad";1,172;62,656;4
2660;"62052025";"localidad";1,261;65,153;4
2678;"62052028";"localidad";1,62;75,186;5
2714;"62062002";"localidad";0,889;54,756;4
2717;"62062006";"localidad";1,657;76,203;5
2719;"62062010";"localidad";1,925;83,689;5
2637;"62062011";"localidad";1,89;82,709;5
2728;"62062012";"localidad";1,712;77,738;5
2721;"62062017";"localidad";1,713;77,767;5
2725;"62062024";"localidad";1,492;71,609;5
2723;"62062025";"localidad";1,913;83,35;5
2722;"62062030";"localidad";1,609;74,852;5
2716;"62062035";"localidad";1,675;76,696;5
2724;"62062902";"localidad";1,71;77,696;5
2727;"62062904";"localidad";1,656;76,168;5
15576;"63012012";"localidad";0,896;54,946;4
2476;"63012021";"localidad";1,225;64,144;4
2470;"63012022";"localidad";0,98;57,315;4
2472;"63012022";"localidad";1,011;58,182;4
2485;"63012023";"localidad";1,263;65,201;4
15757;"63012026";"localidad";0,952;56,516;4
2540;"63022011";"localidad";1,306;66,394;4
2535;"63022015";"localidad";1,485;71,401;5
2542;"63022016";"localidad";1,068;59,761;4
2545;"63022020";"localidad";1,493;71,623;5
2541;"63022022";"localidad";1,284;65,788;4
2543;"63022022";"localidad";1,315;66,664;4
2536;"63022022";"localidad";1,297;66,168;4
2534;"63022023";"localidad";1,322;66,856;4
11279;"63022024";"localidad";1,956;84,548;5
2544;"63022028";"localidad";1,132;61,548;4
2539;"63022030";"localidad";1,292;66,028;4
2548;"63022903";"localidad";1,929;83,791;5
2513;"63032003";"localidad";1,227;64,187;4
2495;"63032004";"localidad";1,497;71,751;5
2801;"63032005";"localidad";1,492;71,611;5
2507;"63032011";"localidad";1,244;64,664;4
2493;"63032015";"localidad";1,561;73,533;5
2505;"63032016";"localidad";1,695;77,257;5
2501;"63032019";"localidad";1,196;63,339;4
2494;"63032023";"localidad";1,319;66,763;4
2508;"63032029";"localidad";1,182;62,949;4
2514;"63032029";"localidad";1,172;62,674;4
2509;"63032034";"localidad";1,308;66,468;4
2496;"63032034";"localidad";1,333;67,159;5
40353;"63032902";"localidad";0,786;51,899;4
2506;"63032903";"localidad";1,822;80,822;5
2584;"63042003";"localidad";1,401;69,06;5
2592;"63042011";"localidad";1,772;79,405;5
15708;"63042013";"localidad";1,565;73,625;5
2591;"63042014";"localidad";1,574;73,876;5
2594;"63042016";"localidad";1,756;78,98;5
2590;"63042020";"localidad";1,576;73,939;5
2598;"63042903";"localidad";1,699;77,367;5
2528;"63052014";"localidad";0,946;56,35;4
2526;"63052015";"localidad";1,468;70,926;5
15825;"63052015";"localidad";1,348;67,577;5
2527;"63052018";"localidad";1,094;60,488;4
2575;"63052019";"localidad";0,854;53,785;4
2529;"63052024";"localidad";1,412;69,356;5
40315;"63052901";"localidad";1,074;59,94;4
2621;"63062009";"localidad";0,98;57,308;4
2624;"63062011";"localidad";1,17;62,595;4
2615;"63062023";"localidad";1,306;66,418;4
2613;"63062024";"localidad";1,317;66,726;4
2622;"63062027";"localidad";1,251;64,857;4
2633;"63072001";"localidad";1,609;74,87;5
2627;"63072002";"localidad";1,264;65,235;4
2629;"63072006";"localidad";1,347;67,546;5
15819;"63072009";"localidad";0,96;56,739;4
2634;"63072015";"localidad";1,409;69,281;5
2520;"63082004";"localidad";1,187;63,082;4
2521;"63082005";"localidad";1,203;63,54;4
2523;"63082007";"localidad";1,457;70,612;5
2524;"63082009";"localidad";1,259;65,089;4
2519;"63082010";"localidad";1,019;58,4;4
2522;"63082011";"localidad";1,268;65,345;4
11257;"63092003";"localidad";1,669;76,534;5
2607;"63092004";"localidad";1,688;77,059;5
2603;"63092010";"localidad";1,356;67,795;5
2601;"63092014";"localidad";1,232;64,34;4
2609;"63092015";"localidad";1,964;84,778;5
2604;"63092016";"localidad";1,745;78,663;5
2599;"63092017";"localidad";0,892;54,852;4
2565;"63102001";"localidad";1,374;68,298;5
2557;"63102005";"localidad";0,933;55,994;4
2576;"63102007";"localidad";0,916;55,504;4
2562;"63102008";"localidad";1,024;58,528;4
2558;"63102008";"localidad";1,047;59,174;4
2560;"63102010";"localidad";1,268;65,333;4
2563;"63102012";"localidad";1,483;71,345;5
2570;"63102016";"localidad";1,346;67,519;5
2568;"63102017";"localidad";1,659;76,253;5
2561;"63102020";"localidad";1,121;61,235;4
2577;"63102021";"localidad";0,846;53,566;4
2572;"63102022";"localidad";1,536;72,826;5
41621;"63102901";"localidad";1,124;61,319;4
3014;"71012001";"localidad";0,792;52,066;4
2989;"71012005";"localidad";1,176;62,769;4
2986;"71012007";"localidad";0,996;57,74;4
2933;"71012010";"localidad";0,589;46,378;4
2981;"71012017";"localidad";1,071;59,85;4
2977;"71012019";"localidad";0,976;57,192;4
2983;"71012021";"localidad";1,416;69,485;5
2980;"71012023";"localidad";1,251;64,884;4
3191;"71022007";"localidad";1,602;74,674;5
3187;"71022009";"localidad";2,033;86,692;5
3198;"71022014";"localidad";1,781;79,669;5
3176;"71022024";"localidad";1,505;71,957;5
3174;"71022028";"localidad";1,651;76,036;5
3177;"71022036";"localidad";1,332;67,14;5
3179;"71022040";"localidad";1,627;75,371;5
16459;"71022045";"localidad";1,257;65,04;4
16476;"71022047";"localidad";1,451;70,442;5
3185;"71022049";"localidad";2,092;88,358;5
3190;"71022050";"localidad";2,218;91,874;5
3196;"71022904";"localidad";2,074;87,839;5
3189;"71022906";"localidad";2,021;86,379;5
3186;"71022909";"localidad";2,176;90,688;5
3217;"71032003";"localidad";1,427;69,793;5
3236;"71032004";"localidad";2,082;88,083;5
3222;"71032007";"localidad";1,51;72,108;5
3221;"71032012";"localidad";1,693;77,205;5
3223;"71032013";"localidad";1,937;84,025;5
3240;"71032021";"localidad";2,119;89,108;5
3206;"71032022";"localidad";1,413;69,395;5
3209;"71032026";"localidad";1,432;69,913;5
3238;"71032027";"localidad";1,365;68,04;5
3219;"71032031";"localidad";1,549;73,182;5
3208;"71032039";"localidad";1,627;75,355;5
3207;"71032042";"localidad";1,117;61,118;4
3229;"71032048";"localidad";1,956;84,553;5
3230;"71032052";"localidad";1,489;71,505;5
3242;"71032055";"localidad";2,152;90,038;5
3233;"71032059";"localidad";1,755;78,939;5
3212;"71032059";"localidad";1,752;78,854;5
3235;"71032061";"localidad";2,089;88,27;5
3216;"71032061";"localidad";2,038;86,832;5
3215;"71032062";"localidad";1,698;77,341;5
3213;"71032906";"localidad";1,929;83,801;5
3134;"71042008";"localidad";1,75;78,814;5
3130;"71042012";"localidad";1,888;82,665;5
3112;"71052002";"localidad";1,086;60,254;4
3125;"71052004";"localidad";1,628;75,39;5
16756;"71052005";"localidad";0,888;54,744;4
41129;"71052005";"localidad";0,917;55,542;4
3126;"71052005";"localidad";0,852;53,725;4
3113;"71052005";"localidad";0,885;54,663;4
3115;"71052007";"localidad";1,072;59,864;4
3127;"71052007";"localidad";1,077;60,013;4
3122;"71052009";"localidad";1,259;65,09;4
3121;"71052010";"localidad";1,278;65,616;4
3124;"71052014";"localidad";1,713;77,764;5
3117;"71052017";"localidad";0,917;55,543;4
3118;"71052023";"localidad";1,139;61,729;4
3123;"71052024";"localidad";1,401;69,07;5
16744;"71052027";"localidad";1,038;58,936;4
3023;"71062005";"localidad";1,366;68,078;5
3022;"71062008";"localidad";1,939;84,074;5
3029;"71062009";"localidad";1,176;62,774;4
3030;"71062010";"localidad";1,818;80,704;5
3032;"71062018";"localidad";1,199;63,411;4
3019;"71062019";"localidad";0,995;57,722;4
3139;"71072001";"localidad";1,474;71,105;5
3146;"71072004";"localidad";1,998;85,732;5
3143;"71072024";"localidad";0,734;50,444;4
11333;"71072032";"localidad";1,971;84,971;5
3158;"71072047";"localidad";2,052;87,221;5
3140;"71072902";"localidad";1,817;80,663;5
3159;"71072904";"localidad";2,086;88,172;5
3034;"71082002";"localidad";1,256;65,018;4
3036;"71082006";"localidad";1,392;68,813;5
3047;"71082007";"localidad";1,399;68,999;5
3042;"71082008";"localidad";1,487;71,447;5
3038;"71082015";"localidad";1,987;85,426;5
3045;"71082018";"localidad";1,501;71,86;5
3051;"71082020";"localidad";1,798;80,153;5
3039;"71082022";"localidad";1,278;65,632;4
3048;"71082023";"localidad";1,63;75,438;5
3037;"71082026";"localidad";1,205;63,59;4
3073;"71092003";"localidad";1,65;76,007;5
3081;"71092004";"localidad";1,359;67,882;5
3068;"71092006";"localidad";1,254;64,965;4
3104;"71092008";"localidad";1,895;82,859;5
3093;"71092008";"localidad";1,879;82,407;5
3070;"71092009";"localidad";1,267;65,322;4
3077;"71092010";"localidad";1,801;80,233;5
3063;"71092011";"localidad";1,317;66,726;4
3082;"71092013";"localidad";1,334;67,191;5
3090;"71092017";"localidad";1,64;75,724;5
16694;"71092017";"localidad";1,641;75,757;5
16704;"71092021";"localidad";0,775;51,57;4
3079;"71092024";"localidad";1,342;67,409;5
3065;"71092032";"localidad";1,601;74,643;5
3092;"71092034";"localidad";2,092;88,354;5
3067;"71092035";"localidad";1,443;70,237;5
3059;"71092039";"localidad";1,368;68,141;5
3085;"71092041";"localidad";1,675;76,694;5
3062;"71092042";"localidad";1,456;70,585;5
3061;"71092044";"localidad";1,567;73,683;5
3096;"71092049";"localidad";1,071;59,847;4
3107;"71092054";"localidad";1,363;67,989;5
3086;"71092058";"localidad";1,756;78,961;5
3088;"71092058";"localidad";1,751;78,83;5
3084;"71092059";"localidad";1,59;74,342;5
3076;"71092901";"localidad";1,575;73,929;5
3069;"71092903";"localidad";0,948;56,41;4
3028;"71102003";"localidad";1,508;72,04;5
3026;"71102011";"localidad";1,394;68,864;5
3025;"71102012";"localidad";1,424;69,706;5
3020;"71102013";"localidad";1,318;66,742;4
3024;"71102014";"localidad";1,593;74,424;5
3602;"72012013";"localidad";2,179;90,789;5
3596;"72012013";"localidad";2,186;90,981;5
3586;"72012017";"localidad";1,95;84,386;5
3554;"72012019";"localidad";1,52;72,389;5
3588;"72012032";"localidad";1,304;66,348;4
3573;"72012034";"localidad";1,769;79,33;5
3601;"72012035";"localidad";1,775;79,505;5
3564;"72012038";"localidad";1,798;80,133;5
3580;"72012049";"localidad";1,945;84,26;5
3550;"72012053";"localidad";1,62;75,164;5
3552;"72012056";"localidad";1,665;76,415;5
3535;"72012068";"localidad";0,557;45,491;4
3569;"72012068";"localidad";0,554;45,413;4
3559;"72012069";"localidad";2,096;88,45;5
3555;"72012070";"localidad";1,653;76,085;5
3599;"72012074";"localidad";1,793;79,997;5
3583;"72012904";"localidad";1,827;80,952;5
3579;"72012904";"localidad";1,844;81,429;5
3623;"72022003";"localidad";1,653;76,097;5
3633;"72022003";"localidad";1,683;76,94;5
3630;"72022008";"localidad";1,812;80,535;5
3629;"72022009";"localidad";1,867;82,082;5
3631;"72022010";"localidad";1,898;82,947;5
3632;"72022015";"localidad";1,856;81,767;5
3625;"72022015";"localidad";1,84;81,304;5
3636;"72022019";"localidad";1,774;79,459;5
3622;"72022023";"localidad";1,535;72,79;5
3621;"72022028";"localidad";1,698;77,337;5
3626;"72022032";"localidad";1,806;80,377;5
3624;"72022903";"localidad";2,065;87,602;5
3612;"72032001";"localidad";1,95;84,393;5
3614;"72032002";"localidad";1,29;65,951;4
3611;"72032005";"localidad";1,162;62,39;4
3616;"72032023";"localidad";1,635;75,596;5
3615;"72032026";"localidad";1,952;84,448;5
4093;"72032027";"localidad";2,052;87,23;5
2771;"73012003";"localidad";1,297;66,163;4
2756;"73012005";"localidad";0,791;52,032;4
42048;"73012005";"localidad";0,818;52,772;4
2763;"73012005";"localidad";0,793;52,079;4
16747;"73012007";"localidad";0,761;51,202;4
16713;"73012008";"localidad";0,931;55,938;4
2762;"73012009";"localidad";0,881;54,538;4
2776;"73012011";"localidad";1,255;64,971;4
2764;"73012013";"localidad";1,05;59,247;4
16509;"73012014";"localidad";0,527;44,662;4
16452;"73012018";"localidad";1,912;83,32;5
2767;"73012020";"localidad";0,819;52,802;4
2780;"73012022";"localidad";1,105;60,791;4
2775;"73012025";"localidad";2,121;89,148;5
2754;"73012026";"localidad";1,847;81,505;5
2765;"73012026";"localidad";1,864;81,988;5
2766;"73012028";"localidad";1,04;58,983;4
2759;"73012032";"localidad";1,089;60,353;4
2758;"73012033";"localidad";1,263;65,211;4
2768;"73012035";"localidad";1,792;79,973;5
16630;"73012036";"localidad";0,258;37,146;4
2892;"73022002";"localidad";1,705;77,55;5
2893;"73022004";"localidad";2,079;87,979;5
2883;"73022009";"localidad";0,947;56,374;4
2895;"73022011";"localidad";1,799;80,159;5
2890;"73022013";"localidad";1,907;83,181;5
2884;"73022014";"localidad";1,3;66,241;4
2885;"73022015";"localidad";1,398;68,977;5
2888;"73022017";"localidad";2,08;88,026;5
2894;"73022018";"localidad";1,454;70,551;5
2901;"73032006";"localidad";1,845;81,446;5
2908;"73032012";"localidad";1,371;68,217;5
2850;"73042002";"localidad";1,855;81,726;5
2859;"73042003";"localidad";1,174;62,731;4
2851;"73042004";"localidad";1,325;66,943;5
2846;"73042005";"localidad";1,421;69,623;5
2860;"73042008";"localidad";1,184;63,002;4
16432;"73042010";"localidad";1,12;61,207;4
2843;"73042012";"localidad";0,93;55,915;4
2856;"73042015";"localidad";1,863;81,961;5
2861;"73042016";"localidad";1,613;74,965;5
2842;"73042019";"localidad";1,418;69,537;5
2858;"73042020";"localidad";1,532;72,723;5
2865;"73042031";"localidad";0,968;56,965;4
2854;"73042035";"localidad";1,034;58,8;4
2844;"73042038";"localidad";1,292;66,026;4
2848;"73042904";"localidad";1,204;63,562;4
2921;"73052003";"localidad";0,862;54,017;4
2928;"73052004";"localidad";1,988;85,447;5
2927;"73052005";"localidad";0,94;56,192;4
16551;"73052008";"localidad";1,566;73,676;5
2918;"73052010";"localidad";1,242;64,61;4
2920;"73052011";"localidad";1,6;74,625;5
2831;"73062005";"localidad";1,727;78,173;5
2832;"73062007";"localidad";1,792;79,988;5
2827;"73062010";"localidad";1,096;60,546;4
2830;"73062013";"localidad";1,366;68,069;5
2829;"73062021";"localidad";1,607;74,821;5
2825;"73062026";"localidad";1,006;58,018;4
2826;"73062029";"localidad";1,285;65,812;4
2874;"73072005";"localidad";2,099;88,554;5
2877;"73072008";"localidad";1,31;66,512;4
2871;"73072012";"localidad";0,612;47,025;4
2876;"73072013";"localidad";1,381;68,497;5
2873;"73072014";"localidad";0,917;55,547;4
16661;"73072014";"localidad";0,958;56,694;4
2875;"73072019";"localidad";1,355;67,786;5
2821;"73082001";"localidad";1,099;60,632;4
2796;"73082001";"localidad";1,137;61,697;4
2797;"73082011";"localidad";1,282;65,727;4
2804;"73082016";"localidad";1,396;68,932;5
2799;"73082017";"localidad";1,374;68,303;5
11352;"73082018";"localidad";1,52;72,389;5
2803;"73082019";"localidad";1,147;61,968;4
2809;"73082020";"localidad";1,265;65,271;4
2820;"73082021";"localidad";1,201;63,473;4
2800;"73082028";"localidad";1,388;68,701;5
2806;"73082030";"localidad";1,147;61,974;4
2814;"73082032";"localidad";1,043;59,06;4
2816;"73082035";"localidad";1,062;59,58;4
2802;"73082037";"localidad";1,288;65,896;4
2819;"73082038";"localidad";1,259;65,082;4
2805;"73082041";"localidad";1,293;66,051;4
2817;"73082903";"localidad";1,041;59,012;4
2815;"73082904";"localidad";2,085;88,157;5
2911;"73092002";"localidad";1,291;65,988;4
2879;"73092007";"localidad";1,884;82,54;5
2907;"73092011";"localidad";1,487;71,471;5
2910;"73092012";"localidad";1,126;61,377;4
2909;"73092019";"localidad";1,008;58,081;4
2914;"73092903";"localidad";1,477;71,186;5
3272;"74012007";"localidad";1,876;82,316;5
3282;"74012008";"localidad";2,1;88,574;5
3284;"74012012";"localidad";1,471;71,024;5
3273;"74012016";"localidad";1,336;67,235;5
11334;"74012017";"localidad";1,273;65,484;4
3285;"74012026";"localidad";1,349;67,618;5
3288;"74012027";"localidad";1,555;73,358;5
16492;"74012032";"localidad";1,065;59,668;4
3287;"74012033";"localidad";2,033;86,702;5
3263;"74012035";"localidad";1,248;64,796;4
3270;"74012038";"localidad";1,317;66,705;4
3277;"74012040";"localidad";1,779;79,615;5
3289;"74012045";"localidad";1,841;81,331;5
16510;"74012047";"localidad";0,921;55,667;4
3266;"74012047";"localidad";1,023;58,498;4
16708;"74012048";"localidad";1,214;63,84;4
3264;"74012050";"localidad";1,393;68,836;5
3286;"74012054";"localidad";1,683;76,937;5
3271;"74012902";"localidad";2,033;86,708;5
3330;"74022011";"localidad";1,428;69,801;5
3345;"74022015";"localidad";1,2;63,457;4
3329;"74022020";"localidad";1,288;65,891;4
3335;"74022022";"localidad";0,538;44,971;4
11344;"74022022";"localidad";0,63;47,541;4
3338;"74022023";"localidad";1,155;62,176;4
3337;"74022025";"localidad";1,261;65,141;4
3340;"74022029";"localidad";1,098;60,606;4
3334;"74022031";"localidad";1,057;59,45;4
3333;"74022032";"localidad";1,255;64,987;4
3332;"74022036";"localidad";1,044;59,082;4
3346;"74022039";"localidad";1,079;60,07;4
3364;"74032001";"localidad";1,681;76,869;5
3377;"74032005";"localidad";1,532;72,713;5
3373;"74032005";"localidad";1,547;73,146;5
3402;"74032006";"localidad";1,76;79,095;5
3367;"74032007";"localidad";1,47;70,975;5
3352;"74032008";"localidad";1,571;73,812;5
3376;"74032013";"localidad";1,684;76,968;5
3368;"74032015";"localidad";1,768;79,3;5
3382;"74032018";"localidad";1,543;73,021;5
3361;"74032018";"localidad";1,536;72,829;5
3371;"74032019";"localidad";1,499;71,804;5
3375;"74032020";"localidad";1,468;70,924;5
3356;"74032020";"localidad";1,254;64,957;4
3383;"74032020";"localidad";1,078;60,039;4
3381;"74032024";"localidad";1,476;71,143;5
3353;"74032033";"localidad";1,543;73,021;5
3358;"74032034";"localidad";1,126;61,371;4
3355;"74032037";"localidad";1,232;64,353;4
3365;"74032039";"localidad";1,502;71,885;5
3369;"74032043";"localidad";1,877;82,356;5
3366;"74032047";"localidad";1,52;72,37;5
3359;"74032049";"localidad";1,631;75,49;5
3354;"74032050";"localidad";1,436;70,046;5
3384;"74032056";"localidad";1,973;85,02;5
3378;"74032904";"localidad";2,182;90,854;5
3400;"74042010";"localidad";1,27;65,404;4
3418;"74042014";"localidad";2,097;88,491;5
16456;"74042025";"localidad";2,194;91,188;5
3419;"74042028";"localidad";1,637;75,646;5
3403;"74042039";"localidad";1,956;84,564;5
3404;"74042041";"localidad";1,427;69,774;5
3421;"74042052";"localidad";1,96;84,659;5
3401;"74042056";"localidad";1,418;69,535;5
3405;"74042057";"localidad";1,695;77,253;5
3415;"74042067";"localidad";1,575;73,921;5
3408;"74042067";"localidad";1,555;73,363;5
3420;"74042070";"localidad";2,094;88,4;5
3389;"74042072";"localidad";1,175;62,735;4
3413;"74042074";"localidad";1,423;69,682;5
3433;"74042904";"localidad";1,063;59,608;4
3429;"74042904";"localidad";1,136;61,654;4
3406;"74042906";"localidad";2,082;88,084;5
3442;"74052001";"localidad";1,407;69,216;5
3444;"74052005";"localidad";1,658;76,223;5
3458;"74052009";"localidad";1,913;83,351;5
3447;"74052012";"localidad";1,318;66,751;4
3452;"74052017";"localidad";1,949;84,362;5
41619;"74052022";"localidad";1,11;60,931;4
3460;"74052022";"localidad";1,111;60,969;4
3443;"74052022";"localidad";1,111;60,96;4
3454;"74052024";"localidad";1,382;68,541;5
3448;"74052024";"localidad";1,315;66,644;4
3457;"74052026";"localidad";1,798;80,147;5
3437;"74052030";"localidad";1,494;71,662;5
3445;"74052034";"localidad";1,364;68,034;5
3439;"74052036";"localidad";1,261;65,151;4
3449;"74052041";"localidad";1,845;81,459;5
3453;"74052043";"localidad";1,568;73,73;5
3450;"74052044";"localidad";1,549;73,186;5
3459;"74052044";"localidad";1,554;73,321;5
3440;"74052050";"localidad";1,514;72,206;5
3517;"74062001";"localidad";0,933;55,985;4
3526;"74062007";"localidad";1,922;83,592;5
3527;"74062007";"localidad";1,927;83,74;5
3488;"74062009";"localidad";1,84;81,307;5
3520;"74062019";"localidad";1,324;66,917;4
3528;"74062029";"localidad";1,677;76,764;5
3513;"74062030";"localidad";1,713;77,778;5
3523;"74062031";"localidad";1,558;73,452;5
3490;"74062031";"localidad";1,53;72,65;5
3502;"74062033";"localidad";1,532;72,703;5
3503;"74062033";"localidad";1,522;72,435;5
3489;"74062033";"localidad";1,518;72,321;5
3518;"74062036";"localidad";2,025;86,469;5
16625;"74062040";"localidad";0,835;53,246;4
3494;"74062040";"localidad";0,874;54,353;4
3524;"74062041";"localidad";1,815;80,621;5
3506;"74062044";"localidad";1,79;79,93;5
3495;"74062048";"localidad";1,101;60,681;4
3515;"74062049";"localidad";1,154;62,165;4
3497;"74062907";"localidad";1,791;79,959;5
3468;"74072007";"localidad";1,618;75,116;5
3470;"74072009";"localidad";1,293;66,051;4
3465;"74072014";"localidad";0,847;53,597;4
3466;"74072017";"localidad";0,917;55,544;4
3475;"74072020";"localidad";0,629;47,501;4
3319;"74072025";"localidad";0,954;56,582;4
3467;"74072028";"localidad";1,006;58,037;4
3464;"74072030";"localidad";1,136;61,657;4
3478;"74072037";"localidad";1,195;63,307;4
3463;"74072037";"localidad";1,193;63,254;4
3325;"74082003";"localidad";1,349;67,611;5
3318;"74082004";"localidad";1,413;69,383;5
3471;"74082006";"localidad";1,476;71,154;5
3322;"74082008";"localidad";1,154;62,149;4
3320;"74082013";"localidad";1,529;72,622;5
3265;"74082014";"localidad";1,129;61,458;4
3314;"74082019";"localidad";1,246;64,719;4
3317;"74082020";"localidad";1,302;66,304;4
3323;"74082023";"localidad";1,384;68,574;5
3321;"74082027";"localidad";1,041;59,015;4
3327;"74082030";"localidad";0,973;57,113;4
16739;"74082030";"localidad";1,065;59,67;4
4614;"81012001";"localidad";1,255;64,985;4
4622;"81012013";"localidad";1,198;63,386;4
4917;"81012018";"localidad";1,53;72,656;5
17749;"81012021";"localidad";1,063;59,63;4
5006;"81022005";"localidad";1,282;65,729;4
5003;"81022007";"localidad";1,117;61,14;4
5002;"81022011";"localidad";1,101;60,685;4
4875;"81042004";"localidad";1,827;80,941;5
4871;"81042012";"localidad";1,071;59,834;4
4887;"81042013";"localidad";1,848;81,525;5
4874;"81042024";"localidad";1,753;78,897;5
4892;"81042025";"localidad";2,094;88,395;5
4876;"81042028";"localidad";1,675;76,718;5
4889;"81042037";"localidad";1,646;75,911;5
4877;"81042039";"localidad";1,778;79,591;5
4879;"81042043";"localidad";1,49;71,533;5
4882;"81042045";"localidad";1,631;75,469;5
4873;"81042049";"localidad";1,715;77,834;5
4894;"81042050";"localidad";1,804;80,3;5
4890;"81042062";"localidad";1,556;73,394;5
4886;"81042909";"localidad";1,722;78,032;5
4918;"81052001";"localidad";1,489;71,515;5
4913;"81052005";"localidad";2,09;88,295;5
4911;"81052012";"localidad";2,053;87,253;5
4907;"81052018";"localidad";1,875;82,285;5
4915;"81052023";"localidad";1,701;77,444;5
4906;"81052026";"localidad";1,943;84,184;5
4912;"81052034";"localidad";1,566;73,677;5
4910;"81052036";"localidad";2,104;88,673;5
4903;"81052039";"localidad";1,849;81,562;5
18250;"81052040";"localidad";0,98;57,31;4
4908;"81052041";"localidad";1,343;67,437;5
4904;"81052043";"localidad";1,851;81,626;5
4921;"81052044";"localidad";1,662;76,353;5
4924;"81052048";"localidad";2,108;88,786;5
4909;"81052051";"localidad";1,286;65,846;4
4920;"81052053";"localidad";2,044;86,997;5
4901;"81052906";"localidad";1,888;82,665;5
4923;"81052907";"localidad";2,1;88,58;5
4817;"81072014";"localidad";1,624;75,272;5
5097;"81092003";"localidad";1,877;82,359;5
4933;"81092003";"localidad";1,864;81,998;5
4943;"81092004";"localidad";1,678;76,801;5
11419;"81092007";"localidad";1,765;79,214;5
4940;"81092010";"localidad";1,654;76,117;5
11676;"81092010";"localidad";1,664;76,412;5
4929;"81092011";"localidad";1,833;81,118;5
4946;"81092013";"localidad";1,649;75,984;5
4932;"81092024";"localidad";1,779;79,619;5
4936;"81092026";"localidad";1,803;80,287;5
11418;"81092026";"localidad";1,816;80,631;5
18189;"81092027";"localidad";1,23;64,279;4
4942;"81092030";"localidad";1,846;81,473;5
4927;"81092901";"localidad";1,703;77,5;5
4930;"81092903";"localidad";2,224;92,03;5
4758;"81102004";"localidad";0,778;51,665;4
4858;"81112008";"localidad";1,716;77,855;5
17711;"81112014";"localidad";1,673;76,652;5
11395;"81112020";"localidad";1,721;78,003;5
4852;"81112022";"localidad";0,935;56,04;4
4844;"81112025";"localidad";1,635;75,587;5
4855;"81112026";"localidad";1,666;76,463;5
4861;"81112037";"localidad";1,783;79,731;5
4848;"81112038";"localidad";1,557;73,405;5
4854;"81112039";"localidad";1,753;78,879;5
17710;"81112045";"localidad";1,489;71,515;5
4859;"81112901";"localidad";2,314;94,538;5
4851;"81112902";"localidad";2,121;89,156;5
18152;"82012001";"localidad";1,475;71,128;5
5035;"82012011";"localidad";1,87;82,165;5
5036;"82012025";"localidad";1,841;81,349;5
5040;"82012030";"localidad";2,019;86,309;5
5062;"82022002";"localidad";2,126;89,301;5
5066;"82022006";"localidad";2,096;88,456;5
5078;"82022007";"localidad";1,541;72,958;5
5064;"82022011";"localidad";2,103;88,665;5
12064;"82022013";"localidad";2,131;89,433;5
5056;"82022014";"localidad";1,228;64,227;4
5070;"82022019";"localidad";1,865;82,01;5
5057;"82022020";"localidad";1,099;60,632;4
5060;"82022022";"localidad";1,876;82,31;5
5072;"82022026";"localidad";1,662;76,344;5
5053;"82022028";"localidad";1,505;71,957;5
5068;"82022030";"localidad";2,047;87,104;5
5069;"82022030";"localidad";2,054;87,3;5
5081;"82022032";"localidad";1,977;85,134;5
5065;"82022032";"localidad";1,975;85,091;5
5067;"82022033";"localidad";1,92;83,56;5
5073;"82022035";"localidad";1,037;58,889;4
5080;"82022902";"localidad";1,209;63,71;4
5059;"82022903";"localidad";1,984;85,332;5
5180;"82032002";"localidad";2,045;87,051;5
5132;"82032009";"localidad";1,311;66,546;4
17763;"82032011";"localidad";1,649;75,975;5
5152;"82032015";"localidad";1,361;67,944;5
5182;"82032017";"localidad";1,648;75,959;5
5172;"82032017";"localidad";1,64;75,721;5
5157;"82032019";"localidad";1,547;73,126;5
12002;"82032019";"localidad";1,548;73,164;5
5143;"82032020";"localidad";0,969;57,008;4
5178;"82032023";"localidad";1,84;81,323;5
18004;"82032024";"localidad";0,765;51,298;4
5158;"82032025";"localidad";1,597;74,533;5
5183;"82032028";"localidad";1,736;78,398;5
5133;"82032029";"localidad";1,742;78,59;5
5135;"82032031";"localidad";1,734;78,358;5
5123;"82032032";"localidad";1,554;73,334;5
5140;"82032033";"localidad";1,517;72,31;5
5160;"82032035";"localidad";1,787;79,831;5
5145;"82032036";"localidad";1,563;73,582;5
5151;"82032045";"localidad";1,315;66,653;4
5147;"82032045";"localidad";1,339;67,331;5
5166;"82042002";"localidad";1,338;67,295;5
5167;"82042003";"localidad";2,041;86,932;5
5168;"82042009";"localidad";0,549;45,282;4
5181;"82042012";"localidad";1,307;66,446;4
11399;"82042013";"localidad";1,379;68,442;5
5175;"82042013";"localidad";1,359;67,899;5
5163;"82042015";"localidad";2,164;90,358;5
5165;"82042017";"localidad";2,072;87,783;5
5159;"82042018";"localidad";1,754;78,921;5
5162;"82042019";"localidad";1,89;82,72;5
5170;"82042020";"localidad";1,696;77,3;5
5189;"82042029";"localidad";1,623;75,246;5
5535;"82042029";"localidad";1,647;75,93;5
5169;"82042033";"localidad";1,798;80,141;5
5188;"82042902";"localidad";1,642;75,79;5
5174;"82042904";"localidad";1,797;80,12;5
5186;"82042905";"localidad";1,961;84,7;5
5176;"82042906";"localidad";2,026;86,5;5
11425;"82052002";"localidad";1,842;81,361;5
5103;"82052003";"localidad";1,581;74,093;5
5100;"82052016";"localidad";1,413;69,382;5
12004;"82052023";"localidad";1,417;69,511;5
5101;"82052026";"localidad";1,016;58,315;4
5099;"82052027";"localidad";2,134;89,526;5
5117;"82062010";"localidad";1,462;70,774;5
5119;"82062011";"localidad";1,566;73,664;5
5114;"82062015";"localidad";1,776;79,527;5
5116;"82062016";"localidad";1,424;69,691;5
5115;"82062018";"localidad";2,124;89,23;5
5203;"82072001";"localidad";1,936;84,004;5
5197;"82072006";"localidad";1,654;76,121;5
17762;"82072006";"localidad";1,655;76,155;5
5208;"82072007";"localidad";1,857;81,799;5
5210;"82072007";"localidad";1,857;81,777;5
5195;"82072008";"localidad";1,969;84,903;5
5201;"82072012";"localidad";1,595;74,461;5
5198;"82072022";"localidad";1,668;76,512;5
5200;"82072022";"localidad";1,661;76,317;5
5204;"82072023";"localidad";2,033;86,696;5
5207;"82072030";"localidad";1,685;76,994;5
5196;"82072031";"localidad";1,605;74,76;5
5214;"82072032";"localidad";1,464;70,816;5
5205;"82072033";"localidad";2,077;87,937;5
5193;"82072034";"localidad";1,18;62,881;4
11714;"82072037";"localidad";1,639;75,712;5
5211;"82072037";"localidad";1,637;75,642;5
5202;"82072038";"localidad";1,687;77,048;5
5213;"82072040";"localidad";1,061;59,569;4
5192;"82072041";"localidad";1,679;76,812;5
5212;"82072902";"localidad";1,785;79,778;5
17877;"83012004";"localidad";0,776;51,619;4
4216;"83012007";"localidad";1,371;68,227;5
4199;"83012007";"localidad";1,397;68,941;5
4191;"83012008";"localidad";1,161;62,37;4
4277;"83012008";"localidad";1,213;63,812;4
4210;"83012010";"localidad";1,478;71,199;5
4387;"83012011";"localidad";1,267;65,32;4
4235;"83012013";"localidad";1,271;65,436;4
4287;"83012018";"localidad";1,339;67,325;5
4205;"83012021";"localidad";1,289;65,939;4
4280;"83012026";"localidad";1,444;70,26;5
4241;"83012027";"localidad";1,339;67,315;5
4212;"83012029";"localidad";1,205;63,585;4
4195;"83012032";"localidad";1,526;72,538;5
4348;"83012032";"localidad";1,546;73,119;5
16899;"83012035";"localidad";0,958;56,699;4
4202;"83012038";"localidad";1,656;76,185;5
4228;"83012038";"localidad";1,652;76,055;5
4239;"83012038";"localidad";1,647;75,939;5
18249;"83012039";"localidad";0,885;54,647;4
18050;"83012039";"localidad";0,917;55,534;4
4231;"83012043";"localidad";1,483;71,344;5
11408;"83012044";"localidad";0,986;57,464;4
17745;"83012045";"localidad";0,93;55,904;4
18051;"83012045";"localidad";0,97;57,031;4
4207;"83012048";"localidad";1,574;73,877;5
4197;"83012049";"localidad";1,313;66,593;4
4194;"83012050";"localidad";1,733;78,331;5
4193;"83012050";"localidad";1,712;77,75;5
4255;"83012055";"localidad";1,258;65,055;4
4221;"83012059";"localidad";1,221;64,027;4
18090;"83012060";"localidad";1,323;66,887;4
4200;"83012066";"localidad";0,889;54,771;4
4275;"83012066";"localidad";1,248;64,775;4
4281;"83012902";"localidad";1,22;64,008;4
4327;"83022008";"localidad";1,692;77,177;5
4330;"83022010";"localidad";1,635;75,58;5
4328;"83022015";"localidad";1,519;72,365;5
4290;"83032008";"localidad";1,111;60,948;4
4299;"83032009";"localidad";1,125;61,346;4
4297;"83032011";"localidad";1,576;73,948;5
4302;"83032012";"localidad";1,726;78,128;5
4306;"83032019";"localidad";1,559;73,465;5
18187;"83032026";"localidad";1,345;67,49;5
4300;"83032034";"localidad";1,419;69,562;5
4303;"83032037";"localidad";1,458;70,641;5
4295;"83032048";"localidad";1,365;68,049;5
4304;"83032052";"localidad";1,762;79,13;5
4292;"83032053";"localidad";1,224;64,109;4
4298;"83032903";"localidad";1,831;81,059;5
4305;"83032904";"localidad";1,242;64,616;4
4022;"83032905";"localidad";1,699;77,377;5
4495;"83042006";"localidad";1,41;69,302;5
4484;"83042010";"localidad";1,582;74,098;5
4486;"83042014";"localidad";1,524;72,487;5
4254;"83042025";"localidad";1,334;67,178;5
4491;"83042027";"localidad";1,687;77,046;5
12037;"83042030";"localidad";0,659;48,351;4
4494;"83042031";"localidad";1,34;67,368;5
4485;"83042035";"localidad";1,561;73,528;5
4437;"83052004";"localidad";1,794;80,035;5
4419;"83052005";"localidad";1,402;69,08;5
4426;"83052019";"localidad";1,916;83,449;5
4432;"83052021";"localidad";2,083;88,092;5
4417;"83052031";"localidad";1,772;79,424;5
4445;"83052034";"localidad";1,49;71,546;5
4414;"83052037";"localidad";1,623;75,266;5
4441;"83052043";"localidad";1,706;77,582;5
4421;"83052044";"localidad";1,847;81,511;5
4433;"83052047";"localidad";1,819;80,728;5
17715;"83052901";"localidad";1,64;75,732;5
18213;"83052905";"localidad";1,276;65,579;4
4412;"83052907";"localidad";1,772;79,418;5
4436;"83052909";"localidad";1,728;78,185;5
4435;"83052913";"localidad";1,791;79,947;5
4466;"83062005";"localidad";2,12;89,139;5
4459;"83062007";"localidad";1,957;84,591;5
4471;"83062008";"localidad";1,675;76,71;5
4462;"83062008";"localidad";1,677;76,75;5
4456;"83062008";"localidad";1,681;76,888;5
4480;"83062017";"localidad";1,707;77,593;5
4469;"83062017";"localidad";1,904;83,09;5
17655;"83062017";"localidad";1,754;78,901;5
4474;"83062024";"localidad";1,592;74,39;5
4479;"83062025";"localidad";1,893;82,786;5
4476;"83062027";"localidad";1,91;83,271;5
4478;"83062029";"localidad";1,851;81,611;5
4470;"83062030";"localidad";1,558;73,447;5
4472;"83062034";"localidad";1,768;79,302;5
4467;"83062901";"localidad";1,628;75,388;5
4460;"83062904";"localidad";2,1;88,561;5
18113;"83072016";"localidad";1,384;68,582;5
4447;"83072017";"localidad";1,418;69,539;5
17798;"83072018";"localidad";1,411;69,344;5
4449;"83072020";"localidad";1,448;70,369;5
4398;"83082002";"localidad";1,778;79,592;5
4396;"83082004";"localidad";1,557;73,418;5
4395;"83082009";"localidad";1,474;71,085;5
4402;"83082010";"localidad";1,596;74,513;5
4393;"83082018";"localidad";1,131;61,533;4
4397;"83082903";"localidad";2,087;88,206;5
4338;"83092002";"localidad";2,047;87,091;5
4340;"83092003";"localidad";1,73;78,255;5
4339;"83092005";"localidad";1,8;80,188;5
4337;"83092012";"localidad";1,907;83,183;5
4347;"83092017";"localidad";1,184;62,986;4
4342;"83092025";"localidad";1,969;84,922;5
17764;"83092033";"localidad";0,466;42,949;4
4335;"83092034";"localidad";1,937;84,033;5
4341;"83092035";"localidad";1,69;77,135;5
4350;"83092901";"localidad";1,544;73,052;5
4349;"83092904";"localidad";1,907;83,174;5
4351;"83092906";"localidad";1,951;84,411;5
4345;"83092954";"localidad";1,788;79,863;5
4503;"83102002";"localidad";1,582;74,1;5
4502;"83102012";"localidad";1,499;71,804;5
4391;"83112007";"localidad";1,875;82,303;5
4355;"83112008";"localidad";1,919;83,528;5
4356;"83112013";"localidad";1,56;73,503;5
4358;"83112014";"localidad";1,386;68,653;5
12059;"83112016";"localidad";1,554;73,332;5
4368;"83112018";"localidad";1,91;83,269;5
4359;"83112019";"localidad";1,468;70,931;5
4372;"83112021";"localidad";2,059;87,415;5
4365;"83112022";"localidad";1,691;77,168;5
4357;"83112026";"localidad";1,758;79,035;5
4361;"83112901";"localidad";1,971;84,97;5
4323;"83122005";"localidad";1,92;83,553;5
18192;"83122006";"localidad";1,429;69,826;5
4320;"83122008";"localidad";2,133;89,489;5
4321;"83122009";"localidad";1,848;81,534;5
4312;"83122018";"localidad";1,138;61,715;4
4317;"83122020";"localidad";1,598;74,559;5
4314;"83122906";"localidad";2,146;89,871;5
4510;"83132006";"localidad";1,352;67,683;5
4527;"83132010";"localidad";1,52;72,371;5
4512;"83132030";"localidad";1,031;58,728;4
4514;"83132067";"localidad";0,817;52,744;4
4513;"83132081";"localidad";1,383;68,549;5
4354;"83142001";"localidad";1,009;58,116;4
18037;"83142001";"localidad";1,009;58,1;4
4379;"83142002";"localidad";1,403;69,105;5
11674;"83142003";"localidad";2,01;86,074;5
4386;"83142006";"localidad";1,948;84,334;5
4384;"83142011";"localidad";1,942;84,167;5
4375;"83142012";"localidad";1,947;84,3;5
4389;"83142015";"localidad";1,987;85,425;5
11739;"83142015";"localidad";1,996;85,662;5
4374;"83142903";"localidad";1,927;83,748;5
5645;"91012002";"localidad";1,324;66,922;5
5796;"91012003";"localidad";1,339;67,32;5
5636;"91012004";"localidad";0,902;55,136;4
5745;"91012004";"localidad";0,506;44,07;4
6750;"91012013";"localidad";1,382;68,538;5
5647;"91012015";"localidad";1,76;79,071;5
5633;"91012016";"localidad";1,662;76,338;5
5773;"91012021";"localidad";1,26;65,109;4
5751;"91012023";"localidad";1,69;77,114;5
5734;"91012031";"localidad";1,277;65,593;4
5785;"91012033";"localidad";1,893;82,807;5
5760;"91012039";"localidad";1,714;77,798;5
5630;"91012040";"localidad";0,901;55,084;4
5783;"91012041";"localidad";1,377;68,383;5
5632;"91012042";"localidad";1,231;64,303;4
5765;"91012046";"localidad";1,486;71,429;5
5629;"91012054";"localidad";0,771;51,466;4
5756;"91012057";"localidad";0,889;54,772;4
5759;"91012058";"localidad";1,561;73,514;5
5690;"91012062";"localidad";1,114;61,051;4
5644;"91012067";"localidad";1,45;70,431;5
5640;"91012068";"localidad";1,496;71,714;5
5637;"91012068";"localidad";1,525;72,514;5
5790;"91012070";"localidad";1,261;65,142;4
6546;"91022001";"localidad";2,145;89,835;5
6528;"91022003";"localidad";1,754;78,91;5
6550;"91022003";"localidad";1,764;79,181;5
6521;"91022006";"localidad";2,09;88,292;5
6515;"91022009";"localidad";1,631;75,47;5
6577;"91022009";"localidad";1,619;75,138;5
6564;"91022009";"localidad";1,579;74,041;5
6572;"91022010";"localidad";1,473;71,066;5
6560;"91022011";"localidad";1,334;67,177;5
6545;"91022012";"localidad";2,294;93,983;5
6578;"91022012";"localidad";2,289;93,842;5
6523;"91022013";"localidad";1,784;79,749;5
6539;"91022014";"localidad";1,737;78,452;5
19928;"91022014";"localidad";1,724;78,066;5
16962;"91022015";"localidad";1,011;58,156;4
6569;"91022017";"localidad";1,775;79,497;5
6524;"91022018";"localidad";1,572;73,827;5
42200;"91022019";"localidad";1,641;75,77;5
6540;"91022019";"localidad";1,567;73,684;5
6508;"91022021";"localidad";1,987;85,408;5
6506;"91022021";"localidad";1,963;84,745;5
6518;"91022023";"localidad";2,022;86,398;5
20088;"91022023";"localidad";2,036;86,801;5
19949;"91022024";"localidad";1,62;75,167;5
20248;"91022024";"localidad";1,605;74,751;5
6526;"91022024";"localidad";1,615;75,027;5
6555;"91022024";"localidad";1,554;73,326;5
6512;"91022026";"localidad";2,102;88,618;5
6529;"91022027";"localidad";1,862;81,936;5
6549;"91022027";"localidad";1,815;80,616;5
6552;"91022031";"localidad";1,414;69,422;5
20259;"91022031";"localidad";1,429;69,838;5
6547;"91022032";"localidad";1,818;80,697;5
20144;"91022036";"localidad";1,99;85,505;5
6576;"91022036";"localidad";1,994;85,622;5
6553;"91022036";"localidad";2,004;85,907;5
6562;"91022037";"localidad";1,787;79,834;5
6502;"91022040";"localidad";0,787;51,919;4
6510;"91022041";"localidad";1,809;80,462;5
6575;"91022041";"localidad";1,783;79,723;5
6580;"91022042";"localidad";1,533;72,751;5
6570;"91022042";"localidad";1,515;72,237;5
6522;"91022044";"localidad";1,72;77,963;5
19919;"91022045";"localidad";1,445;70,285;5
20026;"91022047";"localidad";1,491;71,573;5
6583;"91022048";"localidad";1,784;79,743;5
20027;"91022053";"localidad";1,777;79,543;5
20145;"91022053";"localidad";1,803;80,293;5
6566;"91022054";"localidad";1,389;68,714;5
6504;"91022055";"localidad";1,302;66,294;4
6003;"91032002";"localidad";2,15;89,978;5
6006;"91032003";"localidad";1,946;84,281;5
5999;"91032005";"localidad";1,472;71,047;5
6005;"91032007";"localidad";1,437;70,049;5
6015;"91032013";"localidad";1,963;84,74;5
5977;"91032019";"localidad";1,869;82,138;5
5973;"91032020";"localidad";1,775;79,495;5
5981;"91032020";"localidad";1,723;78,061;5
5970;"91032022";"localidad";1,666;76,462;5
5987;"91032026";"localidad";1,672;76,614;5
5960;"91032034";"localidad";1,286;65,849;4
5995;"91032036";"localidad";1,561;73,528;5
5980;"91032036";"localidad";1,579;74,022;5
5990;"91032036";"localidad";1,568;73,73;5
5985;"91032037";"localidad";1,831;81,062;5
5984;"91032046";"localidad";1,552;73,263;5
5964;"91032902";"localidad";1,969;84,919;5
5998;"91032907";"localidad";1,96;84,667;5
6032;"91042001";"localidad";1,727;78,17;5
6042;"91042001";"localidad";1,714;77,787;5
6031;"91042002";"localidad";1,626;75,344;5
6043;"91042002";"localidad";1,626;75,349;5
6039;"91042002";"localidad";1,627;75,374;5
6027;"91042003";"localidad";1,345;67,491;5
6045;"91042003";"localidad";1,524;72,485;5
6041;"91042004";"localidad";1,571;73,816;5
6151;"91042005";"localidad";1,889;82,687;5
6048;"91042005";"localidad";1,907;83,181;5
6044;"91042005";"localidad";1,889;82,673;5
6036;"91042007";"localidad";1,845;81,45;5
6037;"91042008";"localidad";1,784;79,757;5
6030;"91042010";"localidad";1,873;82,238;5
6046;"91042011";"localidad";1,964;84,772;5
6029;"91042011";"localidad";1,975;85,077;5
6040;"91042012";"localidad";1,825;80,898;5
6183;"91052001";"localidad";1,673;76,641;5
6198;"91052004";"localidad";1,49;71,545;5
6204;"91052008";"localidad";1,49;71,555;5
20084;"91052008";"localidad";1,499;71,805;5
6206;"91052009";"localidad";1,626;75,326;5
6181;"91052010";"localidad";1,67;76,566;5
11471;"91052011";"localidad";1,687;77,032;5
6179;"91052014";"localidad";1,707;77,611;5
6170;"91052014";"localidad";1,708;77,619;5
6205;"91052016";"localidad";1,317;66,708;4
6221;"91052018";"localidad";2,014;86,164;5
6219;"91052020";"localidad";1,363;67,995;5
6211;"91052020";"localidad";1,31;66,505;4
6220;"91052022";"localidad";1,786;79,814;5
6207;"91052022";"localidad";1,788;79,86;5
6177;"91052025";"localidad";1,441;70,168;5
6216;"91052025";"localidad";1,397;68,96;5
6208;"91052027";"localidad";1,521;72,409;5
6210;"91052029";"localidad";1,587;74,263;5
6178;"91052032";"localidad";1,75;78,808;5
6166;"91052034";"localidad";1,502;71,872;5
6173;"91052036";"localidad";1,617;75,094;5
6180;"91052037";"localidad";1,319;66,771;4
20205;"91052039";"localidad";1,951;84,423;5
6175;"91052041";"localidad";1,458;70,643;5
6192;"91052044";"localidad";1,848;81,533;5
6222;"91052902";"localidad";1,917;83,477;5
6712;"91062001";"localidad";1,629;75,435;5
6736;"91062002";"localidad";1,824;80,877;5
6721;"91062003";"localidad";1,784;79,748;5
6678;"91062004";"localidad";1,733;78,331;5
6725;"91062004";"localidad";1,726;78,132;5
20117;"91062005";"localidad";1,705;77,548;5
6726;"91062010";"localidad";1,418;69,533;5
6718;"91062012";"localidad";1,65;75,997;5
6734;"91062014";"localidad";1,687;77,046;5
20200;"91062015";"localidad";1,209;63,703;4
6719;"91062016";"localidad";1,82;80,749;5
20029;"91062017";"localidad";1,732;78,307;5
6714;"91062019";"localidad";1,722;78,03;5
6711;"91062021";"localidad";1,78;79,63;5
6739;"91062023";"localidad";1,784;79,738;5
16794;"91062024";"localidad";1,521;72,412;5
6731;"91062029";"localidad";1,796;80,077;5
16941;"91062030";"localidad";1,289;65,938;4
6732;"91062032";"localidad";1,893;82,799;5
6722;"91062035";"localidad";1,833;81,107;5
6710;"91062037";"localidad";1,624;75,282;5
6743;"91062038";"localidad";1,459;70,668;5
6738;"91062039";"localidad";1,819;80,727;5
20018;"91062039";"localidad";1,84;81,328;5
6745;"91062039";"localidad";1,839;81,287;5
6747;"91062039";"localidad";1,826;80,936;5
6748;"91062039";"localidad";1,823;80,843;5
5480;"91062042";"localidad";1,868;82,089;5
6715;"91062043";"localidad";1,9;82,981;5
6728;"91062045";"localidad";1,801;80,223;5
6735;"91062901";"localidad";1,805;80,324;5
6716;"91062903";"localidad";1,935;83,954;5
6283;"91072006";"localidad";1,823;80,842;5
6289;"91072014";"localidad";2,01;86,051;5
6280;"91072016";"localidad";1,812;80,531;5
6276;"91072016";"localidad";1,822;80,805;5
6279;"91072026";"localidad";1,74;78,529;5
6290;"91072030";"localidad";1,953;84,468;5
6282;"91072032";"localidad";2,052;87,243;5
6272;"91072033";"localidad";0,739;50,58;4
6281;"91072904";"localidad";1,824;80,86;5
5832;"91082001";"localidad";1,508;72,054;5
5869;"91082002";"localidad";1,501;71,839;5
5833;"91082004";"localidad";1,503;71,892;5
5876;"91082004";"localidad";1,517;72,284;5
5844;"91082007";"localidad";1,481;71,294;5
5854;"91082007";"localidad";1,521;72,396;5
5851;"91082008";"localidad";1,847;81,518;5
5835;"91082009";"localidad";1,56;73,486;5
5651;"91082010";"localidad";1,789;79,881;5
5846;"91082016";"localidad";1,622;75,221;5
5875;"91082016";"localidad";1,6;74,603;5
5873;"91082016";"localidad";1,518;72,321;5
5847;"91082016";"localidad";1,645;75,878;5
5837;"91082016";"localidad";1,62;75,168;5
5838;"91082021";"localidad";1,882;82,499;5
5852;"91082025";"localidad";1,557;73,405;5
5857;"91082030";"localidad";1,312;66,576;4
5834;"91082031";"localidad";1,67;76,555;5
20256;"91082032";"localidad";1,552;73,265;5
20206;"91082032";"localidad";1,48;71,253;5
20247;"91082032";"localidad";1,524;72,494;5
5868;"91082034";"localidad";1,526;72,554;5
5871;"91082036";"localidad";1,457;70,615;5
5855;"91082037";"localidad";1,552;73,264;5
20196;"91082039";"localidad";1,067;59,736;4
5849;"91082041";"localidad";1,198;63,394;4
5878;"91082049";"localidad";1,685;76,977;5
5850;"91082051";"localidad";1,893;82,792;5
6315;"91092005";"localidad";2,068;87,679;5
6343;"91092007";"localidad";1,679;76,814;5
6322;"91092008";"localidad";1,665;76,427;5
6325;"91092012";"localidad";1,575;73,927;5
6345;"91092016";"localidad";1,739;78,493;5
6305;"91092022";"localidad";0,805;52,423;4
6344;"91092026";"localidad";1,727;78,155;5
6327;"91092030";"localidad";1,821;80,774;5
6319;"91092032";"localidad";1,977;85,133;5
6123;"91092034";"localidad";1,528;72,613;5
6332;"91092036";"localidad";1,843;81,404;5
6323;"91092038";"localidad";1,402;69,077;5
20179;"91092041";"localidad";1,606;74,77;5
6347;"91092044";"localidad";1,615;75,026;5
6329;"91092048";"localidad";1,722;78,034;5
6025;"91102002";"localidad";1,851;81,632;5
6012;"91102005";"localidad";1,689;77,101;5
6011;"91102008";"localidad";1,78;79,629;5
6024;"91102010";"localidad";1,635;75,601;5
6017;"91102011";"localidad";2,066;87,634;5
6021;"91102011";"localidad";2,05;87,188;5
6009;"91102013";"localidad";2,081;88,033;5
6023;"91102015";"localidad";1,556;73,399;5
6019;"91102015";"localidad";1,514;72,219;5
6214;"91112001";"localidad";1,664;76,39;5
20010;"91112004";"localidad";1,545;73,074;5
6701;"91112005";"localidad";1,722;78,028;5
19911;"91112007";"localidad";1,7;77,394;5
6652;"91112009";"localidad";1,53;72,661;5
6602;"91112011";"localidad";1,428;69,824;5
6623;"91112016";"localidad";1,391;68,786;5
6611;"91112017";"localidad";1,73;78,245;5
6608;"91112021";"localidad";1,776;79,517;5
6633;"91112025";"localidad";1,032;58,768;4
20257;"91112028";"localidad";1,281;65,72;4
19953;"91112028";"localidad";1,155;62,183;4
20208;"91112029";"localidad";1,544;73,052;5
6625;"91112031";"localidad";1,678;76,788;5
6628;"91112032";"localidad";1,41;69,314;5
11528;"91112036";"localidad";1,574;73,896;5
6690;"91112038";"localidad";1,558;73,437;5
6600;"91112041";"localidad";1,732;78,305;5
6686;"91112050";"localidad";1,674;76,67;5
6674;"91112050";"localidad";1,661;76,317;5
6639;"91112050";"localidad";1,675;76,711;5
11527;"91112053";"localidad";0,81;52,553;4
6605;"91112055";"localidad";1,833;81,117;5
6567;"91112057";"localidad";1,761;79,107;5
6662;"91112062";"localidad";1,545;73,069;5
6684;"91112062";"localidad";1,561;73,521;5
6654;"91112065";"localidad";1,392;68,801;5
6593;"91112065";"localidad";1,384;68,588;5
20054;"91112067";"localidad";1,684;76,95;5
6695;"91112071";"localidad";1,441;70,186;5
6688;"91112071";"localidad";1,38;68,459;5
6667;"91112071";"localidad";1,417;69,508;5
20222;"91112078";"localidad";1,812;80,538;5
6666;"91112081";"localidad";0,434;42,067;4
6656;"91112904";"localidad";1,741;78,539;5
6673;"91112904";"localidad";1,736;78,42;5
20279;"91122008";"localidad";1,071;59,848;4
5766;"91122009";"localidad";1,438;70,091;5
5648;"91122010";"localidad";1,272;65,454;4
5646;"91122011";"localidad";1,353;67,729;5
5731;"91122016";"localidad";1,378;68,405;5
5638;"91122017";"localidad";1,091;60,392;4
5737;"91122018";"localidad";1,175;62,753;4
5781;"91122020";"localidad";1,562;73,548;5
5770;"91122021";"localidad";1,265;65,257;4
5774;"91122021";"localidad";1,28;65,678;4
5754;"91122022";"localidad";1,416;69,473;5
5634;"91122025";"localidad";1,284;65,783;4
6168;"91122027";"localidad";1,299;66,206;4
5799;"91122029";"localidad";1,216;63,896;4
5791;"91122032";"localidad";1,272;65,443;4
20195;"91122034";"localidad";1,038;58,937;4
5803;"91122035";"localidad";1,385;68,617;5
5627;"91122037";"localidad";1,443;70,222;5
42091;"91122038";"localidad";0,926;55,806;4
5631;"91122039";"localidad";1,04;58,976;4
5767;"91122043";"localidad";1,425;69,731;5
5779;"91122043";"localidad";1,377;68,393;5
5763;"91122044";"localidad";1,183;62,971;4
5753;"91122046";"localidad";1,501;71,851;5
5784;"91122047";"localidad";1,227;64,21;4
19934;"91122051";"localidad";1,416;69,47;5
5624;"91122053";"localidad";0,971;57,05;4
5778;"91122054";"localidad";1,435;70,02;5
5793;"91122056";"localidad";1,427;69,776;5
5764;"91122058";"localidad";1,327;67,004;5
5732;"91122058";"localidad";1,322;66,844;4
5800;"91122059";"localidad";1,047;59,185;4
5748;"91122061";"localidad";1,351;67,654;5
40095;"91122064";"localidad";1,394;68,861;5
5649;"91122065";"localidad";1,295;66,102;4
5750;"91122067";"localidad";1,205;63,576;4
5740;"91122068";"localidad";1,26;65,128;4
5761;"91122069";"localidad";1,479;71,225;5
5798;"91122070";"localidad";1,221;64,027;4
20193;"91122070";"localidad";1,237;64,479;4
20067;"91122072";"localidad";1,142;61,84;4
5768;"91122072";"localidad";1,175;62,739;4
5806;"91122076";"localidad";1,512;72,168;5
5801;"91122079";"localidad";1,205;63,587;4
20297;"91122091";"localidad";1,524;72,481;5
5752;"91122095";"localidad";1,111;60,964;4
5730;"91122099";"localidad";1,264;65,241;4
5794;"91122099";"localidad";1,264;65,236;4
20127;"91122099";"localidad";1,262;65,177;4
6200;"91122099";"localidad";1,282;65,74;4
5797;"91122100";"localidad";1,499;71,792;5
20282;"91122104";"localidad";1,347;67,544;5
5635;"91122107";"localidad";1,287;65,873;4
5720;"91122109";"localidad";1,031;58,731;4
5625;"91122109";"localidad";1,006;58,026;4
5623;"91122111";"localidad";1,247;64,771;4
20113;"91132003";"localidad";1,732;78,286;5
5885;"91132009";"localidad";1,586;74,21;5
5888;"91132011";"localidad";1,468;70,94;5
5893;"91132012";"localidad";1,615;75,035;5
5894;"91132013";"localidad";1,612;74,94;5
20164;"91132902";"localidad";1,194;63,289;4
6248;"91142006";"localidad";1,611;74,921;5
6245;"91142009";"localidad";1,655;76,157;5
6244;"91142010";"localidad";1,551;73,235;5
6251;"91142011";"localidad";1,943;84,199;5
6230;"91142012";"localidad";1,181;62,912;4
6268;"91142014";"localidad";1,732;78,287;5
6231;"91142019";"localidad";1,285;65,832;4
6262;"91142020";"localidad";1,629;75,418;5
42092;"91142022";"localidad";1,291;65,975;4
16970;"91142022";"localidad";0,933;55,985;4
6237;"91142023";"localidad";1,632;75,513;5
6263;"91142025";"localidad";1,676;76,737;5
6267;"91142033";"localidad";1,545;73,072;5
6076;"91152001";"localidad";1,387;68,666;5
6063;"91152002";"localidad";1,333;67,158;5
6066;"91152004";"localidad";1,222;64,049;4
6056;"91152008";"localidad";1,276;65,57;4
6082;"91152011";"localidad";1,548;73,16;5
20153;"91152012";"localidad";1,488;71,474;5
19996;"91152014";"localidad";1,757;79,008;5
6069;"91152015";"localidad";1,731;78,28;5
6053;"91152016";"localidad";1,795;80,07;5
6075;"91152016";"localidad";1,783;79,729;5
6062;"91152017";"localidad";1,649;75,98;5
6054;"91152019";"localidad";1,451;70,44;5
6077;"91152020";"localidad";1,207;63,643;4
6083;"91152022";"localidad";1,577;73,97;5
6060;"91152025";"localidad";1,134;61,594;4
6474;"91162001";"localidad";1,679;76,81;5
6458;"91162004";"localidad";1,617;75,087;5
6479;"91162011";"localidad";1,683;76,923;5
6488;"91162013";"localidad";1,551;73,239;5
6490;"91162018";"localidad";1,624;75,289;5
6492;"91162020";"localidad";1,52;72,369;5
6487;"91162022";"localidad";1,554;73,34;5
6496;"91162025";"localidad";1,492;71,608;5
6495;"91162029";"localidad";1,697;77,319;5
6464;"91162029";"localidad";1,691;77,152;5
6465;"91162033";"localidad";1,849;81,556;5
6486;"91162036";"localidad";1,598;74,562;5
6482;"91162036";"localidad";1,597;74,535;5
6475;"91162036";"localidad";1,59;74,347;5
6481;"91162043";"localidad";1,308;66,471;4
6459;"91162047";"localidad";1,592;74,385;5
6485;"91162049";"localidad";1,366;68,079;5
6477;"91162050";"localidad";1,604;74,734;5
6478;"91162051";"localidad";1,586;74,235;5
6456;"91162053";"localidad";1,511;72,138;5
6461;"91162055";"localidad";1,196;63,338;4
6457;"91162055";"localidad";1,196;63,337;4
20378;"91162056";"localidad";1,31;66,53;4
6455;"91162057";"localidad";1,572;73,836;5
6454;"91162061";"localidad";1,555;73,364;5
6471;"91162063";"localidad";1,812;80,529;5
6480;"91162064";"localidad";1,602;74,657;5
20033;"91162069";"localidad";1,758;79,038;5
6397;"91172003";"localidad";1,288;65,896;4
6424;"91172003";"localidad";1,287;65,882;4
6433;"91172004";"localidad";1,835;81,182;5
19930;"91172005";"localidad";1,689;77,094;5
6415;"91172006";"localidad";1,58;74,064;5
20053;"91172006";"localidad";1,545;73,07;5
6434;"91172007";"localidad";1,733;78,338;5
6361;"91172007";"localidad";1,749;78,775;5
20024;"91172014";"localidad";1,559;73,47;5
6400;"91172018";"localidad";1,453;70,504;5
6443;"91172020";"localidad";1,582;74,104;5
6442;"91172021";"localidad";1,87;82,162;5
20080;"91172021";"localidad";1,855;81,739;5
6446;"91172025";"localidad";1,605;74,749;5
6407;"91172031";"localidad";1,731;78,262;5
6390;"91172032";"localidad";1,488;71,498;5
6429;"91172034";"localidad";1,714;77,789;5
6432;"91172034";"localidad";1,716;77,866;5
6373;"91172036";"localidad";1,694;77,249;5
20187;"91172038";"localidad";1,493;71,628;5
6358;"91172040";"localidad";1,768;79,308;5
6411;"91172041";"localidad";1,707;77,596;5
20015;"91172042";"localidad";1,663;76,368;5
6435;"91172042";"localidad";1,658;76,238;5
6425;"91172043";"localidad";1,962;84,712;5
6427;"91172045";"localidad";1,873;82,234;5
6413;"91172047";"localidad";1,688;77,069;5
6410;"91172050";"localidad";1,718;77,896;5
6385;"91182007";"localidad";1,638;75,686;5
6374;"91182008";"localidad";1,907;83,18;5
6393;"91182016";"localidad";1,608;74,848;5
6371;"91182017";"localidad";1,46;70,719;5
6351;"91182032";"localidad";1,595;74,482;5
6377;"91182032";"localidad";1,64;75,721;5
6363;"91182034";"localidad";1,915;83,413;5
6381;"91182037";"localidad";1,72;77,958;5
6380;"91182038";"localidad";1,315;66,654;4
6350;"91182038";"localidad";1,315;66,647;4
6353;"91182039";"localidad";1,618;75,106;5
6382;"91182040";"localidad";1,498;71,772;5
6389;"91182040";"localidad";1,504;71,933;5
6352;"91182042";"localidad";2,084;88,123;5
6370;"91182045";"localidad";2,169;90,5;5
6391;"91182048";"localidad";2,212;91,711;5
6354;"91182905";"localidad";2,297;94,076;5
20089;"91192002";"localidad";0,954;56,586;4
5935;"91192007";"localidad";1,588;74,285;5
5927;"91192007";"localidad";1,564;73,621;5
5905;"91192008";"localidad";1,479;71,244;5
5923;"91192013";"localidad";1,587;74,256;5
19912;"91192013";"localidad";1,587;74,257;5
5921;"91192019";"localidad";1,398;68,961;5
5911;"91192023";"localidad";1,569;73,755;5
20074;"91192025";"localidad";1,226;64,168;4
20281;"91192031";"localidad";1,197;63,364;4
5942;"91192034";"localidad";1,22;63,997;4
20099;"91192034";"localidad";1,15;62,045;4
5933;"91192040";"localidad";1,315;66,653;4
6699;"91192041";"localidad";1,541;72,955;5
5952;"91192049";"localidad";1,417;69,502;5
5938;"91192049";"localidad";1,407;69,237;5
5930;"91192049";"localidad";1,396;68,919;5
5901;"91192057";"localidad";1,474;71,099;5
5899;"91192058";"localidad";1,333;67,164;5
5947;"91192907";"localidad";1,554;73,316;5
5954;"91192910";"localidad";1,684;76,964;5
20260;"91202001";"localidad";1,536;72,833;5
6157;"91202001";"localidad";1,529;72,625;5
6138;"91202005";"localidad";1,347;67,548;5
20227;"91202005";"localidad";1,361;67,955;5
6097;"91202006";"localidad";1,671;76,596;5
7077;"91202007";"localidad";1,599;74,593;5
7095;"91202008";"localidad";1,682;76,916;5
6143;"91202008";"localidad";1,68;76,846;5
6154;"91202010";"localidad";1,495;71,676;5
6139;"91202013";"localidad";1,213;63,81;4
20041;"91202013";"localidad";1,113;61,028;4
6137;"91202013";"localidad";1,249;64,805;4
6107;"91202014";"localidad";1,337;67,267;5
7076;"91202016";"localidad";1,253;64,92;4
11501;"91202016";"localidad";1,258;65,056;4
6127;"91202016";"localidad";1,225;64,142;4
6147;"91202021";"localidad";1,183;62,972;4
16910;"91202024";"localidad";1,321;66,822;4
11526;"91202030";"localidad";1,679;76,809;5
6142;"91202030";"localidad";1,686;77,024;5
6135;"91202031";"localidad";0,84;53,401;4
6140;"91202033";"localidad";1,243;64,659;4
6155;"91202035";"localidad";1,189;63,139;4
6129;"91202036";"localidad";1,214;63,827;4
6093;"91202037";"localidad";1,157;62,256;4
20095;"91202040";"localidad";1,524;72,487;5
20097;"91202040";"localidad";1,518;72,325;5
42257;"91202040";"localidad";1,491;71,565;5
5962;"91202045";"localidad";0,886;54,676;4
19962;"91202045";"localidad";0,985;57,432;4
11462;"91202047";"localidad";1,916;83,425;5
6108;"91202048";"localidad";1,593;74,422;5
6149;"91202049";"localidad";1,363;67,989;5
6160;"91202051";"localidad";1,661;76,308;5
6595;"91212006";"localidad";1,525;72,533;5
6660;"91212014";"localidad";1,46;70,707;5
6669;"91212021";"localidad";1,55;73,223;5
6670;"91212027";"localidad";1,52;72,383;5
20285;"91212031";"localidad";1,478;71,211;5
6705;"91212033";"localidad";1,404;69,15;5
6702;"91212038";"localidad";1,778;79,578;5
6692;"91212048";"localidad";1,539;72,918;5
6653;"91212051";"localidad";1,527;72,567;5
6679;"91212051";"localidad";1,514;72,223;5
6668;"91212052";"localidad";1,373;68,268;5
6671;"91212057";"localidad";1,578;74,003;5
20232;"91212059";"localidad";1,779;79,598;5
20289;"91212059";"localidad";1,783;79,728;5
19910;"91212059";"localidad";1,783;79,729;5
6627;"91212064";"localidad";1,302;66,295;4
5249;"92012012";"localidad";1,892;82,769;5
5233;"92012016";"localidad";1,909;83,236;5
5248;"92012018";"localidad";1,114;61,052;4
5250;"92012027";"localidad";1,992;85,548;5
5258;"92012049";"localidad";1,365;68,044;5
5314;"92012902";"localidad";1,835;81,166;5
5267;"92012903";"localidad";1,134;61,609;4
20228;"92012906";"localidad";1,334;67,175;5
5290;"92022011";"localidad";1,366;68,087;5
40178;"92022014";"localidad";1,738;78,457;5
5392;"92022016";"localidad";1,823;80,853;5
5294;"92022018";"localidad";1,649;75,98;5
5292;"92022018";"localidad";1,681;76,866;5
5322;"92022019";"localidad";2,151;90;5
5310;"92022019";"localidad";2,162;90,298;5
5309;"92022026";"localidad";2,03;86,628;5
5307;"92022027";"localidad";1,91;83,278;5
20152;"92022905";"localidad";2,05;87,179;5
5365;"92032015";"localidad";1,922;83,6;5
5364;"92032016";"localidad";1,859;81,857;5
5360;"92032021";"localidad";1,988;85,447;5
5357;"92032025";"localidad";1,927;83,756;5
5348;"92032027";"localidad";1,474;71,096;5
5363;"92032028";"localidad";1,602;74,669;5
5368;"92032033";"localidad";1,839;81,296;5
5362;"92032036";"localidad";2,066;87,634;5
5373;"92032041";"localidad";1,554;73,32;5
5371;"92032044";"localidad";1,652;76,056;5
20240;"92032901";"localidad";1,907;83,197;5
5385;"92042003";"localidad";1,66;76,302;5
5382;"92042005";"localidad";1,828;80,976;5
5391;"92042008";"localidad";1,469;70,97;5
5381;"92042015";"localidad";2,249;92,725;5
5378;"92042020";"localidad";1,413;69,39;5
42043;"92042022";"localidad";1,671;76,59;5
5386;"92042027";"localidad";1,665;76,429;5
5379;"92042028";"localidad";1,881;82,468;5
5376;"92042901";"localidad";1,678;76,796;5
5341;"92052003";"localidad";1,504;71,947;5
5622;"92052003";"localidad";1,425;69,732;5
19999;"92052009";"localidad";2,098;88,519;5
5333;"92052011";"localidad";1,912;83,335;5
5331;"92052013";"localidad";1,866;82,041;5
5327;"92052013";"localidad";1,854;81,702;5
5338;"92052016";"localidad";1,753;78,891;5
5329;"92052019";"localidad";1,948;84,337;5
5328;"92052019";"localidad";1,932;83,894;5
5332;"92052019";"localidad";1,94;84,12;5
5326;"92052022";"localidad";1,758;79,038;5
5336;"92052023";"localidad";1,95;84,399;5
5340;"92052024";"localidad";1,848;81,55;5
19958;"92052025";"localidad";2,142;89,753;5
5337;"92052030";"localidad";1,917;83,459;5
5339;"92052031";"localidad";1,262;65,182;4
5561;"92062003";"localidad";1,972;85,006;5
5542;"92062010";"localidad";1,953;84,463;5
5551;"92062016";"localidad";1,941;84,126;5
5563;"92062016";"localidad";1,938;84,062;5
19902;"92062024";"localidad";2,087;88,204;5
5548;"92062025";"localidad";1,972;85,011;5
19956;"92062025";"localidad";1,973;85,021;5
5544;"92062038";"localidad";2,074;87,85;5
5541;"92062038";"localidad";2,044;87,024;5
5546;"92062038";"localidad";2,06;87,47;5
5557;"92062045";"localidad";2,148;89,906;5
5552;"92062046";"localidad";1,78;79,647;5
5550;"92062050";"localidad";1,088;60,311;4
5558;"92062904";"localidad";1,908;83,215;5
5554;"92062912";"localidad";2,127;89,34;5
5474;"92072010";"localidad";2,071;87,776;5
5492;"92072012";"localidad";1,755;78,932;5
5485;"92072013";"localidad";1,531;72,686;5
5504;"92072014";"localidad";1,912;83,321;5
20087;"92072018";"localidad";1,682;76,902;5
5479;"92072019";"localidad";1,705;77,535;5
5490;"92072023";"localidad";1,969;84,93;5
5506;"92072034";"localidad";1,887;82,638;5
5496;"92072040";"localidad";2,277;93,512;5
6741;"92072057";"localidad";2,048;87,136;5
5487;"92072058";"localidad";1,775;79,493;5
5493;"92072063";"localidad";1,777;79,557;5
5472;"92072064";"localidad";0,88;54,501;4
11522;"92072073";"localidad";1,844;81,418;5
5482;"92072075";"localidad";1,674;76,685;5
5473;"92072904";"localidad";1,859;81,838;5
5533;"92082003";"localidad";0,831;53,133;4
5525;"92082005";"localidad";1,185;63,039;4
20202;"92082005";"localidad";1,196;63,332;4
5520;"92082010";"localidad";1,812;80,538;5
5524;"92082011";"localidad";1,836;81,201;5
5522;"92082015";"localidad";1,591;74,371;5
5494;"92082021";"localidad";1,765;79,224;5
5532;"92082021";"localidad";1,772;79,41;5
5523;"92082029";"localidad";1,971;84,963;5
5536;"92082031";"localidad";2,133;89,49;5
5512;"92082032";"localidad";1,914;83,376;5
5529;"92082032";"localidad";1,911;83,298;5
5513;"92082038";"localidad";1,352;67,698;5
5274;"92092010";"localidad";1,708;77,617;5
40107;"92092014";"localidad";1,557;73,403;5
20242;"92092014";"localidad";1,478;71,219;5
5276;"92092023";"localidad";1,945;84,253;5
5275;"92092901";"localidad";1,606;74,794;5
5463;"92102017";"localidad";1,918;83,482;5
5444;"92102025";"localidad";1,102;60,708;4
6737;"92102042";"localidad";1,9;82,987;5
5449;"92102047";"localidad";2,028;86,571;5
5459;"92102051";"localidad";1,998;85,737;5
5462;"92102067";"localidad";1,875;82,298;5
5469;"92102067";"localidad";1,877;82,358;5
5467;"92102908";"localidad";1,797;80,117;5
5425;"92112006";"localidad";1,797;80,122;5
20141;"92112023";"localidad";1,63;75,455;5
5410;"92112033";"localidad";2,153;90,066;5
5408;"92112058";"localidad";1,553;73,313;5
5424;"92112062";"localidad";1,864;81,978;5
5407;"92112063";"localidad";0,894;54,889;4
5437;"92112068";"localidad";1,479;71,225;5
5406;"92112089";"localidad";1,142;61,821;4
20239;"92112091";"localidad";1,602;74,672;5
5415;"92112093";"localidad";1,84;81,304;5
5431;"92112901";"localidad";2,086;88,176;5
5411;"92112909";"localidad";1,996;85,671;5
5414;"92112914";"localidad";1,903;83,083;5
5422;"92112918";"localidad";2,135;89,553;5
5430;"92112918";"localidad";2,12;89,124;5
5423;"92112918";"localidad";2,127;89,326;5
7694;"101012002";"localidad";1,187;63,081;4
22638;"101012002";"localidad";1,151;62,068;4
7672;"101012007";"localidad";1,626;75,346;5
7676;"101012011";"localidad";0,875;54,366;4
22688;"101012014";"localidad";1,009;58,117;4
7663;"101012014";"localidad";1,008;58,075;4
22566;"101012014";"localidad";0,968;56,964;4
7680;"101012015";"localidad";1,871;82,188;5
7658;"101012018";"localidad";1,552;73,287;5
7712;"101012020";"localidad";1,15;62,04;4
7684;"101012020";"localidad";1,171;62,648;4
22367;"101012020";"localidad";1,159;62,29;4
7679;"101012022";"localidad";1,562;73,564;5
7669;"101012023";"localidad";1,473;71,065;5
7686;"101012024";"localidad";1,512;72,148;5
7655;"101012024";"localidad";1,538;72,871;5
7691;"101012025";"localidad";0,895;54,939;4
7668;"101012025";"localidad";0,925;55,779;4
7698;"101012026";"localidad";1,83;81,034;5
40285;"101012029";"localidad";0,743;50,674;4
16923;"101012029";"localidad";0,726;50,219;4
20476;"101012029";"localidad";0,873;54,327;4
7690;"101012030";"localidad";2,027;86,538;5
7671;"101012031";"localidad";0,992;57,652;4
22086;"101012033";"localidad";1,461;70,722;5
7654;"101012035";"localidad";1,689;77,093;5
7661;"101012036";"localidad";1,319;66,766;4
7677;"101012037";"localidad";1,544;73,05;5
7689;"101012040";"localidad";1,326;66,976;5
7651;"101012041";"localidad";1,307;66,426;4
7670;"101012044";"localidad";1,504;71,943;5
7681;"101012045";"localidad";1,395;68,883;5
7673;"101012046";"localidad";1,691;77,152;5
7693;"101012046";"localidad";1,677;76,767;5
7695;"101012047";"localidad";1,881;82,466;5
7714;"101012049";"localidad";1,244;64,683;4
7675;"101012049";"localidad";1,188;63,105;4
7790;"101022001";"localidad";1,489;71,508;5
7791;"101022002";"localidad";1,734;78,361;5
7819;"101022004";"localidad";1,592;74,387;5
7788;"101022008";"localidad";1,527;72,59;5
7812;"101022010";"localidad";1,607;74,813;5
7786;"101022012";"localidad";1,425;69,724;5
7798;"101022013";"localidad";1,514;72,214;5
7777;"101022015";"localidad";1,287;65,878;4
7816;"101022015";"localidad";1,434;69,992;5
7815;"101022017";"localidad";1,619;75,144;5
7824;"101022018";"localidad";1,699;77,37;5
7809;"101022021";"localidad";1,594;74,444;5
7820;"101022022";"localidad";1,576;73,947;5
7805;"101022022";"localidad";1,598;74,545;5
7785;"101022022";"localidad";1,6;74,612;5
7789;"101022023";"localidad";1,542;73,002;5
7776;"101022023";"localidad";1,506;71,998;5
7822;"101022023";"localidad";1,477;71,167;5
7793;"101022023";"localidad";1,48;71,274;5
7804;"101022023";"localidad";1,543;73,015;5
7783;"101022023";"localidad";1,519;72,342;5
7797;"101022023";"localidad";1,511;72,117;5
7787;"101022024";"localidad";1,82;80,752;5
7782;"101022025";"localidad";1,74;78,537;5
7811;"101022026";"localidad";1,837;81,226;5
7821;"101022026";"localidad";1,86;81,87;5
7794;"101022026";"localidad";1,862;81,942;5
22408;"101022028";"localidad";1,531;72,683;5
7808;"101022028";"localidad";1,535;72,791;5
7784;"101022032";"localidad";1,792;79,984;5
7775;"101022033";"localidad";1,456;70,585;5
7992;"101022033";"localidad";1,454;70,541;5
7818;"101022034";"localidad";1,515;72,236;5
7801;"101022035";"localidad";1,655;76,161;5
22671;"101022038";"localidad";1,582;74,114;5
22253;"101022038";"localidad";1,572;73,823;5
7806;"101022038";"localidad";1,567;73,686;5
7810;"101022040";"localidad";1,376;68,351;5
7823;"101022043";"localidad";1,246;64,719;4
7757;"101032001";"localidad";2,036;86,774;5
7762;"101032002";"localidad";2,03;86,623;5
7753;"101032003";"localidad";1,293;66,036;4
7769;"101032005";"localidad";2,124;89,241;5
7763;"101032006";"localidad";2,148;89,913;5
7755;"101032007";"localidad";2,212;91,696;5
7758;"101032008";"localidad";1,961;84,683;5
7770;"101032009";"localidad";2,108;88,784;5
7760;"101032010";"localidad";1,658;76,242;5
7768;"101032012";"localidad";2,172;90,59;5
7754;"101032013";"localidad";2,271;93,344;5
7759;"101032015";"localidad";2,079;87,991;5
7927;"101042007";"localidad";1,938;84,04;5
7930;"101042013";"localidad";2,027;86,532;5
7947;"101042020";"localidad";2,22;91,923;5
7952;"101042021";"localidad";2,228;92,151;5
7933;"101042022";"localidad";1,506;71,998;5
7939;"101042030";"localidad";1,554;73,316;5
7944;"101042038";"localidad";2,044;87,02;5
7940;"101042041";"localidad";1,075;59,961;4
7953;"101042042";"localidad";2,181;90,832;5
7950;"101042043";"localidad";2,055;87,306;5
7931;"101042043";"localidad";2,027;86,524;5
7945;"101042044";"localidad";2,122;89,187;5
7946;"101042045";"localidad";1,86;81,862;5
7938;"101042047";"localidad";1,719;77,949;5
7936;"101042049";"localidad";1,754;78,924;5
7924;"101042055";"localidad";0,975;57,158;4
7929;"101042903";"localidad";1,727;78,151;5
7977;"101052004";"localidad";0,857;53,874;4
22340;"101052006";"localidad";1,22;64,005;4
7990;"101052008";"localidad";1,563;73,593;5
40359;"101052010";"localidad";1,023;58,493;4
22096;"101052013";"localidad";1,666;76,464;5
7993;"101052014";"localidad";1,63;75,459;5
7978;"101052015";"localidad";1,8;80,209;5
11576;"101052017";"localidad";1,732;78,303;5
7982;"101052020";"localidad";1,998;85,733;5
22338;"101052021";"localidad";1,786;79,821;5
7987;"101052027";"localidad";1,691;77,157;5
7998;"101052028";"localidad";1,864;81,977;5
7994;"101052903";"localidad";1,787;79,822;5
12191;"101062001";"localidad";2,158;90,192;5
7874;"101062004";"localidad";1,239;64,545;4
7887;"101062005";"localidad";1,95;84,395;5
7897;"101062012";"localidad";1,815;80,605;5
7911;"101062013";"localidad";1,873;82,241;5
7915;"101062018";"localidad";2,121;89,147;5
7896;"101062020";"localidad";1,889;82,675;5
7919;"101062021";"localidad";1,915;83,4;5
7881;"101062023";"localidad";1,878;82,383;5
7922;"101062025";"localidad";1,632;75,499;5
7918;"101062026";"localidad";1,922;83,592;5
22346;"101062033";"localidad";2,003;85,877;5
7878;"101062035";"localidad";2,08;88,002;5
7905;"101062036";"localidad";1,673;76,663;5
7879;"101062040";"localidad";2,042;86,946;5
7908;"101062041";"localidad";2,051;87,203;5
22433;"101062042";"localidad";1,814;80,588;5
7898;"101062043";"localidad";1,89;82,716;5
7910;"101062043";"localidad";1,915;83,419;5
22310;"101062047";"localidad";2,195;91,213;5
7968;"101072007";"localidad";1,524;72,5;5
22396;"101072009";"localidad";1,526;72,553;5
7967;"101072011";"localidad";1,699;77,372;5
7745;"101072012";"localidad";1,724;78,071;5
7966;"101072016";"localidad";1,657;76,217;5
16765;"101072017";"localidad";0,751;50,919;4
7962;"101072018";"localidad";1,42;69,588;5
22647;"101072021";"localidad";1,015;58,284;4
7729;"101072021";"localidad";1,375;68,333;5
7852;"101082001";"localidad";1,811;80,517;5
7856;"101082002";"localidad";1,626;75,336;5
20386;"101082004";"localidad";1,811;80,517;5
22048;"101082006";"localidad";1,463;70,78;5
22049;"101082006";"localidad";1,491;71,574;5
7858;"101082007";"localidad";1,643;75,822;5
7847;"101082008";"localidad";1,702;77,456;5
7837;"101082009";"localidad";1,549;73,191;5
22348;"101082013";"localidad";1,595;74,48;5
7861;"101082014";"localidad";2,106;88,752;5
22209;"101082015";"localidad";1,578;73,986;5
22184;"101082017";"localidad";1,688;77,078;5
7836;"101082018";"localidad";0,823;52,913;4
7864;"101082019";"localidad";1,756;78,981;5
40276;"101082020";"localidad";1,821;80,78;5
7850;"101082024";"localidad";1,865;82,016;5
7871;"101082024";"localidad";1,879;82,395;5
7868;"101082026";"localidad";1,858;81,809;5
7854;"101082029";"localidad";1,799;80,181;5
7855;"101082030";"localidad";1,896;82,864;5
7839;"101082031";"localidad";1,952;84,43;5
7866;"101082033";"localidad";1,118;61,144;4
7860;"101082034";"localidad";1,639;75,708;5
22672;"101092003";"localidad";0,776;51,606;4
7725;"101092005";"localidad";1,505;71,951;5
7740;"101092010";"localidad";1,66;76,278;5
7732;"101092010";"localidad";1,67;76,567;5
42158;"101092013";"localidad";1,03;58,691;4
7752;"101092017";"localidad";1,87;82,153;5
7738;"101092022";"localidad";1,847;81,5;5
20381;"101092024";"localidad";0,815;52,708;4
7741;"101092026";"localidad";1,993;85,588;5
41439;"101092030";"localidad";0,713;49,858;4
7756;"101092031";"localidad";1,797;80,108;5
7761;"101092032";"localidad";2,093;88,374;5
7730;"101092033";"localidad";1,646;75,899;5
22478;"101092034";"localidad";1,464;70,814;5
7765;"101092036";"localidad";1,985;85,372;5
7726;"101092038";"localidad";1,862;81,934;5
7749;"101092039";"localidad";1,837;81,223;5
7727;"101092040";"localidad";1,245;64,693;4
8037;"102012004";"localidad";1,632;75,516;5
8016;"102012005";"localidad";1,806;80,358;5
8010;"102012007";"localidad";1,58;74,054;5
40282;"102012009";"localidad";1,129;61,467;4
22155;"102012013";"localidad";0,719;50,015;4
8033;"102012014";"localidad";1,49;71,546;5
22372;"102012016";"localidad";0,832;53,175;4
22020;"102012016";"localidad";0,872;54,282;4
22211;"102012016";"localidad";0,873;54,308;4
8006;"102012016";"localidad";0,865;54,08;4
8029;"102012017";"localidad";1,268;65,332;4
8036;"102012018";"localidad";1,71;77,694;5
8014;"102012020";"localidad";1,869;82,121;5
8035;"102012021";"localidad";1,168;62,54;4
8022;"102012022";"localidad";1,356;67,789;5
22078;"102012024";"localidad";1,009;58,105;4
8027;"102012025";"localidad";1,608;74,836;5
8019;"102012028";"localidad";1,38;68,479;5
8013;"102012029";"localidad";1,35;67,642;5
8032;"102012030";"localidad";1,45;70,429;5
8038;"102012031";"localidad";1,839;81,298;5
16835;"102012033";"localidad";0,863;54,031;4
8020;"102012034";"localidad";1,335;67,203;5
8031;"102012901";"localidad";1,389;68,719;5
8095;"102022001";"localidad";1,994;85,608;5
8094;"102022009";"localidad";1,566;73,667;5
22382;"102022011";"localidad";1,308;66,468;4
8092;"102022014";"localidad";1,47;70,973;5
8049;"102022016";"localidad";1,09;60,365;4
22615;"102022017";"localidad";1,413;69,393;5
8102;"102022023";"localidad";1,754;78,91;5
8099;"102022023";"localidad";1,754;78,91;5
8080;"102022024";"localidad";2,001;85,8;5
22375;"102022025";"localidad";1,817;80,675;5
22556;"102022026";"localidad";2,055;87,305;5
22425;"102022029";"localidad";1,392;68,814;5
8075;"102022033";"localidad";1,616;75,059;5
8052;"102022036";"localidad";1,575;73,927;5
22690;"102022038";"localidad";1,459;70,665;5
8103;"102022045";"localidad";1,711;77,712;5
8054;"102022049";"localidad";1,468;70,923;5
22203;"102022053";"localidad";1,72;77,968;5
8071;"102022053";"localidad";1,702;77,45;5
8051;"102022054";"localidad";1,795;80,046;5
8100;"102022056";"localidad";1,245;64,716;4
8096;"102022059";"localidad";1,362;67,966;5
8061;"102022066";"localidad";1,518;72,328;5
8053;"102022081";"localidad";1,725;78,107;5
11578;"102022089";"localidad";1,628;75,403;5
8104;"102022905";"localidad";1,707;77,607;5
8225;"102032003";"localidad";1,41;69,309;5
8227;"102032004";"localidad";1,719;77,93;5
8220;"102032009";"localidad";1,765;79,219;5
8208;"102032010";"localidad";1,459;70,677;5
40369;"102032014";"localidad";1,298;66,186;4
8211;"102032015";"localidad";1,416;69,473;5
8234;"102032019";"localidad";2,124;89,236;5
11553;"102032020";"localidad";1,335;67,204;5
8207;"102032022";"localidad";1,281;65,706;4
8216;"102032029";"localidad";1,419;69,554;5
8213;"102032030";"localidad";1,78;79,626;5
8226;"102032034";"localidad";1,458;70,658;5
8210;"102032035";"localidad";1,563;73,581;5
8230;"102032037";"localidad";1,339;67,325;5
8231;"102032041";"localidad";1,641;75,751;5
8217;"102032042";"localidad";1,542;72,996;5
8228;"102032045";"localidad";1,252;64,887;4
8162;"102042004";"localidad";0,484;43,442;4
11539;"102042005";"localidad";1,526;72,561;5
8173;"102042007";"localidad";1,521;72,421;5
8169;"102042008";"localidad";1,577;73,959;5
8167;"102042009";"localidad";1,702;77,453;5
8166;"102042011";"localidad";1,638;75,679;5
8165;"102042012";"localidad";1,517;72,297;5
8170;"102042014";"localidad";1,3;66,251;4
8164;"102042015";"localidad";1,514;72,2;5
22610;"102052001";"localidad";1,163;62,409;4
8160;"102052002";"localidad";1,832;81,085;5
8158;"102052004";"localidad";1,69;77,141;5
8149;"102052005";"localidad";1,973;85,027;5
22325;"102052007";"localidad";1,594;74,442;5
8147;"102052013";"localidad";1,233;64,367;4
40424;"102052014";"localidad";1,047;59,186;4
8159;"102052017";"localidad";1,856;81,762;5
8150;"102052019";"localidad";1,861;81,909;5
8144;"102052021";"localidad";1,644;75,832;5
8157;"102052026";"localidad";1,828;80,983;5
22479;"102052027";"localidad";0,976;57,196;4
22413;"102052028";"localidad";1,576;73,957;5
8112;"102052028";"localidad";1,572;73,832;5
11590;"102052901";"localidad";2;85,785;5
8201;"102062001";"localidad";1,567;73,69;5
8202;"102062003";"localidad";1,481;71,292;5
8205;"102062004";"localidad";1,485;71,413;5
8198;"102062005";"localidad";1,529;72,626;5
8203;"102062006";"localidad";1,665;76,436;5
8197;"102062007";"localidad";1,693;77,224;5
8195;"102062008";"localidad";1,036;58,874;4
22581;"102062008";"localidad";1,047;59,181;4
8200;"102062009";"localidad";1,62;75,181;5
8241;"102072003";"localidad";1,836;81,216;5
8247;"102072005";"localidad";1,809;80,437;5
8243;"102072009";"localidad";1,749;78,761;5
22439;"102072010";"localidad";1,504;71,947;5
8254;"102072010";"localidad";1,52;72,393;5
8244;"102072011";"localidad";1,969;84,926;5
8246;"102072014";"localidad";1,71;77,69;5
8237;"102072015";"localidad";1,98;85,221;5
8239;"102072018";"localidad";1,824;80,859;5
8251;"102072020";"localidad";1,839;81,288;5
8238;"102072901";"localidad";2,03;86,63;5
8285;"102082001";"localidad";1,663;76,381;5
8287;"102082002";"localidad";1,332;67,141;5
22142;"102082003";"localidad";2,216;91,821;5
8278;"102082004";"localidad";1,919;83,522;5
8267;"102082004";"localidad";1,936;83,987;5
8270;"102082004";"localidad";1,887;82,62;5
8274;"102082005";"localidad";1,407;69,224;5
8261;"102082006";"localidad";1,797;80,112;5
8281;"102082007";"localidad";1,644;75,841;5
22656;"102082007";"localidad";1,638;75,684;5
8284;"102082011";"localidad";1,524;72,482;5
8258;"102082013";"localidad";2,131;89,446;5
8263;"102082014";"localidad";1,7;77,399;5
8264;"102082016";"localidad";1,32;66,807;4
8290;"102082017";"localidad";2,059;87,437;5
22098;"102082019";"localidad";2,251;92,793;5
11593;"102082020";"localidad";1,678;76,797;5
8271;"102082021";"localidad";1,92;83,543;5
22214;"102082023";"localidad";1,835;81,188;5
22112;"102082023";"localidad";1,882;82,476;5
8269;"102082023";"localidad";1,859;81,847;5
40296;"102082025";"localidad";1,261;65,145;4
8289;"102082026";"localidad";1,684;76,947;5
8268;"102082027";"localidad";1,417;69,518;5
8276;"102082028";"localidad";2,31;94,451;5
22597;"102082031";"localidad";0,92;55,63;4
22330;"102082031";"localidad";0,849;53,653;4
8260;"102082036";"localidad";1,694;77,246;5
8286;"102082038";"localidad";1,039;58,956;4
8257;"102082039";"localidad";1,922;83,604;5
8262;"102082040";"localidad";1,902;83,057;5
8275;"102082043";"localidad";1,562;73,552;5
8288;"102082045";"localidad";1,503;71,917;5
8265;"102082902";"localidad";2,07;87,742;5
8139;"102092001";"localidad";1,745;78,654;5
8120;"102092003";"localidad";1,641;75,767;5
8141;"102092005";"localidad";1,925;83,692;5
8127;"102092009";"localidad";1,7;77,395;5
8116;"102092010";"localidad";1,542;73,007;5
8133;"102092012";"localidad";1,929;83,791;5
8135;"102092016";"localidad";1,752;78,863;5
8136;"102092016";"localidad";1,752;78,864;5
8115;"102092017";"localidad";1,614;74,993;5
8114;"102092017";"localidad";1,613;74,99;5
8132;"102092019";"localidad";2,081;88,055;5
8143;"102092020";"localidad";1,838;81,262;5
8134;"102092021";"localidad";1,92;83,559;5
8117;"102092022";"localidad";1,783;79,728;5
8126;"102092023";"localidad";1,885;82,583;5
22220;"102092024";"localidad";2,025;86,486;5
8122;"102092025";"localidad";1,682;76,894;5
8124;"102092025";"localidad";1,682;76,896;5
8131;"102092026";"localidad";1,786;79,811;5
8113;"102092028";"localidad";1,734;78,361;5
8121;"102092029";"localidad";1,92;83,546;5
8142;"102092032";"localidad";2,043;86,974;5
8179;"102102002";"localidad";1,765;79,224;5
8182;"102102002";"localidad";1,752;78,845;5
8176;"102102002";"localidad";1,759;79,053;5
8163;"102102004";"localidad";1,53;72,646;5
40283;"102102005";"localidad";1,286;65,843;4
8180;"102102007";"localidad";1,643;75,801;5
8181;"102102008";"localidad";1,634;75,553;5
8177;"102102008";"localidad";1,637;75,66;5
8188;"102102009";"localidad";1,707;77,592;5
8186;"102102011";"localidad";1,649;75,979;5
8184;"102102012";"localidad";1,527;72,573;5
22650;"102102013";"localidad";1,413;69,401;5
8183;"102102015";"localidad";1,674;76,681;5
8189;"102102016";"localidad";1,448;70,382;5
8191;"102102017";"localidad";1,563;73,567;5
22201;"103012003";"localidad";1,455;70,561;5
7372;"103012005";"localidad";1,808;80,419;5
7354;"103012006";"localidad";1,146;61,93;4
7381;"103012008";"localidad";1,834;81,148;5
7371;"103012016";"localidad";1,681;76,871;5
7355;"103012022";"localidad";1,115;61,06;4
7412;"103012030";"localidad";1,513;72,184;5
7356;"103012034";"localidad";1,563;73,577;5
7368;"103012035";"localidad";1,764;79,202;5
7382;"103012035";"localidad";1,773;79,43;5
7369;"103012036";"localidad";1,325;66,948;5
7366;"103012040";"localidad";1,188;63,12;4
42071;"103012041";"localidad";1,49;71,549;5
7357;"103012041";"localidad";1,496;71,724;5
7380;"103012041";"localidad";1,516;72,272;5
7384;"103012049";"localidad";1,857;81,782;5
7359;"103012051";"localidad";1,584;74,179;5
7477;"103022001";"localidad";1,944;84,21;5
22427;"103022007";"localidad";2,209;91,608;5
7501;"103022008";"localidad";1,891;82,735;5
7479;"103022017";"localidad";1,926;83,717;5
7489;"103022020";"localidad";2,028;86,553;5
7493;"103022023";"localidad";2,173;90,617;5
7478;"103022024";"localidad";1,721;77,982;5
7502;"103022025";"localidad";2,009;86,04;5
7496;"103022032";"localidad";1,725;78,098;5
7511;"103032004";"localidad";1,787;79,838;5
7534;"103032008";"localidad";1,569;73,742;5
7510;"103032011";"localidad";1,574;73,886;5
7528;"103032011";"localidad";1,586;74,211;5
7522;"103032012";"localidad";2,046;87,06;5
7535;"103032024";"localidad";1,76;79,09;5
22323;"103032026";"localidad";1,962;84,733;5
7518;"103032032";"localidad";1,875;82,305;5
7538;"103032035";"localidad";2,161;90,285;5
22687;"103032039";"localidad";0,978;57,249;4
22676;"103032039";"localidad";0,762;51,218;4
7513;"103032043";"localidad";2,243;92,56;5
7463;"103042010";"localidad";1,675;76,703;5
7452;"103042013";"localidad";1,599;74,579;5
7464;"103042016";"localidad";1,834;81,139;5
7449;"103042026";"localidad";1,637;75,659;5
7471;"103042032";"localidad";1,836;81,214;5
7458;"103042034";"localidad";1,745;78,658;5
7460;"103042036";"localidad";0,773;51,518;4
7470;"103042036";"localidad";0,781;51,759;4
40388;"103042037";"localidad";1,816;80,65;5
7453;"103042041";"localidad";1,832;81,081;5
7469;"103042043";"localidad";2,046;87,075;5
7465;"103042044";"localidad";1,934;83,951;5
7450;"103042904";"localidad";1,761;79,108;5
7569;"103052004";"localidad";2,232;92,252;5
7552;"103052007";"localidad";1,889;82,669;5
7578;"103052013";"localidad";1,344;67,463;5
22284;"103052017";"localidad";1,602;74,68;5
7557;"103052019";"localidad";1,727;78,17;5
7573;"103052023";"localidad";1,645;75,884;5
7559;"103052025";"localidad";1,808;80,429;5
7575;"103052028";"localidad";2,116;89,033;5
7574;"103052032";"localidad";1,979;85,19;5
7563;"103052036";"localidad";1,825;80,882;5
7544;"103052038";"localidad";0,928;55,855;4
7593;"103062005";"localidad";1,313;66,606;4
7596;"103062010";"localidad";1,945;84,245;5
22084;"103062019";"localidad";1,753;78,885;5
7612;"103062020";"localidad";2,075;87,888;5
7607;"103062025";"localidad";1,794;80,029;5
7619;"103062026";"localidad";1,979;85,193;5
7622;"103062028";"localidad";1,8;80,195;5
22620;"103062030";"localidad";1,845;81,452;5
7600;"103062030";"localidad";1,844;81,43;5
7590;"103062032";"localidad";1,692;77,189;5
7586;"103062033";"localidad";1,714;77,804;5
7613;"103062035";"localidad";1,915;83,4;5
7620;"103062036";"localidad";1,749;78,762;5
7614;"103062037";"localidad";1,413;69,393;5
7616;"103062038";"localidad";2,21;91,648;5
7583;"103062047";"localidad";0,749;50,867;4
7588;"103062048";"localidad";1,776;79,516;5
7580;"103062052";"localidad";1,824;80,863;5
7587;"103062055";"localidad";2,055;87,306;5
7592;"103062061";"localidad";1,78;79,636;5
7606;"103062073";"localidad";1,835;81,183;5
7617;"103062075";"localidad";2,297;94,074;5
7602;"103062901";"localidad";2,189;91,073;5
7424;"103072003";"localidad";1,826;80,932;5
7438;"103072008";"localidad";1,987;85,425;5
7423;"103072013";"localidad";1,724;78,076;5
22451;"103072016";"localidad";1,664;76,391;5
7433;"103072019";"localidad";1,618;75,105;5
7437;"103072020";"localidad";1,939;84,091;5
7436;"103072023";"localidad";1,963;84,751;5
7420;"103072034";"localidad";2,042;86,943;5
7440;"103072034";"localidad";2,042;86,945;5
7441;"103072039";"localidad";1,592;74,398;5
7427;"103072041";"localidad";1,682;76,909;5
22548;"103072042";"localidad";1,865;82,019;5
7446;"103072042";"localidad";1,856;81,768;5
7422;"103072044";"localidad";1,938;84,059;5
20481;"103072050";"localidad";0,761;51,185;4
7431;"103072055";"localidad";1,665;76,442;5
7443;"103072055";"localidad";1,7;77,403;5
22685;"103072905";"localidad";1,597;74,542;5
7432;"103072906";"localidad";1,735;78,396;5
8309;"104012002";"localidad";1,837;81,227;5
8301;"104012003";"localidad";1,82;80,756;5
8299;"104012005";"localidad";2,172;90,598;5
8305;"104012007";"localidad";2,215;91,783;5
8303;"104012008";"localidad";2,109;88,828;5
8307;"104012012";"localidad";2,031;86,656;5
8294;"104012013";"localidad";1,944;84,221;5
8295;"104012014";"localidad";1,779;79,602;5
8296;"104012015";"localidad";2,145;89,843;5
8293;"104012017";"localidad";1,992;85,554;5
8300;"104012022";"localidad";2,275;93,472;5
8308;"104012024";"localidad";2,118;89,077;5
12193;"104012026";"localidad";1,878;82,367;5
8306;"104012030";"localidad";2,012;86,121;5
8304;"104012902";"localidad";1,779;79,618;5
8335;"104022001";"localidad";2,114;88,958;5
8334;"104022002";"localidad";2,118;89,066;5
8336;"104022003";"localidad";1,8;80,201;5
8337;"104022006";"localidad";1,932;83,878;5
8338;"104022007";"localidad";1,823;80,829;5
8311;"104032001";"localidad";1,562;73,552;5
8329;"104032003";"localidad";1,622;75,233;5
8315;"104032004";"localidad";1,796;80,09;5
8328;"104032005";"localidad";2,133;89,508;5
8310;"104032006";"localidad";1,303;66,313;4
8321;"104032007";"localidad";1,7;77,402;5
22100;"104032008";"localidad";1,818;80,706;5
8313;"104032008";"localidad";1,834;81,159;5
8319;"104032008";"localidad";1,827;80,947;5
8322;"104032009";"localidad";2,509;100;5
8327;"104032012";"localidad";2,248;92,713;5
8317;"104032015";"localidad";1,561;73,526;5
8326;"104032018";"localidad";1,839;81,29;5
8320;"104032019";"localidad";1,901;83,023;5
8314;"104032020";"localidad";1,831;81,052;5
22092;"104032020";"localidad";1,827;80,96;5
8312;"104032020";"localidad";1,807;80,395;5
8318;"104032021";"localidad";1,696;77,303;5
8324;"104032024";"localidad";1,744;78,646;5
8323;"104032024";"localidad";1,751;78,841;5
8340;"104042004";"localidad";1,898;82,941;5
8344;"104042007";"localidad";2,181;90,835;5
8342;"104042009";"localidad";2,118;89,07;5
8341;"104042014";"localidad";2,105;88,717;5
22138;"104042902";"localidad";2,091;88,336;5
139;"110101001";"zona";-0,58;13,756;3
134;"110101001";"zona";-0,58;13,756;3
107;"110101001";"zona";-0,58;13,756;3
97;"110101001";"zona";-0,58;13,756;3
109;"110101001";"zona";-0,58;13,756;3
12553;"110102005";"zona";-0,609;12,931;3
12518;"110102005";"zona";-0,609;12,931;3
12593;"110102005";"zona";-0,609;12,931;3
12670;"110102005";"zona";-0,609;12,931;3
40420;"110103001";"zona";-0,825;6,907;1
12504;"110103002";"zona";-0,722;9,777;1
40458;"110103002";"zona";-0,722;9,777;1
112;"110103003";"zona";-0,793;7,811;1
40417;"110103003";"zona";-0,793;7,811;1
12756;"110103003";"zona";-0,793;7,811;1
136;"110103003";"zona";-0,793;7,811;1
12761;"110103003";"zona";-0,793;7,811;1
12621;"110103003";"zona";-0,793;7,811;1
12607;"110103003";"zona";-0,793;7,811;1
20484;"110103003";"zona";-0,793;7,811;1
103;"110104001";"zona";-0,78;8,174;1
12710;"110104001";"zona";-0,78;8,174;1
40293;"110104002";"zona";-0,778;8,207;1
116;"110104003";"zona";-0,75;8,992;1
41717;"110104006";"zona";-0,759;8,755;1
12509;"110104006";"zona";-0,759;8,755;1
12590;"110104006";"zona";-0,759;8,755;1
40156;"110105001";"zona";-0,698;10,455;2
20483;"110105001";"zona";-0,698;10,455;2
10898;"110105001";"zona";-0,698;10,455;2
102;"110105001";"zona";-0,698;10,455;2
40197;"110105001";"zona";-0,698;10,455;2
12661;"110105001";"zona";-0,698;10,455;2
40210;"110105001";"zona";-0,698;10,455;2
10889;"110105002";"zona";-0,837;6,559;1
105;"110105002";"zona";-0,837;6,559;1
124;"110105002";"zona";-0,837;6,559;1
12698;"110105003";"zona";-0,817;7,142;1
126;"110105003";"zona";-0,817;7,142;1
12678;"110105003";"zona";-0,817;7,142;1
12510;"110105003";"zona";-0,817;7,142;1
12667;"110105004";"zona";-0,8;7,608;1
41828;"110105004";"zona";-0,8;7,608;1
12511;"110105004";"zona";-0,8;7,608;1
20632;"110105004";"zona";-0,8;7,608;1
12573;"110105005";"zona";-0,795;7,757;1
31489;"110105005";"zona";-0,795;7,757;1
125;"110105005";"zona";-0,795;7,757;1
12709;"110105005";"zona";-0,795;7,757;1
12722;"110105006";"zona";-0,82;7,046;1
12660;"110105006";"zona";-0,82;7,046;1
12636;"110105006";"zona";-0,82;7,046;1
41404;"110105006";"zona";-0,82;7,046;1
12585;"110105006";"zona";-0,82;7,046;1
12697;"110105006";"zona";-0,82;7,046;1
12646;"110105006";"zona";-0,82;7,046;1
12606;"110105006";"zona";-0,82;7,046;1
12702;"110105006";"zona";-0,82;7,046;1
12523;"110106002";"zona";-0,796;7,717;1
111;"110106002";"zona";-0,796;7,717;1
40416;"110106002";"zona";-0,796;7,717;1
40254;"110106004";"zona";-0,792;7,822;1
41518;"110106004";"zona";-0,792;7,822;1
12515;"110107001";"zona";-0,714;10,013;2
12672;"110107001";"zona";-0,714;10,013;2
12631;"110107001";"zona";-0,714;10,013;2
12688;"110107001";"zona";-0,714;10,013;2
129;"110107001";"zona";-0,714;10,013;2
12613;"110107002";"zona";-0,752;8,933;1
12682;"110107002";"zona";-0,752;8,933;1
12635;"110107002";"zona";-0,752;8,933;1
40320;"110107002";"zona";-0,752;8,933;1
117;"110107002";"zona";-0,752;8,933;1
127;"110107002";"zona";-0,752;8,933;1
41382;"110107002";"zona";-0,752;8,933;1
114;"110107003";"zona";-0,772;8,398;1
12751;"110107003";"zona";-0,772;8,398;1
12604;"110107003";"zona";-0,772;8,398;1
41062;"110107003";"zona";-0,772;8,398;1
130;"110107003";"zona";-0,772;8,398;1
144;"110107004";"zona";-0,705;10,266;2
131;"110107004";"zona";-0,705;10,266;2
40007;"110107004";"zona";-0,705;10,266;2
40429;"110107004";"zona";-0,705;10,266;2
12619;"110107004";"zona";-0,705;10,266;2
108;"110107004";"zona";-0,705;10,266;2
133;"110107004";"zona";-0,705;10,266;2
10901;"110108001";"zona";-0,748;9,069;1
41276;"110108001";"zona";-0,748;9,069;1
12545;"110108001";"zona";-0,748;9,069;1
119;"110108001";"zona";-0,748;9,069;1
40177;"110108002";"zona";-0,769;8,464;1
12725;"110108002";"zona";-0,769;8,464;1
12648;"110108003";"zona";-0,691;10,655;2
12681;"110108003";"zona";-0,691;10,655;2
110;"110108003";"zona";-0,691;10,655;2
113;"110110001";"zona";-0,774;8,322;1
12584;"110110002";"zona";-0,758;8,779;1
12731;"110110002";"zona";-0,758;8,779;1
12519;"110110004";"zona";-0,791;7,844;1
12556;"110110004";"zona";-0,791;7,844;1
122;"110110006";"zona";-0,76;8,722;1
40181;"110110006";"zona";-0,76;8,722;1
12717;"110111002";"zona";-0,79;7,896;1
123;"110111002";"zona";-0,79;7,896;1
12700;"110111004";"zona";-0,753;8,91;1
40043;"110111004";"zona";-0,753;8,91;1
12757;"110111004";"zona";-0,753;8,91;1
12538;"110111004";"zona";-0,753;8,91;1
40079;"110111004";"zona";-0,753;8,91;1
12724;"110111005";"zona";-0,829;6,804;1
20526;"110111005";"zona";-0,829;6,804;1
12758;"110111005";"zona";-0,829;6,804;1
16833;"110111005";"zona";-0,829;6,804;1
12657;"110111005";"zona";-0,829;6,804;1
41342;"110111005";"zona";-0,829;6,804;1
40157;"110111006";"zona";-0,612;12,851;2
12762;"110111006";"zona";-0,612;12,851;2
106;"110111006";"zona";-0,612;12,851;2
12674;"110111008";"zona";-0,866;5,76;1
12579;"110111009";"zona";-0,8;7,595;1
12591;"110111009";"zona";-0,8;7,595;1
12741;"110111009";"zona";-0,8;7,595;1
40154;"110111009";"zona";-0,8;7,595;1
12599;"110111009";"zona";-0,8;7,595;1
12594;"110111009";"zona";-0,8;7,595;1
16931;"110111011";"zona";-0,931;3,961;1
16872;"110111011";"zona";-0,931;3,961;1
12669;"110111011";"zona";-0,931;3,961;1
41505;"110111012";"zona";-0,693;10,589;2
132;"110111012";"zona";-0,693;10,589;2
10900;"110111012";"zona";-0,693;10,589;2
40295;"110111012";"zona";-0,693;10,589;2
40309;"110111013";"zona";-0,963;3,043;1
12568;"110111014";"zona";-0,849;6,237;1
40073;"110701001";"zona";-0,653;11,698;2
40399;"110701002";"zona";-0,291;21,83;4
12734;"110701002";"zona";-0,291;21,83;4
40054;"110701002";"zona";-0,291;21,83;4
12685;"110701003";"zona";-0,089;27,461;4
12715;"110701003";"zona";-0,089;27,461;4
12534;"110701003";"zona";-0,089;27,461;4
12634;"110701003";"zona";-0,089;27,461;4
12567;"110702002";"zona";-0,615;12,779;2
12588;"110702002";"zona";-0,615;12,779;2
12566;"110702002";"zona";-0,615;12,779;2
12704;"110702002";"zona";-0,615;12,779;2
12652;"110702002";"zona";-0,615;12,779;2
12649;"110702003";"zona";-0,79;7,888;1
12686;"110702003";"zona";-0,79;7,888;1
12693;"110702003";"zona";-0,79;7,888;1
12732;"110702004";"zona";-0,729;9,577;1
12691;"110702004";"zona";-0,729;9,577;1
12726;"110702004";"zona";-0,729;9,577;1
12602;"110702004";"zona";-0,729;9,577;1
12603;"110702004";"zona";-0,729;9,577;1
12605;"110702004";"zona";-0,729;9,577;1
12680;"110702005";"zona";-0,8;7,606;1
12675;"110702006";"zona";-0,738;9,337;1
10917;"110702006";"zona";-0,738;9,337;1
12739;"110702006";"zona";-0,738;9,337;1
40173;"110702007";"zona";-0,744;9,176;1
12719;"110702008";"zona";-0,754;8,877;1
40205;"110702008";"zona";-0,754;8,877;1
12746;"110702008";"zona";-0,754;8,877;1
12650;"110703001";"zona";-0,699;10,438;2
40193;"110703002";"zona";-0,44;17,668;3
12749;"110703002";"zona";-0,44;17,668;3
12738;"110703003";"zona";-0,658;11,567;2
12655;"110703003";"zona";-0,658;11,567;2
40253;"110703003";"zona";-0,658;11,567;2
12747;"110704003";"zona";-0,336;20,573;4
40317;"110704003";"zona";-0,336;20,573;4
40270;"110704003";"zona";-0,336;20,573;4
40422;"110704004";"zona";-0,379;19,346;4
12632;"110704005";"zona";-0,527;15,229;3
12711;"110704005";"zona";-0,527;15,229;3
12753;"110704005";"zona";-0,527;15,229;3
12728;"110704006";"zona";-0,749;9,018;1
40056;"110704006";"zona";-0,749;9,018;1
8358;"111012004";"localidad";1,423;69,663;5
24240;"111012011";"localidad";1,098;60,602;4
24238;"111012011";"localidad";1,049;59,219;4
24232;"111012014";"localidad";1,685;76,989;5
8356;"111012014";"localidad";1,688;77,082;5
8362;"111012015";"localidad";1,95;84,382;5
16975;"111012017";"localidad";1,99;85,494;5
41701;"111012020";"localidad";1,614;74,995;5
8354;"111012020";"localidad";1,733;78,34;5
8361;"111012032";"localidad";1,642;75,776;5
8357;"111012036";"localidad";1,271;65,417;4
8355;"111012038";"localidad";1,535;72,791;5
8373;"111022001";"localidad";2,225;92,075;5
8370;"111022002";"localidad";1,691;77,153;5
8372;"111022003";"localidad";1,695;77,272;5
8371;"111022004";"localidad";1,951;84,427;5
8382;"112012005";"localidad";1,369;68,151;5
8368;"112012008";"localidad";2,067;87,645;5
8379;"112012044";"localidad";1,039;58,949;4
24218;"112022007";"localidad";1,937;84,011;5
8391;"112022016";"localidad";1,83;81,04;5
11609;"112022017";"localidad";2,148;89,918;5
8390;"112022020";"localidad";1,465;70,853;5
8389;"112022902";"localidad";1,966;84,832;5
8393;"112032005";"localidad";1,694;77,243;5
8409;"113022005";"localidad";1,436;70,021;5
8410;"113032013";"localidad";0,759;51,134;4
8397;"114012008";"localidad";2,186;90,969;5
8399;"114012009";"localidad";1,997;85,706;5
8398;"114012010";"localidad";1,528;72,606;5
8401;"114012011";"localidad";2,209;91,613;5
8405;"114022004";"localidad";2,211;91,66;5
8403;"114022007";"localidad";1,472;71,042;5
8404;"114022019";"localidad";0,938;56,127;4
8407;"114022021";"localidad";1,744;78,629;5
8452;"121012011";"localidad";1,431;69,888;5
8448;"121012030";"localidad";0,7;49,48;4
8449;"121012032";"localidad";0,53;44,748;4
8468;"121022020";"localidad";1,356;67,81;5
8467;"121032014";"localidad";1,849;81,576;5
8470;"121042010";"localidad";1,597;74,537;5
8484;"122012025";"localidad";1,342;67,417;5
8479;"123022005";"localidad";1,35;67,622;5
8482;"123032001";"localidad";1,803;80,28;5
24341;"123032902";"localidad";2,146;89,847;5
8420;"124012006";"localidad";1,778;79,585;5
8419;"124012021";"localidad";1,999;85,744;5
24322;"124012026";"localidad";2,271;93,362;5
8423;"124022004";"localidad";1,494;71,648;5
24325;"124022005";"localidad";2,094;88,417;5
10134;"131242010";"localidad";1,114;61,035;4
10130;"131242019";"localidad";1,031;58,74;4
41786;"131242020";"localidad";0,981;57,325;4
10135;"131242902";"localidad";0,907;55,268;4
20474;"132022001";"localidad";0,655;48,236;4
24652;"132022001";"localidad";0,671;48,68;4
24907;"132022002";"localidad";0,734;50,428;4
26487;"132022002";"localidad";0,726;50,212;4
10516;"132022002";"localidad";0,667;48,567;4
31063;"132022002";"localidad";0,782;51,779;4
10519;"132022008";"localidad";0,877;54,433;4
10522;"132022012";"localidad";1,327;67,005;5
25454;"132032007";"localidad";1,068;59,769;4
10536;"132032007";"localidad";1,075;59,963;4
32160;"132032009";"localidad";1,799;80,17;5
10538;"132032013";"localidad";1,945;84,248;5
10532;"132032015";"localidad";1,859;81,844;5
10530;"132032018";"localidad";1,361;67,951;5
26530;"133012004";"localidad";0,082;32,229;4
42182;"133012004";"localidad";0,155;34,268;4
10410;"133012004";"localidad";0,109;32,976;4
24927;"133012004";"localidad";0,277;37,672;4
41772;"133012004";"localidad";0,374;40,376;4
26238;"133012006";"localidad";0,921;55,646;4
25329;"133012006";"localidad";0,925;55,77;4
31071;"133012008";"localidad";0,871;54,264;4
10416;"133012012";"localidad";0,698;49,417;4
10411;"133012015";"localidad";0,864;54,059;4
26399;"133012015";"localidad";0,796;52,17;4
20400;"133012018";"localidad";0,701;49,51;4
31504;"133012018";"localidad";0,66;48,37;4
25310;"133012024";"localidad";0,629;47,496;4
25180;"133012024";"localidad";0,627;47,448;4
26206;"133012028";"localidad";0,674;48,766;4
10424;"133022001";"localidad";0,666;48,537;4
10428;"133022005";"localidad";1,043;59,058;4
10133;"133022014";"localidad";1,279;65,647;4
31043;"133022020";"localidad";1,013;58,222;4
10426;"133022022";"localidad";0,789;51,968;4
26157;"133022025";"localidad";0,573;45,946;4
10377;"133022027";"localidad";0,876;54,411;4
10427;"133022027";"localidad";0,874;54,334;4
10431;"133022027";"localidad";0,84;53,394;4
10441;"133032002";"localidad";1,529;72,645;5
10442;"133032004";"localidad";1,573;73,851;5
10439;"133032006";"localidad";1,34;67,36;5
10443;"133032008";"localidad";1,525;72,522;5
10444;"133032009";"localidad";1,347;67,55;5
12766;"133032009";"localidad";1,281;65,718;4
10435;"133032010";"localidad";1,303;66,313;4
10436;"133032010";"localidad";1,293;66,055;4
31300;"133032012";"localidad";1,332;67,136;5
24503;"134012003";"localidad";0,788;51,934;4
25954;"134012003";"localidad";0,96;56,738;4
10655;"134022001";"localidad";1,077;60,01;4
26015;"134022001";"localidad";1,054;59,366;4
26482;"134022004";"localidad";0,542;45,075;4
10656;"134022006";"localidad";0,814;52,676;4
41773;"134022010";"localidad";0,762;51,213;4
10642;"134022012";"localidad";0,818;52,772;4
10652;"134022017";"localidad";0,999;57,838;4
25477;"134032001";"localidad";0,44;42,23;4
24874;"134032001";"localidad";0,64;47,819;4
10686;"134032001";"localidad";0,223;36,157;4
10692;"134032002";"localidad";0,844;53,504;4
32061;"134032002";"localidad";0,854;53,79;4
10687;"134032002";"localidad";0,866;54,124;4
31042;"134032003";"localidad";0,447;42,415;4
25351;"134032008";"localidad";0,764;51,265;4
10688;"134032013";"localidad";0,579;46,118;4
26496;"134032017";"localidad";1,314;66,638;4
26383;"134032901";"localidad";1,493;71,636;5
10679;"134042004";"localidad";0,973;57,105;4
10677;"134042011";"localidad";1,023;58,506;4
10674;"134042016";"localidad";0,953;56,552;4
10680;"134042021";"localidad";1,077;60,008;4
10673;"134042024";"localidad";1,076;59,975;4
10672;"134042025";"localidad";0,805;52,41;4
10667;"134042026";"localidad";1,302;66,291;4
10675;"134042028";"localidad";0,866;54,122;4
26533;"134042030";"localidad";0,877;54,417;4
20306;"134042037";"localidad";0,474;43,168;4
26543;"134042037";"localidad";0,954;56,575;4
10669;"134042039";"localidad";0,874;54,339;4
10798;"135012003";"localidad";0,995;57,715;4
10833;"135012009";"localidad";1,057;59,463;4
26244;"135012010";"localidad";0,595;46,551;4
10794;"135012015";"localidad";0,995;57,715;4
10818;"135012017";"localidad";1,059;59,508;4
10825;"135012019";"localidad";1,564;73,618;5
10816;"135012022";"localidad";1,502;71,883;5
10799;"135012025";"localidad";1,255;64,98;4
31056;"135012030";"localidad";1,07;59,806;4
10800;"135012032";"localidad";1,844;81,43;5
10821;"135012034";"localidad";1,327;66,997;5
10805;"135012035";"localidad";1,156;62,208;4
10810;"135012038";"localidad";1,346;67,51;5
10786;"135012040";"localidad";0,957;56,657;4
10795;"135012041";"localidad";1,063;59,607;4
10797;"135012041";"localidad";1,063;59,607;4
25447;"135012043";"localidad";1,334;67,194;5
10796;"135012043";"localidad";1,365;68,054;5
24715;"135012044";"localidad";0,703;49,564;4
24699;"135012044";"localidad";0,686;49,104;4
10879;"135022002";"localidad";0,698;49,444;4
10877;"135022003";"localidad";1,348;67,567;5
10880;"135022004";"localidad";1,304;66,354;4
10878;"135022006";"localidad";1,447;70,334;5
25642;"135032007";"localidad";0,944;56,31;4
32140;"135032007";"localidad";1,269;65,361;4
24759;"135032007";"localidad";0,944;56,294;4
10852;"135032008";"localidad";1,146;61,93;4
11886;"135032008";"localidad";1,164;62,45;4
10849;"135032902";"localidad";1,961;84,681;5
10838;"135042003";"localidad";1,183;62,977;4
10839;"135042012";"localidad";1,215;63,873;4
11883;"135042014";"localidad";0,913;55,427;4
10870;"135052009";"localidad";1,14;61,771;4
10861;"135052009";"localidad";1,142;61,824;4
10865;"135052012";"localidad";1,226;64,182;4
10869;"135052014";"localidad";1,674;76,676;5
10868;"135052023";"localidad";1,31;66,519;4
10858;"135052024";"localidad";1,479;71,245;5
10864;"135052029";"localidad";1,605;74,754;5
10856;"135052036";"localidad";0,943;56,278;4
41951;"135052036";"localidad";0,941;56,215;4
10854;"135052036";"localidad";0,941;56,214;4
10871;"135052040";"localidad";1,773;79,457;5
10862;"135052901";"localidad";1,843;81,392;5
25795;"136012002";"localidad";0,773;51,518;4
25452;"136012003";"localidad";0,756;51,056;4
10719;"136012004";"localidad";1,077;60,003;4
41605;"136012006";"localidad";0,793;52,071;4
24446;"136012006";"localidad";0,833;53,186;4
10689;"136012008";"localidad";1,029;58,67;4
10706;"136012009";"localidad";0,608;46,914;4
10705;"136012017";"localidad";0,748;50,83;4
25843;"136012903";"localidad";0,686;49,098;4
24963;"136022002";"localidad";0,989;57,561;4
10741;"136022002";"localidad";1,193;63,256;4
26169;"136032003";"localidad";0,795;52,145;4
26463;"136032003";"localidad";0,613;47,063;4
31029;"136032003";"localidad";0,84;53,402;4
31506;"136032004";"localidad";0,917;55,549;4
31032;"136032006";"localidad";0,871;54,271;4
25189;"136032006";"localidad";0,88;54,511;4
10764;"136042006";"localidad";0,959;56,704;4
10766;"136052002";"localidad";0,725;50,193;4
10765;"136052007";"localidad";1,058;59,483;4
12699;"140101002";"zona";-0,42;18,212;4
12736;"140101002";"zona";-0,42;18,212;4
12617;"140101002";"zona";-0,42;18,212;4
195;"140103001";"zona";0,283;37,834;4
161;"140401001";"zona";-0,25;22,972;4
12623;"140501001";"zona";-0,212;24,011;4
12551;"140501001";"zona";-0,212;24,011;4
12708;"140501001";"zona";-0,212;24,011;4
187;"140501001";"zona";-0,212;24,011;4
6814;"141012003";"localidad";1,664;76,403;5
22134;"141012004";"localidad";1,649;75,973;5
6803;"141012014";"localidad";1,636;75,626;5
41982;"141012015";"localidad";1,295;66,104;4
6797;"141012015";"localidad";1,295;66,105;4
6793;"141012021";"localidad";1,475;71,12;5
31006;"141012033";"localidad";0,934;56,014;4
42072;"141012037";"localidad";0,951;56,483;4
6816;"141012037";"localidad";0,951;56,492;4
6804;"141012039";"localidad";1,758;79,034;5
6818;"141012040";"localidad";1,398;68,977;5
6807;"141012050";"localidad";1,537;72,865;5
6805;"141012059";"localidad";1,451;70,467;5
22537;"141012903";"localidad";1,857;81,785;5
6798;"141012905";"localidad";1,374;68,294;5
22177;"141012958";"localidad";1,15;62,063;4
7026;"141022002";"localidad";1,804;80,297;5
7023;"141022003";"localidad";0,695;49,348;4
7025;"141022006";"localidad";1,632;75,509;5
7020;"141022008";"localidad";1,348;67,589;5
22180;"141022010";"localidad";1,35;67,647;5
7018;"141022019";"localidad";2,302;94,209;5
7030;"141022902";"localidad";1,99;85,491;5
22095;"141022905";"localidad";1,759;79,065;5
6901;"141032002";"localidad";1,798;80,149;5
42044;"141032002";"localidad";1,797;80,116;5
6905;"141032003";"localidad";1,321;66,823;4
6902;"141032030";"localidad";1,893;82,784;5
6903;"141032039";"localidad";1,749;78,788;5
6925;"141032040";"localidad";1,559;73,481;5
31017;"141032040";"localidad";1,583;74,127;5
22165;"141032904";"localidad";1,782;79,699;5
6938;"141042008";"localidad";1,705;77,556;5
6972;"141042012";"localidad";2,076;87,905;5
6953;"141042022";"localidad";1,6;74,62;5
6942;"141042023";"localidad";1,611;74,932;5
22268;"141042023";"localidad";1,63;75,456;5
6933;"141042026";"localidad";1,287;65,869;4
6982;"141042026";"localidad";1,289;65,927;4
22257;"141042028";"localidad";1,868;82,103;5
6963;"141042031";"localidad";1,725;78,117;5
22186;"141042031";"localidad";1,746;78,677;5
6951;"141042032";"localidad";2,074;87,841;5
6950;"141042033";"localidad";1,74;78,536;5
6945;"141042039";"localidad";2,217;91,844;5
6965;"141042040";"localidad";1,947;84,298;5
6964;"141042041";"localidad";0,991;57,606;4
22145;"141042043";"localidad";2,27;93,32;5
22111;"141042047";"localidad";2,157;90,16;5
6957;"141042048";"localidad";1,977;85,14;5
6956;"141042063";"localidad";1,577;73,981;5
6955;"141042068";"localidad";1,642;75,776;5
6978;"141042070";"localidad";1,972;84,994;5
6969;"141042070";"localidad";1,962;84,713;5
6946;"141042071";"localidad";2,16;90,263;5
6970;"141042076";"localidad";1,124;61,333;4
6944;"141042078";"localidad";1,641;75,762;5
6941;"141042906";"localidad";2,016;86,231;5
22312;"141052010";"localidad";1,307;66,436;4
7038;"141052012";"localidad";2,007;85,973;5
22522;"141052016";"localidad";1,9;82,994;5
40149;"141052016";"localidad";1,889;82,692;5
7039;"141052020";"localidad";1,767;79,288;5
7034;"141052028";"localidad";2,087;88,221;5
7040;"141052034";"localidad";1,535;72,789;5
7037;"141052906";"localidad";1,982;85,274;5
6975;"141052907";"localidad";2,29;93,871;5
11540;"141062009";"localidad";1,954;84,509;5
6877;"141062009";"localidad";1,964;84,79;5
40113;"141062010";"localidad";1,225;64,147;4
6876;"141062011";"localidad";0,42;41,658;4
6878;"141062014";"localidad";2,029;86,578;5
6891;"141062020";"localidad";1,153;62,144;4
6866;"141062023";"localidad";0,609;46,944;4
6865;"141062026";"localidad";1,774;79,46;5
6882;"141062031";"localidad";1,403;69,107;5
22486;"141062032";"localidad";2,066;87,635;5
6855;"141062036";"localidad";1,557;73,404;5
6853;"141062037";"localidad";1,443;70,219;5
6857;"141062037";"localidad";1,444;70,256;5
11542;"141062038";"localidad";1,761;79,102;5
22526;"141062039";"localidad";1,277;65,61;4
6852;"141062039";"localidad";1,256;65,004;4
11544;"141062039";"localidad";1,253;64,924;4
22383;"141062039";"localidad";1,277;65,609;4
22218;"141062048";"localidad";1,276;65,571;4
22162;"141062049";"localidad";1,292;66,019;4
11543;"141062051";"localidad";2,206;91,547;5
22747;"141062053";"localidad";1,209;63,685;4
22584;"141062053";"localidad";1,223;64,097;4
6884;"141062055";"localidad";1,992;85,57;5
22181;"141062059";"localidad";1,417;69,499;5
40150;"141062062";"localidad";1,171;62,633;4
40116;"141062062";"localidad";1,087;60,292;4
22429;"141062062";"localidad";1,12;61,214;4
22492;"141062063";"localidad";1,717;77,876;5
6893;"141062064";"localidad";1,419;69,553;5
22373;"141062065";"localidad";1,925;83,681;5
6867;"141062902";"localidad";1,64;75,722;5
22219;"141062905";"localidad";1,724;78,081;5
6868;"141062908";"localidad";2,069;87,718;5
7214;"141072001";"localidad";1,806;80,356;5
31001;"141072007";"localidad";1,688;77,072;5
22448;"141072007";"localidad";1,693;77,206;5
22749;"141072008";"localidad";1,514;72,207;5
22194;"141072009";"localidad";2,11;88,852;5
7225;"141072012";"localidad";1,406;69,188;5
22024;"141072013";"localidad";1,36;67,923;5
7206;"141072018";"localidad";1,439;70,12;5
7204;"141072019";"localidad";1,769;79,321;5
22591;"141072032";"localidad";1,672;76,627;5
22317;"141072032";"localidad";1,673;76,643;5
22753;"141072032";"localidad";1,638;75,683;5
40203;"141072035";"localidad";1,414;69,429;5
22291;"141072038";"localidad";1,455;70,566;5
22742;"141072041";"localidad";1,541;72,977;5
7212;"141072045";"localidad";1,585;74,183;5
7217;"141072046";"localidad";1,68;76,848;5
7184;"141072047";"localidad";1,53;72,661;5
7220;"141072901";"localidad";2,051;87,218;5
7083;"141082001";"localidad";1,619;75,131;5
7078;"141082003";"localidad";1,779;79,62;5
7101;"141082003";"localidad";1,776;79,528;5
22353;"141082004";"localidad";1,755;78,939;5
7088;"141082004";"localidad";1,751;78,82;5
7061;"141082008";"localidad";1,52;72,389;5
7086;"141082009";"localidad";1,759;79,06;5
40102;"141082011";"localidad";1,288;65,892;4
7123;"141082011";"localidad";1,199;63,431;4
22514;"141082011";"localidad";1,225;64,158;4
22025;"141082011";"localidad";1,239;64,533;4
7074;"141082018";"localidad";1,708;77,618;5
7063;"141082024";"localidad";1,163;62,4;4
7109;"141082025";"localidad";1,564;73,598;5
7058;"141082026";"localidad";1,61;74,886;5
7089;"141082030";"localidad";1,752;78,846;5
7115;"141082032";"localidad";1,348;67,571;5
7113;"141082032";"localidad";1,346;67,524;5
7072;"141082034";"localidad";1,737;78,43;5
7100;"141082036";"localidad";1,731;78,276;5
7065;"141082038";"localidad";1,684;76,969;5
7079;"141082040";"localidad";1,893;82,784;5
7125;"141082041";"localidad";0,851;53,715;4
7064;"141082041";"localidad";0,848;53,607;4
7112;"141082043";"localidad";1,537;72,865;5
22221;"141082047";"localidad";1,461;70,72;5
7051;"141082047";"localidad";1,447;70,347;5
7116;"141082052";"localidad";2,187;91,008;5
7057;"141082053";"localidad";1,752;78,857;5
7069;"141082054";"localidad";1,472;71,051;5
7111;"141082055";"localidad";1,649;75,97;5
7071;"141082056";"localidad";0,826;53,01;4
16844;"141082057";"localidad";1,706;77,585;5
7062;"141082057";"localidad";1,713;77,756;5
7090;"141082058";"localidad";1,572;73,821;5
7092;"141082065";"localidad";1,784;79,745;5
22269;"141082070";"localidad";2,157;90,172;5
7118;"141082071";"localidad";1,542;73,006;5
11581;"142012002";"localidad";1,627;75,359;5
22158;"142012002";"localidad";1,603;74,708;5
22613;"142012010";"localidad";1,699;77,376;5
22207;"142012011";"localidad";1,702;77,45;5
7142;"142012011";"localidad";1,715;77,833;5
22225;"142012017";"localidad";1,901;83,005;5
7188;"142012017";"localidad";1,923;83,643;5
7136;"142012019";"localidad";2,203;91,447;5
7173;"142012031";"localidad";1,691;77,16;5
7185;"142012038";"localidad";1,681;76,88;5
7138;"142012040";"localidad";1,506;71,988;5
41357;"142012045";"localidad";1,307;66,447;4
22140;"142012046";"localidad";1,446;70,322;5
22752;"142012046";"localidad";1,454;70,53;5
7193;"142012047";"localidad";1,861;81,913;5
22445;"142012047";"localidad";1,862;81,921;5
7192;"142012050";"localidad";1,857;81,794;5
22077;"142012055";"localidad";1,891;82,748;5
11582;"142012904";"localidad";1,978;85,169;5
7011;"142022003";"localidad";1,838;81,268;5
7009;"142022005";"localidad";1,415;69,443;5
7003;"142022011";"localidad";1,627;75,365;5
22280;"142022011";"localidad";1,627;75,363;5
36224;"142022013";"localidad";1,616;75,058;5
7000;"142022016";"localidad";2,078;87,97;5
6991;"142022019";"localidad";1,855;81,737;5
11591;"142022027";"localidad";1,079;60,06;4
36225;"142022027";"localidad";1,078;60,042;4
6986;"142022027";"localidad";1,079;60,06;4
6988;"142022028";"localidad";1,705;77,549;5
7013;"142022037";"localidad";1,705;77,551;5
22552;"142022045";"localidad";1,11;60,932;4
22349;"142022046";"localidad";2,045;87,051;5
6992;"142022047";"localidad";1,739;78,489;5
40152;"142022901";"localidad";1,24;64,571;4
6996;"142022901";"localidad";1,392;68,817;5
6848;"142032005";"localidad";1,922;83,604;5
22125;"142032005";"localidad";1,929;83,787;5
7304;"142032006";"localidad";1,476;71,148;5
22758;"142032013";"localidad";1,352;67,685;5
7301;"142032015";"localidad";1,611;74,912;5
7308;"142032019";"localidad";1,644;75,844;5
7262;"142032022";"localidad";1,723;78,047;5
7305;"142032026";"localidad";1,678;76,783;5
7307;"142032026";"localidad";1,693;77,201;5
22153;"142032027";"localidad";2,05;87,187;5
7302;"142032029";"localidad";1,862;81,943;5
7309;"142032030";"localidad";1,549;73,182;5
7316;"142032031";"localidad";1,845;81,459;5
7312;"142032031";"localidad";1,846;81,482;5
7306;"142032034";"localidad";1,803;80,292;5
7303;"142032037";"localidad";1,678;76,779;5
41533;"142032037";"localidad";1,673;76,648;5
7315;"142032038";"localidad";2,157;90,155;5
7314;"142032038";"localidad";2,158;90,188;5
7318;"142032901";"localidad";1,754;78,925;5
22016;"142032902";"localidad";2,316;94,6;5
7273;"142042001";"localidad";1,746;78,7;5
7296;"142042002";"localidad";1,888;82,649;5
7279;"142042004";"localidad";1,801;80,225;5
7243;"142042005";"localidad";1,711;77,701;5
22148;"142042005";"localidad";1,699;77,385;5
7244;"142042006";"localidad";1,597;74,531;5
41962;"142042006";"localidad";1,595;74,471;5
7260;"142042007";"localidad";1,861;81,892;5
7285;"142042009";"localidad";1,914;83,37;5
7261;"142042009";"localidad";1,913;83,358;5
7256;"142042009";"localidad";1,915;83,407;5
7288;"142042010";"localidad";1,825;80,886;5
7268;"142042018";"localidad";1,589;74,303;5
7253;"142042019";"localidad";1,802;80,261;5
7239;"142042022";"localidad";1,868;82,1;5
11547;"142042022";"localidad";1,859;81,841;5
7298;"142042023";"localidad";1,907;83,188;5
7257;"142042025";"localidad";1,944;84,227;5
22159;"142042025";"localidad";1,936;83,999;5
7240;"142042029";"localidad";1,607;74,803;5
7282;"142042030";"localidad";1,723;78,049;5
12188;"142042032";"localidad";1,649;75,986;5
7252;"142042032";"localidad";1,638;75,685;5
7250;"142042032";"localidad";1,619;75,131;5
7292;"142042034";"localidad";1,789;79,885;5
7284;"142042038";"localidad";1,566;73,653;5
22352;"142042040";"localidad";1,18;62,893;4
7297;"142042045";"localidad";2,014;86,172;5
7249;"142042046";"localidad";1,828;80,976;5
41976;"142042048";"localidad";1,697;77,317;5
7266;"142042048";"localidad";1,697;77,32;5
7290;"142042049";"localidad";1,778;79,585;5
7242;"142042050";"localidad";1,844;81,428;5
32;"151012013";"localidad";0,277;37,676;4
38;"151012014";"localidad";1,729;78,204;5
59;"151012014";"localidad";1,481;71,278;5
39;"151012014";"localidad";1,774;79,481;5
41;"151012015";"localidad";2,252;92,813;5
35;"151012016";"localidad";1,705;77,551;5
12658;"151012016";"localidad";1,51;72,105;5
42;"151012016";"localidad";1,746;78,686;5
33;"151012016";"localidad";1,611;74,929;5
12587;"151012901";"localidad";0,878;54,444;4
12696;"151012901";"localidad";1,058;59,472;4
40225;"151012901";"localidad";1,014;58,242;4
40172;"151012901";"localidad";0,985;57,443;4
40169;"151012901";"localidad";0,9;55,071;4
74;"151022001";"localidad";2,238;92,413;5
73;"151022002";"localidad";2,177;90,735;5
75;"151022003";"localidad";2,016;86,234;5
72;"151022003";"localidad";2,014;86,16;5
10887;"151022003";"localidad";2,02;86,341;5
76;"151022004";"localidad";2,128;89,368;5
10897;"151022005";"localidad";2,08;88,022;5
70;"151022005";"localidad";2,079;87,978;5
86;"152012001";"localidad";1,726;78,142;5
81;"152012002";"localidad";2,305;94,297;5
10912;"152012004";"localidad";2,401;96,968;5
83;"152012016";"localidad";2,039;86,867;5
79;"152012024";"localidad";1,746;78,694;5
82;"152012904";"localidad";1,688;77,077;5
88;"152022001";"localidad";2,256;92,929;5
92;"152022003";"localidad";2,36;95,828;5
93;"152022004";"localidad";2,062;87,508;5
91;"152022006";"localidad";2,375;96,24;5
94;"152022009";"localidad";2,127;89,326;5
90;"152022015";"localidad";2,013;86,155;5
95;"152022902";"localidad";2,324;94,83;5
89;"152022904";"localidad";2,143;89,787;5
87;"152022904";"localidad";2,135;89,543;5
18214;"161012002";"localidad";1,153;62,139;4
3703;"161012004";"localidad";1,378;68,409;5
3681;"161012004";"localidad";1,37;68,181;5
41979;"161012004";"localidad";1,354;67,741;5
3691;"161012004";"localidad";1,352;67,698;5
3739;"161012004";"localidad";1,33;67,084;5
3704;"161012008";"localidad";1,624;75,28;5
3738;"161012010";"localidad";1,154;62,17;4
3697;"161012011";"localidad";1,024;58,533;4
3678;"161012014";"localidad";1,431;69,909;5
3707;"161012020";"localidad";1,451;70,444;5
31087;"161012025";"localidad";0,777;51,633;4
20424;"161012025";"localidad";0,766;51,319;4
18028;"161012025";"localidad";0,813;52,637;4
3685;"161012031";"localidad";1,173;62,703;4
42032;"161012036";"localidad";1,214;63,845;4
3984;"161022008";"localidad";1,432;69,922;5
3991;"161022009";"localidad";1,562;73,555;5
3997;"161022010";"localidad";1,371;68,21;5
3982;"161022019";"localidad";1,039;58,957;4
3992;"161022024";"localidad";1,742;78,587;5
3994;"161022028";"localidad";1,45;70,414;5
3988;"161022030";"localidad";1,663;76,376;5
3995;"161022040";"localidad";1,532;72,71;5
3983;"161022051";"localidad";1,301;66,255;4
3694;"161032011";"localidad";1,794;80,034;5
3709;"161032012";"localidad";1,274;65,505;4
3686;"161032020";"localidad";1,26;65,127;4
3698;"161032021";"localidad";1,515;72,236;5
3683;"161032028";"localidad";0,882;54,558;4
3916;"161042002";"localidad";1,91;83,273;5
3918;"161042002";"localidad";1,91;83,263;5
3927;"161042004";"localidad";1,813;80,55;5
18252;"161042006";"localidad";1,417;69,518;5
3924;"161042009";"localidad";1,945;84,238;5
3934;"161042012";"localidad";1,612;74,957;5
3922;"161042014";"localidad";1,706;77,572;5
3912;"161042017";"localidad";1,871;82,169;5
3937;"161042024";"localidad";1,871;82,179;5
3935;"161042024";"localidad";1,872;82,219;5
3926;"161042025";"localidad";2,138;89,627;5
3914;"161042026";"localidad";1,757;78,985;5
3913;"161042902";"localidad";1,681;76,887;5
3920;"161042903";"localidad";1,977;85,128;5
3971;"161052004";"localidad";1,82;80,758;5
3975;"161052007";"localidad";1,913;83,358;5
3962;"161052008";"localidad";1,861;81,898;5
3967;"161052011";"localidad";1,311;66,534;4
3964;"161052013";"localidad";1,513;72,192;5
3968;"161052016";"localidad";1,962;84,708;5
3972;"161052025";"localidad";1,426;69,761;5
3966;"161052026";"localidad";1,764;79,206;5
3974;"161052030";"localidad";1,727;78,157;5
3970;"161052903";"localidad";1,954;84,511;5
3965;"161052903";"localidad";1,936;83,984;5
3882;"161062005";"localidad";1,515;72,241;5
3917;"161062005";"localidad";1,522;72,443;5
3876;"161062006";"localidad";1,561;73,533;5
3883;"161062008";"localidad";1,126;61,378;4
3884;"161062008";"localidad";1,042;59,038;4
18207;"161062011";"localidad";1,607;74,802;5
17636;"161062011";"localidad";1,604;74,736;5
12018;"161062016";"localidad";1,98;85,223;5
3877;"161062027";"localidad";1,651;76,027;5
4016;"161072008";"localidad";1,139;61,744;4
4002;"161072012";"localidad";1,362;67,979;5
4003;"161072017";"localidad";1,581;74,089;5
4001;"161072020";"localidad";1,714;77,789;5
4006;"161072021";"localidad";1,417;69,512;5
3894;"161082006";"localidad";1,524;72,482;5
3906;"161082013";"localidad";1,794;80,038;5
3891;"161082017";"localidad";1,334;67,179;5
3904;"161082022";"localidad";1,391;68,775;5
3903;"161082024";"localidad";1,697;77,329;5
18231;"161082028";"localidad";1,519;72,342;5
3888;"161082029";"localidad";1,109;60,906;4
3899;"161082031";"localidad";1,413;69,394;5
3890;"161082032";"localidad";1,362;67,969;5
3898;"161082034";"localidad";1,588;74,289;5
3900;"161082035";"localidad";1,489;71,518;5
42243;"161082036";"localidad";1,089;60,348;4
3897;"161082903";"localidad";1,505;71,949;5
12032;"161092005";"localidad";0,821;52,869;4
3944;"161092010";"localidad";2,105;88,701;5
3949;"161092016";"localidad";1,473;71,08;5
3958;"161092027";"localidad";1,95;84,377;5
3957;"161092028";"localidad";1,793;79,989;5
3947;"161092034";"localidad";1,57;73,778;5
3955;"161092038";"localidad";1,612;74,962;5
3948;"161092047";"localidad";1,536;72,839;5
18220;"161092901";"localidad";0,947;56,374;4
3952;"161092905";"localidad";1,739;78,498;5
3959;"161092907";"localidad";1,899;82,953;5
11404;"161092908";"localidad";1,707;77,593;5
3945;"161092909";"localidad";2,172;90,592;5
4121;"162012015";"localidad";2,341;95,296;5
4115;"162012020";"localidad";1,838;81,248;5
4112;"162012022";"localidad";1,696;77,287;5
17640;"162012025";"localidad";2,101;88,593;5
4116;"162012033";"localidad";1,627;75,376;5
4120;"162012048";"localidad";1,83;81,034;5
18197;"162012066";"localidad";1,416;69,483;5
4110;"162012070";"localidad";1,991;85,527;5
4107;"162012902";"localidad";1,936;84,008;5
4131;"162012907";"localidad";1,943;84,177;5
4118;"162012910";"localidad";2,148;89,902;5
4087;"162022002";"localidad";1,261;65,157;4
4090;"162022011";"localidad";1,771;79,375;5
4089;"162022021";"localidad";1,546;73,109;5
4088;"162022034";"localidad";1,758;79,02;5
4101;"162022044";"localidad";1,795;80,05;5
4096;"162022046";"localidad";2,026;86,519;5
4095;"162022046";"localidad";2,03;86,612;5
4091;"162022049";"localidad";1,906;83,149;5
4094;"162022053";"localidad";1,31;66,519;4
4097;"162022904";"localidad";2,269;93,287;5
4085;"162022907";"localidad";2,161;90,267;5
18245;"162032003";"localidad";1,452;70,482;5
4068;"162032011";"localidad";2,065;87,588;5
4052;"162032019";"localidad";1,388;68,707;5
4058;"162032020";"localidad";1,622;75,216;5
4063;"162032022";"localidad";1,607;74,805;5
4054;"162032024";"localidad";1,357;67,843;5
4064;"162032025";"localidad";1,516;72,256;5
4059;"162032028";"localidad";1,499;71,797;5
4062;"162032042";"localidad";1,579;74,038;5
18219;"162032901";"localidad";1,474;71,09;5
4067;"162032905";"localidad";1,995;85,653;5
4125;"162042008";"localidad";1,677;76,764;5
4139;"162042017";"localidad";1,57;73,767;5
4128;"162042019";"localidad";1,766;79,258;5
4130;"162042020";"localidad";1,899;82,959;5
4133;"162042023";"localidad";1,761;79,104;5
4134;"162042026";"localidad";1,919;83,512;5
4034;"162052004";"localidad";1,654;76,116;5
4040;"162052012";"localidad";1,627;75,361;5
4039;"162052012";"localidad";1,639;75,694;5
4037;"162052015";"localidad";1,714;77,799;5
11407;"162062001";"localidad";1,559;73,481;5
4061;"162062008";"localidad";1,788;79,862;5
4017;"162062014";"localidad";1,865;82,006;5
4026;"162062026";"localidad";1,211;63,753;4
31090;"162062032";"localidad";1,303;66,333;4
4029;"162062036";"localidad";1,377;68,379;5
4030;"162062037";"localidad";1,106;60,809;4
4027;"162062038";"localidad";1,337;67,258;5
4081;"162072001";"localidad";1,965;84,808;5
4079;"162072002";"localidad";1,932;83,89;5
17641;"162072005";"localidad";1,844;81,434;5
4070;"162072015";"localidad";0,316;38,751;4
4075;"162072022";"localidad";1,987;85,411;5
4100;"162072026";"localidad";1,941;84,139;5
12065;"162072026";"localidad";1,942;84,155;5
4076;"162072027";"localidad";1,796;80,084;5
31409;"162072031";"localidad";2,019;86,326;5
4073;"162072040";"localidad";1,874;82,252;5
4074;"162072903";"localidad";2,07;87,748;5
4077;"162072905";"localidad";1,502;71,864;5
3757;"163012001";"localidad";1,417;69,512;5
3754;"163012002";"localidad";1,365;68,049;5
3782;"163012011";"localidad";0,719;50,02;4
3758;"163012018";"localidad";1,58;74,049;5
3786;"163012023";"localidad";1,413;69,392;5
3791;"163012024";"localidad";1,276;65,567;4
3784;"163012029";"localidad";1,396;68,914;5
3768;"163012031";"localidad";1,004;57,98;4
3783;"163012035";"localidad";1,994;85,606;5
3781;"163012042";"localidad";1,891;82,743;5
3762;"163012043";"localidad";1,403;69,112;5
3755;"163012046";"localidad";1,268;65,348;4
3831;"163012047";"localidad";1,33;67,071;5
3776;"163012052";"localidad";1,464;70,825;5
3766;"163012053";"localidad";1,638;75,67;5
3760;"163012055";"localidad";1,173;62,687;4
12006;"163012056";"localidad";1,269;65,374;4
18225;"163012058";"localidad";1,199;63,426;4
4142;"163012060";"localidad";1,564;73,597;5
3785;"163012908";"localidad";1,659;76,268;5
3850;"163022002";"localidad";2,114;88,958;5
3862;"163022002";"localidad";2,091;88,333;5
3851;"163022003";"localidad";1,314;66,635;4
3842;"163022003";"localidad";1,275;65,539;4
3836;"163022008";"localidad";1,767;79,288;5
3852;"163022010";"localidad";1,483;71,341;5
3845;"163022014";"localidad";1,42;69,577;5
3853;"163022016";"localidad";1,455;70,567;5
3846;"163022018";"localidad";1,256;65,013;4
3859;"163022020";"localidad";1,574;73,892;5
3855;"163022021";"localidad";1,298;66,187;4
3856;"163022022";"localidad";1,303;66,333;4
3841;"163022033";"localidad";1,169;62,576;4
3867;"163022034";"localidad";1,505;71,95;5
17637;"163022034";"localidad";1,438;70,093;5
3839;"163022035";"localidad";1,528;72,603;5
3840;"163022037";"localidad";1,259;65,084;4
3837;"163022045";"localidad";1,323;66,871;4
3838;"163022050";"localidad";1,578;74,01;5
3857;"163022050";"localidad";1,592;74,386;5
3843;"163022052";"localidad";1,47;70,972;5
3869;"163022903";"localidad";2,054;87,283;5
3870;"163022905";"localidad";1,794;80,021;5
3854;"163022905";"localidad";1,735;78,392;5
3807;"163032002";"localidad";2,027;86,53;5
3820;"163032004";"localidad";1,317;66,716;4
3799;"163032006";"localidad";1,281;65,698;4
3818;"163032007";"localidad";1,426;69,745;5
3808;"163032017";"localidad";1,478;71,201;5
3814;"163032022";"localidad";1,405;69,169;5
3801;"163032026";"localidad";1,169;62,568;4
3798;"163032034";"localidad";1,279;65,64;4
3800;"163032040";"localidad";1,391;68,789;5
3815;"163032041";"localidad";1,322;66,859;4
3804;"163032042";"localidad";1,57;73,788;5
3829;"163042001";"localidad";1,944;84,21;5
3832;"163042013";"localidad";1,735;78,392;5
3833;"163042019";"localidad";1,563;73,587;5
3828;"163042901";"localidad";1,995;85,631;5
4155;"163052012";"localidad";1,269;65,373;4
4154;"163052025";"localidad";1,386;68,642;5
3687;"163052028";"localidad";1,69;77,114;5
4158;"163052036";"localidad";1,141;61,802;4
3710;"163052041";"localidad";1,383;68,545;5
4148;"163052902";"localidad";1,781;79,659;5
4150;"163052902";"localidad";1,773;79,431;5
4146;"163052905";"localidad";1,134;61,609;4
42135;"210101001";"zona";-0,707;10,214;2
41517;"210101001";"zona";-0,707;10,214;2
12963;"210101001";"zona";-0,707;10,214;2
12878;"210101002";"zona";-0,758;8,777;1
12969;"210101002";"zona";-0,758;8,777;1
12885;"210101002";"zona";-0,758;8,777;1
317;"210101002";"zona";-0,758;8,777;1
12877;"210101002";"zona";-0,758;8,777;1
42001;"210101002";"zona";-0,758;8,777;1
20520;"210101005";"zona";-0,88;5,381;1
42165;"210101005";"zona";-0,88;5,381;1
318;"210101006";"zona";-0,377;19,414;4
12944;"210101008";"zona";-0,846;6,329;1
12955;"210101008";"zona";-0,846;6,329;1
12868;"210101009";"zona";-0,9;4,804;1
12891;"210101009";"zona";-0,9;4,804;1
31340;"210101019";"zona";-0,801;7,567;1
31343;"210101019";"zona";-0,801;7,567;1
12966;"210101021";"zona";-0,882;5,303;1
293;"210102001";"zona";-0,737;9,378;1
12936;"210102001";"zona";-0,737;9,378;1
12982;"210102001";"zona";-0,737;9,378;1
332;"210102002";"zona";-0,741;9,264;1
319;"210102003";"zona";-0,8;7,618;1
12860;"210102004";"zona";-0,785;8,032;1
330;"210102004";"zona";-0,785;8,032;1
341;"210103001";"zona";-0,778;8,219;1
364;"210103001";"zona";-0,778;8,219;1
42264;"210103001";"zona";-0,778;8,219;1
312;"210103001";"zona";-0,778;8,219;1
303;"210103002";"zona";-0,707;10,206;2
12855;"210103003";"zona";-0,848;6,273;1
337;"210103004";"zona";-0,727;9,647;1
365;"210103004";"zona";-0,727;9,647;1
12824;"210103004";"zona";-0,727;9,647;1
354;"210103005";"zona";-0,717;9,912;1
306;"210103006";"zona";-0,786;7,99;1
12830;"210103006";"zona";-0,786;7,99;1
12935;"210103006";"zona";-0,786;7,99;1
315;"210104001";"zona";-0,787;7,963;1
292;"210104001";"zona";-0,787;7,963;1
12987;"210104002";"zona";-0,764;8,603;1
10976;"210104002";"zona";-0,764;8,603;1
322;"210104002";"zona";-0,764;8,603;1
291;"210104003";"zona";-0,754;8,89;1
12889;"210104004";"zona";-0,771;8,413;1
301;"210105001";"zona";-0,665;11,362;2
16935;"210105002";"zona";-0,706;10,23;2
31341;"210105002";"zona";-0,706;10,23;2
12958;"210106001";"zona";-0,643;11,999;2
280;"210106001";"zona";-0,643;11,999;2
12870;"210106001";"zona";-0,643;11,999;2
12822;"210106001";"zona";-0,643;11,999;2
294;"210106001";"zona";-0,643;11,999;2
285;"210106001";"zona";-0,643;11,999;2
283;"210106001";"zona";-0,643;11,999;2
42134;"210106001";"zona";-0,643;11,999;2
10974;"210106002";"zona";-0,82;7,037;1
336;"210106002";"zona";-0,82;7,037;1
12890;"210106002";"zona";-0,82;7,037;1
12951;"210106002";"zona";-0,82;7,037;1
20665;"210106003";"zona";-0,76;8,724;1
12959;"210106003";"zona";-0,76;8,724;1
358;"210106003";"zona";-0,76;8,724;1
31342;"210106003";"zona";-0,76;8,724;1
343;"210106003";"zona";-0,76;8,724;1
12834;"210106003";"zona";-0,76;8,724;1
357;"210106003";"zona";-0,76;8,724;1
356;"210106003";"zona";-0,76;8,724;1
284;"210106003";"zona";-0,76;8,724;1
350;"210106003";"zona";-0,76;8,724;1
366;"210106003";"zona";-0,76;8,724;1
282;"210107001";"zona";-0,782;8,113;1
302;"210107002";"zona";-0,804;7,501;1
12974;"210107003";"zona";-0,577;13,844;3
296;"210107004";"zona";-0,786;7,985;1
335;"210107005";"zona";-0,815;7,196;1
320;"210108001";"zona";-0,775;8,296;1
10979;"210108001";"zona";-0,775;8,296;1
352;"210108001";"zona";-0,775;8,296;1
342;"210108001";"zona";-0,775;8,296;1
311;"210108002";"zona";-0,678;11,005;2
12846;"210108003";"zona";-0,895;4,967;1
298;"210108004";"zona";-0,882;5,324;1
12887;"210108004";"zona";-0,882;5,324;1
297;"210108004";"zona";-0,882;5,324;1
31338;"210108004";"zona";-0,882;5,324;1
12800;"210108004";"zona";-0,882;5,324;1
42026;"210109001";"zona";-0,707;10,208;2
12863;"210109001";"zona";-0,707;10,208;2
340;"210109001";"zona";-0,707;10,208;2
349;"210109001";"zona";-0,707;10,208;2
12932;"210109001";"zona";-0,707;10,208;2
304;"210109001";"zona";-0,707;10,208;2
361;"210109001";"zona";-0,707;10,208;2
12815;"210109002";"zona";-0,829;6,785;1
41208;"210109002";"zona";-0,829;6,785;1
12971;"210109004";"zona";-0,733;9,476;1
12986;"210109004";"zona";-0,733;9,476;1
329;"210109005";"zona";-0,688;10,734;2
12972;"210109006";"zona";-0,771;8,429;1
41009;"210109008";"zona";-0,875;5,519;1
16763;"210109009";"zona";-0,8;7,597;1
12884;"210110002";"zona";-0,619;12,65;2
12864;"210110003";"zona";-0,657;11,612;2
12837;"210114001";"zona";-0,852;6,167;1
12943;"210114001";"zona";-0,852;6,167;1
12962;"210114002";"zona";-0,842;6,435;1
10968;"210114003";"zona";-0,848;6,27;1
305;"210114003";"zona";-0,848;6,27;1
12945;"210114003";"zona";-0,848;6,27;1
12953;"210114004";"zona";-0,855;6,071;1
12948;"210114004";"zona";-0,855;6,071;1
344;"210114005";"zona";-0,781;8,149;1
12886;"210114008";"zona";-0,836;6,588;1
12967;"210114008";"zona";-0,836;6,588;1
31344;"210114008";"zona";-0,836;6,588;1
12802;"210114008";"zona";-0,836;6,588;1
31345;"210114009";"zona";-0,643;11,98;2
12840;"210114009";"zona";-0,643;11,98;2
313;"210115002";"zona";-0,771;8,425;1
286;"210115002";"zona";-0,771;8,425;1
333;"210115004";"zona";-0,729;9,592;1
12960;"210115004";"zona";-0,729;9,592;1
12977;"210116001";"zona";-0,749;9,031;1
279;"210116003";"zona";-0,508;15,757;3
316;"210116004";"zona";-0,601;13,168;3
12970;"210116005";"zona";-0,895;4,95;1
31347;"210116005";"zona";-0,895;4,95;1
324;"210117001";"zona";-0,513;15,609;3
289;"210117002";"zona";-0,703;10,318;2
288;"210117003";"zona";-0,81;7,315;1
307;"210117003";"zona";-0,81;7,315;1
326;"210117004";"zona";-0,638;12,128;2
287;"210118001";"zona";-0,759;8,739;1
12820;"210118001";"zona";-0,759;8,739;1
16928;"210118003";"zona";-0,748;9,059;1
310;"210118003";"zona";-0,748;9,059;1
368;"210201001";"zona";-0,472;16,764;3
12968;"210201001";"zona";-0,472;16,764;3
12872;"210201001";"zona";-0,472;16,764;3
12934;"210201001";"zona";-0,472;16,764;3
367;"210201002";"zona";-0,449;17,398;3
41764;"210201002";"zona";-0,449;17,398;3
374;"210401001";"zona";-0,532;15,088;3
373;"210401001";"zona";-0,532;15,088;3
375;"210401001";"zona";-0,532;15,088;3
12941;"210403001";"zona";-0,419;18,25;4
372;"210403001";"zona";-0,419;18,25;4
41778;"220101001";"zona";-0,75;9,013;1
41843;"220101001";"zona";-0,75;9,013;1
12946;"220101001";"zona";-0,75;9,013;1
10956;"220101002";"zona";-0,705;10,257;2
12867;"220101002";"zona";-0,705;10,257;2
12832;"220101002";"zona";-0,705;10,257;2
220;"220101002";"zona";-0,705;10,257;2
237;"220101002";"zona";-0,705;10,257;2
226;"220101002";"zona";-0,705;10,257;2
42083;"220101003";"zona";-0,659;11,55;2
10962;"220101003";"zona";-0,659;11,55;2
12831;"220105001";"zona";-0,638;12,134;2
12939;"220105001";"zona";-0,638;12,134;2
12811;"220105001";"zona";-0,638;12,134;2
12810;"220105001";"zona";-0,638;12,134;2
12853;"220105001";"zona";-0,638;12,134;2
238;"220105002";"zona";-0,669;11,261;2
12876;"220105002";"zona";-0,669;11,261;2
42086;"220105002";"zona";-0,669;11,261;2
12805;"220105002";"zona";-0,669;11,261;2
41870;"220105002";"zona";-0,669;11,261;2
12875;"220105002";"zona";-0,669;11,261;2
12847;"220105002";"zona";-0,669;11,261;2
41881;"220105002";"zona";-0,669;11,261;2
229;"220105003";"zona";-0,599;13,216;3
12956;"220105003";"zona";-0,599;13,216;3
245;"220105003";"zona";-0,599;13,216;3
219;"220106001";"zona";-0,699;10,44;2
231;"220106001";"zona";-0,699;10,44;2
230;"220106001";"zona";-0,699;10,44;2
259;"220106002";"zona";-0,215;23,951;4
12983;"220106002";"zona";-0,215;23,951;4
31346;"220107001";"zona";-0,693;10,581;2
256;"220107001";"zona";-0,693;10,581;2
253;"220107001";"zona";-0,693;10,581;2
12980;"220107001";"zona";-0,693;10,581;2
12862;"220107002";"zona";-0,689;10,693;2
12865;"220107002";"zona";-0,689;10,693;2
12851;"220107002";"zona";-0,689;10,693;2
228;"220107003";"zona";-0,749;9,027;1
12949;"220107003";"zona";-0,749;9,027;1
240;"220107003";"zona";-0,749;9,027;1
236;"220107004";"zona";-0,562;14,238;3
12829;"220107004";"zona";-0,562;14,238;3
12838;"220107004";"zona";-0,562;14,238;3
10963;"220108001";"zona";-0,735;9,407;1
12882;"220108001";"zona";-0,735;9,407;1
16897;"220108002";"zona";-0,748;9,055;1
12979;"220108002";"zona";-0,748;9,055;1
31339;"220109001";"zona";-0,72;9,839;1
218;"220109001";"zona";-0,72;9,839;1
12861;"220109002";"zona";-0,667;11,323;2
225;"220109002";"zona";-0,667;11,323;2
255;"220109002";"zona";-0,667;11,323;2
10971;"220109002";"zona";-0,667;11,323;2
12871;"220109003";"zona";-0,683;10,879;2
224;"220109003";"zona";-0,683;10,879;2
12952;"220109003";"zona";-0,683;10,879;2
244;"220109004";"zona";-0,65;11,782;2
12836;"220109005";"zona";-0,739;9,317;1
217;"220110001";"zona";-0,53;15,144;3
12961;"220110001";"zona";-0,53;15,144;3
223;"220110001";"zona";-0,53;15,144;3
10967;"220110001";"zona";-0,53;15,144;3
265;"220110001";"zona";-0,53;15,144;3
42251;"220110002";"zona";-0,657;11,597;2
222;"220110002";"zona";-0,657;11,597;2
12814;"220110002";"zona";-0,657;11,597;2
227;"220110002";"zona";-0,657;11,597;2
254;"220110002";"zona";-0,657;11,597;2
12869;"220111002";"zona";-0,68;10,953;2
12888;"220111002";"zona";-0,68;10,953;2
239;"220111003";"zona";-0,698;10,465;2
16940;"220111003";"zona";-0,698;10,465;2
262;"220111003";"zona";-0,698;10,465;2
16939;"220111003";"zona";-0,698;10,465;2
10975;"220111003";"zona";-0,698;10,465;2
232;"220112002";"zona";-0,75;8,992;1
241;"220112002";"zona";-0,75;8,992;1
20478;"220112003";"zona";-0,748;9,057;1
12823;"220112004";"zona";-0,705;10,254;2
10970;"220112004";"zona";-0,705;10,254;2
12984;"220114001";"zona";-0,504;15,865;3
257;"220114001";"zona";-0,504;15,865;3
271;"220301001";"zona";-0,118;26,645;4
275;"220301001";"zona";-0,118;26,645;4
269;"220301001";"zona";-0,118;26,645;4
277;"220301001";"zona";-0,118;26,645;4
12842;"220301001";"zona";-0,118;26,645;4
201;"230101001";"zona";-0,613;12,824;2
208;"230101001";"zona";-0,613;12,824;2
12827;"230101001";"zona";-0,613;12,824;2
12942;"230102001";"zona";-0,68;10,946;2
199;"230103001";"zona";-0,685;10,83;2
203;"230103001";"zona";-0,685;10,83;2
204;"230103002";"zona";-0,64;12,065;2
207;"230103002";"zona";-0,64;12,065;2
42095;"230103002";"zona";-0,64;12,065;2
205;"230103002";"zona";-0,64;12,065;2
200;"230103005";"zona";-0,646;11,898;2
206;"230106004";"zona";-0,717;9,935;1
211;"230204002";"zona";-0,529;15,185;3
210;"230204002";"zona";-0,529;15,185;3
417;"310101001";"zona";-0,605;13,053;3
42261;"310101001";"zona";-0,605;13,053;3
13138;"310102001";"zona";-0,634;12,249;2
400;"310102001";"zona";-0,634;12,249;2
13156;"310102001";"zona";-0,634;12,249;2
433;"310102001";"zona";-0,634;12,249;2
401;"310103001";"zona";-0,612;12,85;2
396;"310104001";"zona";-0,473;16,74;3
429;"310104001";"zona";-0,473;16,74;3
430;"310104001";"zona";-0,473;16,74;3
13146;"310104001";"zona";-0,473;16,74;3
13171;"310104001";"zona";-0,473;16,74;3
13159;"310105001";"zona";-0,563;14,212;3
431;"310105001";"zona";-0,563;14,212;3
413;"310106001";"zona";-0,498;16,031;3
408;"310106003";"zona";-0,633;12,257;2
406;"310106003";"zona";-0,633;12,257;2
40415;"310106004";"zona";-0,357;19,985;4
410;"310106004";"zona";-0,357;19,985;4
13154;"310106009";"zona";-0,191;24,622;4
13176;"310107001";"zona";-0,664;11,406;2
411;"310107001";"zona";-0,664;11,406;2
404;"310107001";"zona";-0,664;11,406;2
41928;"310107002";"zona";-0,693;10,587;2
31466;"310107002";"zona";-0,693;10,587;2
415;"310108001";"zona";-0,616;12,737;2
421;"310108001";"zona";-0,616;12,737;2
399;"310108001";"zona";-0,616;12,737;2
397;"310108001";"zona";-0,616;12,737;2
407;"310109001";"zona";-0,499;16,007;3
13125;"310111001";"zona";-0,737;9,359;1
437;"310111002";"zona";-0,541;14,84;3
13162;"310111002";"zona";-0,541;14,84;3
416;"310111002";"zona";-0,541;14,84;3
42060;"310111002";"zona";-0,541;14,84;3
13107;"310111002";"zona";-0,541;14,84;3
20423;"310111003";"zona";-0,698;10,465;2
13203;"310111003";"zona";-0,698;10,465;2
13163;"310116002";"zona";-0,736;9,401;1
13168;"310116002";"zona";-0,736;9,401;1
427;"310121001";"zona";-0,66;11,511;2
41780;"310121001";"zona";-0,66;11,511;2
420;"310121002";"zona";-0,481;16,517;3
419;"310121003";"zona";-0,572;13,97;3
40184;"310121004";"zona";-0,751;8,972;1
13198;"310121005";"zona";-0,38;19,33;4
13117;"310121005";"zona";-0,38;19,33;4
13145;"310123001";"zona";-0,653;11,705;2
439;"310123001";"zona";-0,653;11,705;2
405;"310123001";"zona";-0,653;11,705;2
434;"310123001";"zona";-0,653;11,705;2
403;"310123003";"zona";-0,778;8,23;1
13141;"310123004";"zona";-0,707;10,209;2
13164;"310124001";"zona";-0,625;12,495;2
13131;"310124002";"zona";-0,709;10,137;2
13136;"310124002";"zona";-0,709;10,137;2
13187;"310124002";"zona";-0,709;10,137;2
13169;"310124002";"zona";-0,709;10,137;2
13188;"310124002";"zona";-0,709;10,137;2
32100;"310124002";"zona";-0,709;10,137;2
13105;"310124002";"zona";-0,709;10,137;2
13112;"310124002";"zona";-0,709;10,137;2
41880;"310124002";"zona";-0,709;10,137;2
418;"310124003";"zona";-0,661;11,5;2
13108;"310124003";"zona";-0,661;11,5;2
13133;"310124004";"zona";-0,507;15,798;3
13149;"310124005";"zona";-0,66;11,524;2
13190;"310124005";"zona";-0,66;11,524;2
13193;"310201001";"zona";-0,387;19,145;4
13104;"310201001";"zona";-0,387;19,145;4
438;"310201001";"zona";-0,387;19,145;4
40274;"310201001";"zona";-0,387;19,145;4
13196;"310201002";"zona";-0,126;26,41;4
13103;"310201002";"zona";-0,126;26,41;4
13143;"310201003";"zona";-0,535;14,999;3
13177;"310201007";"zona";-0,418;18,268;4
440;"310201007";"zona";-0,418;18,268;4
13118;"310301001";"zona";-0,464;16,996;3
11034;"310301002";"zona";-0,368;19,655;4
444;"310301003";"zona";-0,244;23,141;4
445;"310301003";"zona";-0,244;23,141;4
380;"320101001";"zona";-0,342;20,379;4
13135;"320101001";"zona";-0,342;20,379;4
11029;"320101001";"zona";-0,342;20,379;4
11033;"320101002";"zona";-0,377;19,41;4
13178;"320101004";"zona";-0,344;20,343;4
13155;"320101005";"zona";-0,347;20,255;4
379;"320101005";"zona";-0,347;20,255;4
383;"320101005";"zona";-0,347;20,255;4
384;"320201001";"zona";-0,416;18,333;4
13123;"320201001";"zona";-0,416;18,333;4
386;"320201002";"zona";-0,19;24,634;4
13186;"320201003";"zona";-0,336;20,555;4
392;"320202001";"zona";-0,253;22,868;4
13152;"320202002";"zona";-0,514;15,599;3
390;"320202003";"zona";-0,481;16,519;3
479;"330101001";"zona";-0,521;15,406;3
13202;"330101001";"zona";-0,521;15,406;3
40410;"330101001";"zona";-0,521;15,406;3
11030;"330101001";"zona";-0,521;15,406;3
11032;"330101001";"zona";-0,521;15,406;3
452;"330101001";"zona";-0,521;15,406;3
462;"330101001";"zona";-0,521;15,406;3
449;"330102001";"zona";-0,57;14,015;3
478;"330102001";"zona";-0,57;14,015;3
464;"330102001";"zona";-0,57;14,015;3
13142;"330102001";"zona";-0,57;14,015;3
453;"330102001";"zona";-0,57;14,015;3
448;"330102001";"zona";-0,57;14,015;3
42258;"330102002";"zona";-0,617;12,712;2
13157;"330102002";"zona";-0,617;12,712;2
455;"330102002";"zona";-0,617;12,712;2
456;"330102002";"zona";-0,617;12,712;2
13122;"330102002";"zona";-0,617;12,712;2
459;"330103001";"zona";-0,593;13,382;3
13191;"330103002";"zona";-0,589;13,487;3
458;"330103004";"zona";-0,722;9,793;1
13195;"330104001";"zona";-0,623;12,555;2
450;"330104001";"zona";-0,623;12,555;2
461;"330104002";"zona";-0,616;12,73;2
11035;"330105001";"zona";-0,591;13,445;3
454;"330105002";"zona";-0,532;15,084;3
13121;"330105002";"zona";-0,532;15,084;3
13197;"330105002";"zona";-0,532;15,084;3
13185;"330105003";"zona";-0,679;10,983;2
13167;"330105003";"zona";-0,679;10,983;2
481;"330302001";"zona";-0,263;22,59;4
11038;"330302001";"zona";-0,263;22,59;4
13181;"330302002";"zona";-0,212;24,034;4
492;"330401001";"zona";-0,35;20,166;4
487;"330401003";"zona";-0,338;20,501;4
486;"330401003";"zona";-0,338;20,501;4
13134;"330401003";"zona";-0,338;20,501;4
489;"330401004";"zona";-0,309;21,307;4
530;"410101001";"zona";-0,354;20,063;4
578;"410101001";"zona";-0,354;20,063;4
13406;"410101001";"zona";-0,354;20,063;4
11114;"410101001";"zona";-0,354;20,063;4
16818;"410101001";"zona";-0,354;20,063;4
582;"410101001";"zona";-0,354;20,063;4
568;"410101001";"zona";-0,354;20,063;4
13426;"410101001";"zona";-0,354;20,063;4
13476;"410101001";"zona";-0,354;20,063;4
13554;"410101001";"zona";-0,354;20,063;4
40141;"410101001";"zona";-0,354;20,063;4
40194;"410102001";"zona";-0,249;22,981;4
517;"410102001";"zona";-0,249;22,981;4
13339;"410102001";"zona";-0,249;22,981;4
548;"410102001";"zona";-0,249;22,981;4
536;"410102002";"zona";-0,614;12,785;2
531;"410102003";"zona";-0,55;14,593;3
13469;"410102004";"zona";-0,589;13,501;3
20301;"410102004";"zona";-0,589;13,501;3
528;"410102005";"zona";-0,518;15,476;3
583;"410102005";"zona";-0,518;15,476;3
516;"410102005";"zona";-0,518;15,476;3
579;"410102005";"zona";-0,518;15,476;3
11117;"410102005";"zona";-0,518;15,476;3
580;"410102005";"zona";-0,518;15,476;3
575;"410102005";"zona";-0,518;15,476;3
12781;"410103001";"zona";-0,666;11,335;2
16916;"410103001";"zona";-0,666;11,335;2
41841;"410103002";"zona";-0,491;16,241;3
40335;"410103002";"zona";-0,491;16,241;3
574;"410103002";"zona";-0,491;16,241;3
518;"410103002";"zona";-0,491;16,241;3
11138;"410103002";"zona";-0,491;16,241;3
13330;"410103002";"zona";-0,491;16,241;3
527;"410103002";"zona";-0,491;16,241;3
522;"410103002";"zona";-0,491;16,241;3
41016;"410103002";"zona";-0,491;16,241;3
570;"410103002";"zona";-0,491;16,241;3
13582;"410104003";"zona";-0,515;15,568;3
565;"410104003";"zona";-0,515;15,568;3
13319;"410104003";"zona";-0,515;15,568;3
585;"410104004";"zona";-0,44;17,65;3
41829;"410104004";"zona";-0,44;17,65;3
20356;"410104004";"zona";-0,44;17,65;3
40298;"410104004";"zona";-0,44;17,65;3
41664;"410104004";"zona";-0,44;17,65;3
41017;"410104004";"zona";-0,44;17,65;3
11157;"410104004";"zona";-0,44;17,65;3
41942;"410104004";"zona";-0,44;17,65;3
591;"410104004";"zona";-0,44;17,65;3
13552;"410104004";"zona";-0,44;17,65;3
41530;"410104004";"zona";-0,44;17,65;3
41923;"410104004";"zona";-0,44;17,65;3
13450;"410105001";"zona";-0,711;10,095;2
13329;"410105001";"zona";-0,711;10,095;2
573;"410105001";"zona";-0,711;10,095;2
13378;"410105002";"zona";-0,68;10,953;2
41633;"410105002";"zona";-0,68;10,953;2
581;"410105002";"zona";-0,68;10,953;2
13411;"410105002";"zona";-0,68;10,953;2
13360;"410105002";"zona";-0,68;10,953;2
11116;"410105003";"zona";-0,695;10,532;2
521;"410105003";"zona";-0,695;10,532;2
31217;"410105003";"zona";-0,695;10,532;2
13577;"410105003";"zona";-0,695;10,532;2
13434;"410105003";"zona";-0,695;10,532;2
537;"410105004";"zona";-0,632;12,304;2
40300;"410105004";"zona";-0,632;12,304;2
20307;"410105004";"zona";-0,632;12,304;2
31194;"410105004";"zona";-0,632;12,304;2
13416;"410105004";"zona";-0,632;12,304;2
13356;"410105004";"zona";-0,632;12,304;2
41850;"410105004";"zona";-0,632;12,304;2
40354;"410105004";"zona";-0,632;12,304;2
13503;"410105004";"zona";-0,632;12,304;2
535;"410105005";"zona";-0,742;9,212;1
13451;"410105005";"zona";-0,742;9,212;1
31223;"410105005";"zona";-0,742;9,212;1
13372;"410105005";"zona";-0,742;9,212;1
571;"410105005";"zona";-0,742;9,212;1
31197;"410105005";"zona";-0,742;9,212;1
20360;"410105005";"zona";-0,742;9,212;1
13389;"410105006";"zona";-0,715;9,987;1
40321;"410105007";"zona";-0,676;11,064;2
40059;"410105008";"zona";-0,638;12,12;2
20463;"410105008";"zona";-0,638;12,12;2
13305;"410105008";"zona";-0,638;12,12;2
13300;"410105008";"zona";-0,638;12,12;2
41833;"410105008";"zona";-0,638;12,12;2
12779;"410105008";"zona";-0,638;12,12;2
13617;"410105008";"zona";-0,638;12,12;2
13527;"410105008";"zona";-0,638;12,12;2
13622;"410105009";"zona";-0,743;9,209;1
40231;"410105009";"zona";-0,743;9,209;1
31201;"410105011";"zona";-0,746;9,105;1
31216;"410105011";"zona";-0,746;9,105;1
40350;"410105011";"zona";-0,746;9,105;1
13471;"410106001";"zona";-0,753;8,922;1
41254;"410106001";"zona";-0,753;8,922;1
13446;"410106001";"zona";-0,753;8,922;1
13535;"410106002";"zona";-0,715;9,988;1
41990;"410106003";"zona";-0,56;14,31;3
16912;"410106003";"zona";-0,56;14,31;3
13574;"410106003";"zona";-0,56;14,31;3
31199;"410106003";"zona";-0,56;14,31;3
13424;"410106003";"zona";-0,56;14,31;3
40074;"410106004";"zona";-0,711;10,086;2
40051;"410106004";"zona";-0,711;10,086;2
13610;"410109001";"zona";-0,08;27,7;4
543;"410109001";"zona";-0,08;27,7;4
523;"410114001";"zona";-0,584;13,634;3
519;"410114002";"zona";-0,633;12,271;2
13350;"410114002";"zona";-0,633;12,271;2
567;"410114002";"zona";-0,633;12,271;2
31202;"410114002";"zona";-0,633;12,271;2
13565;"410114003";"zona";-0,72;9,84;1
31212;"410114003";"zona";-0,72;9,84;1
20346;"410114004";"zona";-0,731;9,528;1
41359;"410114005";"zona";-0,761;8,69;1
12780;"410114005";"zona";-0,761;8,69;1
562;"410114006";"zona";-0,665;11,37;2
532;"410115001";"zona";-0,66;11,508;2
13415;"410115001";"zona";-0,66;11,508;2
13328;"410115001";"zona";-0,66;11,508;2
525;"410115001";"zona";-0,66;11,508;2
20369;"410115001";"zona";-0,66;11,508;2
587;"410115002";"zona";-0,635;12,2;2
13393;"410115003";"zona";-0,647;11,868;2
13388;"410115003";"zona";-0,647;11,868;2
13488;"410115003";"zona";-0,647;11,868;2
41697;"410115003";"zona";-0,647;11,868;2
40058;"410115004";"zona";-0,678;11,02;2
13478;"410115004";"zona";-0,678;11,02;2
526;"410115004";"zona";-0,678;11,02;2
589;"410115004";"zona";-0,678;11,02;2
41537;"410115005";"zona";-0,658;11,557;2
31214;"410115005";"zona";-0,658;11,557;2
31206;"410115005";"zona";-0,658;11,557;2
31211;"410115005";"zona";-0,658;11,557;2
529;"410115006";"zona";-0,637;12,144;2
40206;"410115006";"zona";-0,637;12,144;2
40142;"410116001";"zona";-0,794;7,764;1
31221;"410116001";"zona";-0,794;7,764;1
533;"410116002";"zona";-0,641;12,054;2
20347;"410116002";"zona";-0,641;12,054;2
13344;"410116002";"zona";-0,641;12,054;2
42170;"410116002";"zona";-0,641;12,054;2
13474;"410116002";"zona";-0,641;12,054;2
20377;"410116002";"zona";-0,641;12,054;2
42168;"410116002";"zona";-0,641;12,054;2
40140;"410116003";"zona";-0,636;12,185;2
20390;"410116003";"zona";-0,636;12,185;2
13473;"410116003";"zona";-0,636;12,185;2
40405;"410116003";"zona";-0,636;12,185;2
20302;"410116004";"zona";-0,717;9,925;1
13463;"410116005";"zona";-0,747;9,087;1
13420;"410116005";"zona";-0,747;9,087;1
20407;"410116005";"zona";-0,747;9,087;1
13586;"410116007";"zona";-0,795;7,738;1
13475;"410116009";"zona";-0,815;7,184;1
42152;"410116009";"zona";-0,815;7,184;1
41812;"410116009";"zona";-0,815;7,184;1
41846;"410116010";"zona";-0,515;15,567;3
31200;"410117001";"zona";-0,619;12,673;2
31222;"410117001";"zona";-0,619;12,673;2
40144;"410117002";"zona";-0,575;13,89;3
13376;"410117002";"zona";-0,575;13,89;3
534;"410117002";"zona";-0,575;13,89;3
40174;"410117002";"zona";-0,575;13,89;3
13417;"410117002";"zona";-0,575;13,89;3
31219;"410117002";"zona";-0,575;13,89;3
42024;"410117003";"zona";-0,611;12,884;3
566;"410117003";"zona";-0,611;12,884;3
11155;"410117004";"zona";-0,624;12,518;2
13384;"410117004";"zona";-0,624;12,518;2
12774;"410117004";"zona";-0,624;12,518;2
13576;"410117004";"zona";-0,624;12,518;2
13510;"410117004";"zona";-0,624;12,518;2
13562;"410201001";"zona";-0,578;13,809;3
13609;"410201001";"zona";-0,578;13,809;3
13467;"410201001";"zona";-0,578;13,809;3
611;"410201002";"zona";-0,506;15,801;3
13560;"410202001";"zona";-0,53;15,158;3
13607;"410202001";"zona";-0,53;15,158;3
614;"410202003";"zona";-0,605;13,052;3
617;"410202003";"zona";-0,605;13,052;3
13567;"410202004";"zona";-0,573;13,957;3
13575;"410202004";"zona";-0,573;13,957;3
650;"410202005";"zona";-0,629;12,382;2
40189;"410202005";"zona";-0,629;12,382;2
40318;"410202005";"zona";-0,629;12,382;2
42164;"410203001";"zona";-0,443;17,569;3
13626;"410203001";"zona";-0,443;17,569;3
13342;"410203001";"zona";-0,443;17,569;3
625;"410203001";"zona";-0,443;17,569;3
648;"410203001";"zona";-0,443;17,569;3
610;"410203001";"zona";-0,443;17,569;3
649;"410203002";"zona";-0,644;11,973;2
616;"410203002";"zona";-0,644;11,973;2
13528;"410203002";"zona";-0,644;11,973;2
11103;"410203002";"zona";-0,644;11,973;2
41099;"410203002";"zona";-0,644;11,973;2
11133;"410203002";"zona";-0,644;11,973;2
40033;"410203002";"zona";-0,644;11,973;2
20505;"410203002";"zona";-0,644;11,973;2
609;"410203002";"zona";-0,644;11,973;2
13598;"410203002";"zona";-0,644;11,973;2
13445;"410203002";"zona";-0,644;11,973;2
613;"410203002";"zona";-0,644;11,973;2
11122;"410203002";"zona";-0,644;11,973;2
13553;"410203002";"zona";-0,644;11,973;2
12776;"410203002";"zona";-0,644;11,973;2
13361;"410203002";"zona";-0,644;11,973;2
11120;"410203002";"zona";-0,644;11,973;2
13621;"410203004";"zona";-0,576;13,847;3
20355;"410203004";"zona";-0,576;13,847;3
615;"410204001";"zona";-0,467;16,901;3
646;"410204001";"zona";-0,467;16,901;3
13637;"410205001";"zona";-0,542;14,798;3
628;"410205001";"zona";-0,542;14,798;3
40076;"410205002";"zona";-0,705;10,255;2
41790;"410205003";"zona";-0,661;11,499;2
13633;"410205003";"zona";-0,661;11,499;2
40302;"410205003";"zona";-0,661;11,499;2
13373;"410205005";"zona";-0,697;10,476;2
13370;"410205005";"zona";-0,697;10,476;2
13584;"410205005";"zona";-0,697;10,476;2
637;"410205006";"zona";-0,623;12,535;2
13601;"410205006";"zona";-0,623;12,535;2
13504;"410205006";"zona";-0,623;12,535;2
40143;"410205006";"zona";-0,623;12,535;2
40064;"410205007";"zona";-0,709;10,152;2
40322;"410205008";"zona";-0,608;12,965;3
13604;"410205008";"zona";-0,608;12,965;3
20513;"410205008";"zona";-0,608;12,965;3
11145;"410206001";"zona";-0,594;13,365;3
42079;"410206001";"zona";-0,594;13,365;3
40328;"410206001";"zona";-0,594;13,365;3
11105;"410206002";"zona";-0,732;9,493;1
13518;"410206002";"zona";-0,732;9,493;1
13405;"410206002";"zona";-0,732;9,493;1
40207;"410206002";"zona";-0,732;9,493;1
13501;"410206002";"zona";-0,732;9,493;1
40266;"410206002";"zona";-0,732;9,493;1
13403;"410206004";"zona";-0,768;8,496;1
13620;"410206004";"zona";-0,768;8,496;1
40021;"410206004";"zona";-0,768;8,496;1
13623;"410206005";"zona";-0,763;8,646;1
13625;"410206005";"zona";-0,763;8,646;1
40273;"410206005";"zona";-0,763;8,646;1
13489;"410206006";"zona";-0,803;7,536;1
13529;"410206006";"zona";-0,803;7,536;1
13632;"410206006";"zona";-0,803;7,536;1
631;"410206009";"zona";0,123;33,381;4
630;"410208001";"zona";-0,388;19,115;4
16913;"410208001";"zona";-0,388;19,115;4
13401;"410208001";"zona";-0,388;19,115;4
41541;"410208002";"zona";-0,426;18,053;4
621;"410209001";"zona";-0,535;15,002;3
623;"410209001";"zona";-0,535;15,002;3
624;"410209001";"zona";-0,535;15,002;3
612;"410209003";"zona";-0,683;10,876;2
13530;"410209003";"zona";-0,683;10,876;2
13558;"410209003";"zona";-0,683;10,876;2
40050;"410209004";"zona";-0,624;12,52;2
13613;"410209005";"zona";-0,675;11,089;2
20332;"410209006";"zona";-0,692;10,611;2
13612;"410209006";"zona";-0,692;10,611;2
13559;"410209007";"zona";-0,811;7,289;1
20328;"410209008";"zona";-0,773;8,359;1
31209;"410209008";"zona";-0,773;8,359;1
20405;"410209008";"zona";-0,773;8,359;1
41816;"410209008";"zona";-0,773;8,359;1
642;"410210001";"zona";-0,012;29,617;4
13461;"410215002";"zona";-0,458;17,168;3
626;"410215002";"zona";-0,458;17,168;3
13636;"410215002";"zona";-0,458;17,168;3
13320;"410215002";"zona";-0,458;17,168;3
632;"410216001";"zona";-0,193;24,565;4
13491;"410217001";"zona";-0,665;11,382;2
620;"410217001";"zona";-0,665;11,382;2
13479;"410217002";"zona";-0,711;10,084;2
11144;"410217003";"zona";-0,718;9,907;1
13499;"410217003";"zona";-0,718;9,907;1
13525;"410217003";"zona";-0,718;9,907;1
11139;"410217004";"zona";-0,644;11,95;2
618;"410217004";"zona";-0,644;11,95;2
13514;"410217005";"zona";-0,735;9,428;1
13557;"410217005";"zona";-0,735;9,428;1
40208;"410217006";"zona";-0,705;10,261;2
42056;"410217007";"zona";-0,6;13,201;3
20326;"410217007";"zona";-0,6;13,201;3
13629;"410217007";"zona";-0,6;13,201;3
40008;"410217007";"zona";-0,6;13,201;3
20638;"410217007";"zona";-0,6;13,201;3
41132;"410217007";"zona";-0,6;13,201;3
31218;"410218001";"zona";-0,701;10,367;2
41018;"410218001";"zona";-0,701;10,367;2
13324;"410218001";"zona";-0,701;10,367;2
40400;"410218001";"zona";-0,701;10,367;2
13313;"410218002";"zona";-0,702;10,345;2
13484;"410218002";"zona";-0,702;10,345;2
13396;"410218002";"zona";-0,702;10,345;2
13544;"410218003";"zona";-0,791;7,856;1
41504;"410218003";"zona";-0,791;7,856;1
13536;"410218003";"zona";-0,791;7,856;1
40153;"410218003";"zona";-0,791;7,856;1
40055;"410218004";"zona";-0,779;8,205;1
13341;"410218004";"zona";-0,779;8,205;1
20372;"410218005";"zona";-0,576;13,859;3
13332;"410218005";"zona";-0,576;13,859;3
647;"410218005";"zona";-0,576;13,859;3
13608;"410218006";"zona";-0,767;8,529;1
40057;"410218006";"zona";-0,767;8,529;1
13314;"410218006";"zona";-0,767;8,529;1
13561;"410218006";"zona";-0,767;8,529;1
13442;"410218006";"zona";-0,767;8,529;1
31215;"410218006";"zona";-0,767;8,529;1
655;"410218006";"zona";-0,767;8,529;1
41503;"410218007";"zona";-0,708;10,187;2
13593;"410218007";"zona";-0,708;10,187;2
13539;"410218007";"zona";-0,708;10,187;2
16969;"410218008";"zona";-0,712;10,056;2
13563;"410301001";"zona";-0,385;19,184;4
656;"410301001";"zona";-0,385;19,184;4
13611;"410301001";"zona";-0,385;19,184;4
13566;"410301001";"zona";-0,385;19,184;4
657;"410301001";"zona";-0,385;19,184;4
664;"410301002";"zona";-0,3;21,553;4
658;"410301002";"zona";-0,3;21,553;4
597;"410401001";"zona";-0,221;23,771;4
31220;"410601001";"zona";-0,586;13,575;3
31203;"410601002";"zona";-0,481;16,504;3
690;"410601002";"zona";-0,481;16,504;3
13606;"410602001";"zona";-0,593;13,377;3
13512;"410602001";"zona";-0,593;13,377;3
13517;"410602002";"zona";-0,436;17,782;3
666;"410602002";"zona";-0,436;17,782;3
665;"410602002";"zona";-0,436;17,782;3
20469;"410602002";"zona";-0,436;17,782;3
673;"410603001";"zona";-0,155;25,602;4
969;"420101001";"zona";-0,493;16,164;3
11147;"420101001";"zona";-0,493;16,164;3
988;"420101001";"zona";-0,493;16,164;3
13500;"420101002";"zona";-0,358;19,948;4
964;"420102002";"zona";-0,456;17,21;3
970;"420102002";"zona";-0,456;17,21;3
41978;"420102002";"zona";-0,456;17,21;3
11130;"420102002";"zona";-0,456;17,21;3
42140;"420102002";"zona";-0,456;17,21;3
11156;"420102002";"zona";-0,456;17,21;3
971;"420102002";"zona";-0,456;17,21;3
987;"420102002";"zona";-0,456;17,21;3
967;"420102002";"zona";-0,456;17,21;3
968;"420102002";"zona";-0,456;17,21;3
40018;"420102002";"zona";-0,456;17,21;3
972;"420102003";"zona";-0,619;12,654;2
13482;"420102003";"zona";-0,619;12,654;2
13524;"420102003";"zona";-0,619;12,654;2
982;"420109001";"zona";-0,676;11,071;2
1077;"420212001";"zona";0;29,936;4
1048;"420301001";"zona";-0,538;14,927;3
1066;"420301001";"zona";-0,538;14,927;3
13398;"420301001";"zona";-0,538;14,927;3
1049;"420301002";"zona";-0,385;19,179;4
12765;"420301002";"zona";-0,385;19,179;4
13531;"420301002";"zona";-0,385;19,179;4
13569;"420301004";"zona";-0,405;18,621;4
13568;"420301004";"zona";-0,405;18,621;4
1050;"420307001";"zona";-0,054;28,422;4
1051;"420307002";"zona";0,149;34,109;4
1014;"420401001";"zona";-0,477;16,633;3
31196;"420401001";"zona";-0,477;16,633;3
13534;"420401001";"zona";-0,477;16,633;3
13383;"420401001";"zona";-0,477;16,633;3
13627;"420401001";"zona";-0,477;16,633;3
42154;"420401001";"zona";-0,477;16,633;3
1013;"420401001";"zona";-0,477;16,633;3
13394;"420401002";"zona";-0,365;19,749;4
1045;"420401002";"zona";-0,365;19,749;4
1036;"420401002";"zona";-0,365;19,749;4
13395;"420401002";"zona";-0,365;19,749;4
13570;"420401003";"zona";-0,473;16,737;3
40319;"420401003";"zona";-0,473;16,737;3
1015;"420402001";"zona";-0,195;24,484;4
1019;"420409001";"zona";-0,311;21,245;4
1018;"420414001";"zona";-0,241;23,207;4
40391;"430101001";"zona";-0,645;11,941;2
40126;"430101001";"zona";-0,645;11,941;2
721;"430101001";"zona";-0,645;11,941;2
13513;"430101002";"zona";-0,531;15,117;3
711;"430101002";"zona";-0,531;15,117;3
40186;"430101002";"zona";-0,531;15,117;3
40398;"430101003";"zona";-0,493;16,181;3
766;"430101003";"zona";-0,493;16,181;3
13457;"430101003";"zona";-0,493;16,181;3
41840;"430101003";"zona";-0,493;16,181;3
13630;"430101003";"zona";-0,493;16,181;3
16908;"430101004";"zona";-0,668;11,299;2
13572;"430101004";"zona";-0,668;11,299;2
708;"430101004";"zona";-0,668;11,299;2
13387;"430101004";"zona";-0,668;11,299;2
769;"430101004";"zona";-0,668;11,299;2
11136;"430101004";"zona";-0,668;11,299;2
768;"430101004";"zona";-0,668;11,299;2
13532;"430101007";"zona";-0,618;12,684;2
40061;"430101007";"zona";-0,618;12,684;2
40397;"430101008";"zona";-0,706;10,224;2
13591;"430102001";"zona";-0,426;18,057;4
11106;"430102001";"zona";-0,426;18,057;4
13481;"430102001";"zona";-0,426;18,057;4
41930;"430102001";"zona";-0,426;18,057;4
704;"430102001";"zona";-0,426;18,057;4
767;"430102001";"zona";-0,426;18,057;4
707;"430102001";"zona";-0,426;18,057;4
11107;"430102001";"zona";-0,426;18,057;4
701;"430102001";"zona";-0,426;18,057;4
13538;"430102001";"zona";-0,426;18,057;4
712;"430102002";"zona";-0,622;12,583;2
42278;"430102002";"zona";-0,622;12,583;2
719;"430102002";"zona";-0,622;12,583;2
13573;"430102002";"zona";-0,622;12,583;2
706;"430102002";"zona";-0,622;12,583;2
20564;"430102003";"zona";-0,721;9,805;1
41179;"430102003";"zona";-0,721;9,805;1
770;"430102003";"zona";-0,721;9,805;1
714;"430103003";"zona";-0,603;13,094;3
763;"430103003";"zona";-0,603;13,094;3
11127;"430103003";"zona";-0,603;13,094;3
705;"430103004";"zona";-0,58;13,756;3
710;"430103004";"zona";-0,58;13,756;3
42035;"430103004";"zona";-0,58;13,756;3
13551;"430103006";"zona";-0,716;9,953;1
715;"430104001";"zona";-0,304;21,464;4
725;"430104001";"zona";-0,304;21,464;4
718;"430105001";"zona";-0,299;21,584;4
13590;"430107001";"zona";-0,606;13,031;3
709;"430107002";"zona";-0,728;9,605;1
13543;"430107002";"zona";-0,728;9,605;1
13597;"430107003";"zona";-0,717;9,915;1
13480;"430107003";"zona";-0,717;9,915;1
13439;"430107003";"zona";-0,717;9,915;1
13540;"430107003";"zona";-0,717;9,915;1
41826;"430108001";"zona";0,244;36,762;4
722;"430114001";"zona";-0,384;19,212;4
41444;"430114002";"zona";-0,663;11,418;2
757;"430116001";"zona";-0,252;22,895;4
716;"430116001";"zona";-0,252;22,895;4
713;"430121001";"zona";-0,26;22,69;4
845;"430201001";"zona";-0,393;18,974;4
13515;"430201001";"zona";-0,393;18,974;4
847;"430201001";"zona";-0,393;18,974;4
13545;"430202001";"zona";-0,406;18,593;4
799;"430301001";"zona";-0,43;17,941;3
13462;"430301001";"zona";-0,43;17,941;3
13427;"430301002";"zona";-0,301;21,551;4
802;"430301002";"zona";-0,301;21,551;4
798;"430317001";"zona";-0,201;24,324;4
13494;"430317002";"zona";-0,419;18,249;4
848;"430321001";"zona";-0,228;23,565;4
13541;"430321001";"zona";-0,228;23,565;4
897;"430401001";"zona";-0,224;23,68;4
13542;"430401001";"zona";-0,224;23,68;4
40303;"430401001";"zona";-0,224;23,68;4
11111;"430401001";"zona";-0,224;23,68;4
959;"430401001";"zona";-0,224;23,68;4
13506;"430401002";"zona";-0,358;19,938;4
14315;"510101001";"zona";-0,727;9,645;1
14550;"510101001";"zona";-0,727;9,645;1
14773;"510101001";"zona";-0,727;9,645;1
1582;"510101001";"zona";-0,727;9,645;1
40013;"510101001";"zona";-0,727;9,645;1
1587;"510101001";"zona";-0,727;9,645;1
14247;"510101001";"zona";-0,727;9,645;1
1555;"510101001";"zona";-0,727;9,645;1
1653;"510101001";"zona";-0,727;9,645;1
1548;"510101002";"zona";-0,622;12,577;2
40394;"510101003";"zona";-0,715;9,977;1
1511;"510101003";"zona";-0,715;9,977;1
12175;"510101004";"zona";-0,561;14,271;3
14859;"510101006";"zona";-0,748;9,067;1
1536;"510101006";"zona";-0,748;9,067;1
1550;"510101007";"zona";-0,685;10,824;2
11221;"510102001";"zona";-0,33;20,723;4
20388;"510102001";"zona";-0,33;20,723;4
14791;"510102002";"zona";-0,707;10,212;2
14541;"510102002";"zona";-0,707;10,212;2
1518;"510102003";"zona";-0,675;11,086;2
14538;"510102003";"zona";-0,675;11,086;2
1525;"510102003";"zona";-0,675;11,086;2
14256;"510102003";"zona";-0,675;11,086;2
1516;"510102003";"zona";-0,675;11,086;2
11217;"510103002";"zona";-0,781;8,14;1
40261;"510103002";"zona";-0,781;8,14;1
1610;"510103002";"zona";-0,781;8,14;1
1593;"510103004";"zona";-0,674;11,119;2
1739;"510103005";"zona";-0,695;10,539;2
1508;"510103005";"zona";-0,695;10,539;2
1540;"510103006";"zona";-0,693;10,586;2
1623;"510103009";"zona";-0,658;11,576;2
1523;"510103011";"zona";-0,694;10,557;2
14499;"510103011";"zona";-0,694;10,557;2
1650;"510105002";"zona";-0,739;9,314;1
1541;"510105002";"zona";-0,739;9,314;1
1624;"510105003";"zona";-0,736;9,399;1
1551;"510105006";"zona";-0,626;12,464;2
14300;"510106001";"zona";-0,694;10,562;2
14779;"510106002";"zona";-0,636;12,176;2
14389;"510106002";"zona";-0,636;12,176;2
1629;"510106003";"zona";-0,731;9,534;1
1597;"510106003";"zona";-0,731;9,534;1
14871;"510106003";"zona";-0,731;9,534;1
14606;"510106004";"zona";-0,791;7,846;1
14232;"510106005";"zona";-0,731;9,528;1
11220;"510106005";"zona";-0,731;9,528;1
1588;"510106005";"zona";-0,731;9,528;1
14338;"510107001";"zona";-0,522;15,367;3
14852;"510107001";"zona";-0,522;15,367;3
12146;"510107001";"zona";-0,522;15,367;3
1568;"510108002";"zona";-0,654;11,668;2
1579;"510108005";"zona";-0,734;9,447;1
1657;"510108005";"zona";-0,734;9,447;1
1571;"510108007";"zona";-0,586;13,595;3
1522;"510108009";"zona";-0,57;14,022;3
40281;"510109001";"zona";-0,768;8,505;1
1584;"510109002";"zona";-0,736;9,38;1
1569;"510109003";"zona";-0,755;8,872;1
1554;"510109003";"zona";-0,755;8,872;1
1507;"510109004";"zona";-0,53;15,136;3
14609;"510109004";"zona";-0,53;15,136;3
14758;"510110002";"zona";-0,646;11,918;2
1594;"510110002";"zona";-0,646;11,918;2
1515;"510110002";"zona";-0,646;11,918;2
1506;"510110005";"zona";-0,748;9,058;1
14219;"510110006";"zona";-0,756;8,823;1
1553;"510110007";"zona";-0,748;9,046;1
41383;"510111001";"zona";-0,599;13,215;3
1595;"510111001";"zona";-0,599;13,215;3
12311;"510111001";"zona";-0,599;13,215;3
1520;"510111001";"zona";-0,599;13,215;3
14371;"510111001";"zona";-0,599;13,215;3
1510;"510111001";"zona";-0,599;13,215;3
14417;"510111001";"zona";-0,599;13,215;3
14854;"510111001";"zona";-0,599;13,215;3
14467;"510111001";"zona";-0,599;13,215;3
1517;"510111001";"zona";-0,599;13,215;3
16993;"510111001";"zona";-0,599;13,215;3
42186;"510111001";"zona";-0,599;13,215;3
40010;"510111001";"zona";-0,599;13,215;3
1635;"510111001";"zona";-0,599;13,215;3
1529;"510112001";"zona";-0,54;14,876;3
41708;"510112001";"zona";-0,54;14,876;3
1638;"510112001";"zona";-0,54;14,876;3
41652;"510112001";"zona";-0,54;14,876;3
11188;"510112001";"zona";-0,54;14,876;3
14910;"510112001";"zona";-0,54;14,876;3
1537;"510112002";"zona";-0,668;11,293;2
1632;"510112002";"zona";-0,668;11,293;2
14846;"510112002";"zona";-0,668;11,293;2
1504;"510112002";"zona";-0,668;11,293;2
1641;"510112003";"zona";-0,636;12,195;2
40109;"510112003";"zona";-0,636;12,195;2
1586;"510112003";"zona";-0,636;12,195;2
14676;"510113001";"zona";-0,638;12,134;2
1502;"510113001";"zona";-0,638;12,134;2
14330;"510113004";"zona";-0,697;10,477;2
1607;"510114001";"zona";-0,664;11,399;2
1567;"510114003";"zona";-0,63;12,353;2
16992;"510114006";"zona";-0,591;13,429;3
1601;"510115002";"zona";-0,743;9,21;1
1634;"510115004";"zona";-0,646;11,915;2
14234;"510116008";"zona";-0,646;11,916;2
41479;"510116009";"zona";-0,536;14,984;3
1563;"510116009";"zona";-0,536;14,984;3
1556;"510116011";"zona";-0,675;11,104;2
1534;"510117001";"zona";-0,708;10,185;2
1596;"510117001";"zona";-0,708;10,185;2
1533;"510117001";"zona";-0,708;10,185;2
1599;"510117004";"zona";-0,734;9,453;1
1604;"510117007";"zona";-0,775;8,312;1
1590;"510117008";"zona";-0,572;13,974;3
1521;"510117008";"zona";-0,572;13,974;3
1581;"510117009";"zona";-0,735;9,43;1
1528;"510117009";"zona";-0,735;9,43;1
1585;"510117009";"zona";-0,735;9,43;1
1609;"510118001";"zona";-0,78;8,174;1
1519;"510118001";"zona";-0,78;8,174;1
11178;"510118001";"zona";-0,78;8,174;1
40259;"510118002";"zona";-0,784;8,062;1
40329;"510118003";"zona";-0,737;9,373;1
14678;"510118003";"zona";-0,737;9,373;1
14818;"510119001";"zona";-0,665;11,387;2
1503;"510119001";"zona";-0,665;11,387;2
1602;"510119001";"zona";-0,665;11,387;2
16964;"510119001";"zona";-0,665;11,387;2
41432;"510119003";"zona";-0,631;12,326;2
1514;"510119004";"zona";-0,69;10,67;2
40026;"510119004";"zona";-0,69;10,67;2
14916;"510119004";"zona";-0,69;10,67;2
1583;"510119004";"zona";-0,69;10,67;2
40132;"510119004";"zona";-0,69;10,67;2
40378;"510119005";"zona";-0,785;8,027;1
1526;"510119005";"zona";-0,785;8,027;1
1626;"510120001";"zona";-0,74;9,267;1
42085;"510120002";"zona";-0,719;9,878;1
14922;"510120003";"zona";-0,799;7,624;1
12310;"510120004";"zona";-0,726;9,681;1
1598;"510120005";"zona";-0,678;11,009;2
1538;"510120005";"zona";-0,678;11,009;2
1543;"510120007";"zona";-0,658;11,583;2
14783;"510121001";"zona";-0,764;8,603;1
40125;"510121001";"zona";-0,764;8,603;1
41615;"510121002";"zona";-0,691;10,645;2
16881;"510121003";"zona";-0,334;20,627;4
16791;"510121003";"zona";-0,334;20,627;4
1549;"510121004";"zona";-0,612;12,857;2
41706;"510121004";"zona";-0,612;12,857;2
14413;"510121004";"zona";-0,612;12,857;2
16906;"510121004";"zona";-0,612;12,857;2
14764;"510121005";"zona";-0,844;6,366;1
41908;"510121007";"zona";-0,774;8,33;1
41912;"510121007";"zona";-0,774;8,33;1
14466;"510121007";"zona";-0,774;8,33;1
1621;"510121008";"zona";-0,508;15,76;3
20497;"510121008";"zona";-0,508;15,76;3
20300;"510121008";"zona";-0,508;15,76;3
1620;"510121008";"zona";-0,508;15,76;3
16887;"510121008";"zona";-0,508;15,76;3
1578;"510122001";"zona";-0,702;10,353;2
1547;"510123001";"zona";-0,649;11,822;2
1619;"510123005";"zona";-0,675;11,098;2
40083;"510123007";"zona";-0,672;11,189;2
1524;"510123008";"zona";-0,69;10,667;2
1577;"510123012";"zona";0,313;38,685;4
1509;"510125002";"zona";-0,668;11,282;2
1603;"510125003";"zona";-0,705;10,269;2
1557;"510125006";"zona";-0,737;9,377;1
1573;"510125008";"zona";-0,656;11,628;2
40049;"510125009";"zona";-0,649;11,827;2
14364;"510125010";"zona";-0,673;11,165;2
1570;"510125010";"zona";-0,673;11,165;2
20518;"510125010";"zona";-0,673;11,165;2
14944;"510125011";"zona";-0,734;9,452;1
1542;"510126004";"zona";-0,666;11,347;2
14760;"510126005";"zona";-0,678;11,007;2
40085;"510126008";"zona";-0,664;11,412;2
14511;"510201001";"zona";-0,652;11,74;2
1996;"510201002";"zona";-0,568;14,093;3
14874;"510201002";"zona";-0,568;14,093;3
2008;"510201002";"zona";-0,568;14,093;3
40409;"510201002";"zona";-0,568;14,093;3
14271;"510201002";"zona";-0,568;14,093;3
40260;"510201002";"zona";-0,568;14,093;3
2007;"510201002";"zona";-0,568;14,093;3
14631;"510201003";"zona";-0,612;12,847;2
1997;"510201003";"zona";-0,612;12,847;2
41281;"510201003";"zona";-0,612;12,847;2
14514;"510201004";"zona";-0,557;14,4;3
14845;"510201005";"zona";-0,494;16,151;3
14517;"510201005";"zona";-0,494;16,151;3
1998;"510201005";"zona";-0,494;16,151;3
1999;"510201005";"zona";-0,494;16,151;3
14643;"510203001";"zona";0,151;34,17;4
16900;"510301003";"zona";-0,691;10,636;2
1769;"510301003";"zona";-0,691;10,636;2
14504;"510301004";"zona";-0,691;10,644;2
41528;"510301005";"zona";-0,772;8,382;1
41549;"510301005";"zona";-0,772;8,382;1
42283;"510301006";"zona";-0,699;10,43;2
14866;"510301007";"zona";-0,64;12,064;2
1743;"510301007";"zona";-0,64;12,064;2
14822;"510301008";"zona";-0,707;10,214;2
14224;"510301008";"zona";-0,707;10,214;2
1689;"510301008";"zona";-0,707;10,214;2
14463;"510301008";"zona";-0,707;10,214;2
14850;"510301008";"zona";-0,707;10,214;2
12332;"510301008";"zona";-0,707;10,214;2
14503;"510301009";"zona";-0,228;23,566;4
1783;"510301010";"zona";-0,683;10,885;2
42201;"510301010";"zona";-0,683;10,885;2
1828;"510301010";"zona";-0,683;10,885;2
14379;"510301010";"zona";-0,683;10,885;2
14498;"510301010";"zona";-0,683;10,885;2
14605;"510301010";"zona";-0,683;10,885;2
14249;"510301010";"zona";-0,683;10,885;2
41836;"510301010";"zona";-0,683;10,885;2
1699;"510301011";"zona";-0,64;12,069;2
1863;"510501001";"zona";-0,33;20,715;4
1878;"510501003";"zona";0,06;31,61;4
1874;"510502001";"zona";0,144;33,965;4
1875;"510502001";"zona";0,144;33,965;4
14896;"510504001";"zona";-0,473;16,726;3
1868;"510508002";"zona";0,152;34,196;4
14829;"510508002";"zona";0,152;34,196;4
1873;"510508003";"zona";-0,095;27,289;4
1864;"510508006";"zona";-0,288;21,913;4
1870;"510508008";"zona";0,162;34,468;4
1860;"510701002";"zona";-0,549;14,619;3
11205;"510701002";"zona";-0,549;14,619;3
1858;"510701002";"zona";-0,549;14,619;3
1851;"510701002";"zona";-0,549;14,619;3
1855;"510701003";"zona";-0,597;13,267;3
14863;"510701003";"zona";-0,597;13,267;3
1853;"510701006";"zona";-0,188;24,695;4
31449;"510701010";"zona";-0,526;15,246;3
31462;"510701010";"zona";-0,526;15,246;3
1859;"510701010";"zona";-0,526;15,246;3
14526;"510701010";"zona";-0,526;15,246;3
14559;"510701010";"zona";-0,526;15,246;3
14213;"510701011";"zona";-0,627;12,442;2
1776;"510901001";"zona";-0,642;12,029;2
14284;"510901001";"zona";-0,642;12,029;2
1747;"510901001";"zona";-0,642;12,029;2
14292;"510901002";"zona";-0,761;8,683;1
14225;"510901004";"zona";-0,697;10,471;2
14439;"510901004";"zona";-0,697;10,471;2
1677;"510901004";"zona";-0,697;10,471;2
1840;"510901004";"zona";-0,697;10,471;2
14421;"510901004";"zona";-0,697;10,471;2
41338;"510901004";"zona";-0,697;10,471;2
14556;"510901004";"zona";-0,697;10,471;2
1675;"510901004";"zona";-0,697;10,471;2
14444;"510902004";"zona";-0,822;6,984;1
14493;"510903001";"zona";-0,699;10,424;2
1681;"510903002";"zona";-0,716;9,956;1
12171;"510903002";"zona";-0,716;9,956;1
1735;"510903002";"zona";-0,716;9,956;1
41401;"510903002";"zona";-0,716;9,956;1
1728;"510904002";"zona";-0,718;9,891;1
1826;"510904003";"zona";-0,523;15,348;3
14316;"510904003";"zona";-0,523;15,348;3
14255;"510904004";"zona";-0,65;11,79;2
1781;"510904007";"zona";-0,732;9,505;1
41948;"510904007";"zona";-0,732;9,505;1
1788;"510904009";"zona";-0,69;10,666;2
14355;"510904009";"zona";-0,69;10,666;2
41556;"510904009";"zona";-0,69;10,666;2
14305;"510905001";"zona";-0,435;17,808;3
1734;"510905001";"zona";-0,435;17,808;3
1701;"510905003";"zona";-0,585;13,62;3
40034;"510905003";"zona";-0,585;13,62;3
31456;"510905003";"zona";-0,585;13,62;3
1707;"510905003";"zona";-0,585;13,62;3
14616;"510905004";"zona";-0,596;13,298;3
1664;"510905005";"zona";-0,605;13,056;3
1721;"510905005";"zona";-0,605;13,056;3
12323;"510905005";"zona";-0,605;13,056;3
40089;"510905005";"zona";-0,605;13,056;3
14941;"510905007";"zona";-0,732;9,507;1
1692;"510905007";"zona";-0,732;9,507;1
12330;"510906001";"zona";-0,545;14,712;3
14878;"510906001";"zona";-0,545;14,712;3
40001;"510906001";"zona";-0,545;14,712;3
14747;"510906001";"zona";-0,545;14,712;3
14629;"510906002";"zona";-0,615;12,784;2
1702;"510906004";"zona";-0,661;11,484;2
1704;"510906005";"zona";-0,709;10,145;2
1696;"510907001";"zona";-0,708;10,163;2
16943;"510907001";"zona";-0,708;10,163;2
1839;"510907001";"zona";-0,708;10,163;2
14494;"510907001";"zona";-0,708;10,163;2
14347;"510907001";"zona";-0,708;10,163;2
1774;"510907001";"zona";-0,708;10,163;2
1717;"510907003";"zona";-0,515;15,561;3
1732;"510907003";"zona";-0,515;15,561;3
12302;"510907004";"zona";-0,542;14,82;3
40413;"510907004";"zona";-0,542;14,82;3
1685;"510907004";"zona";-0,542;14,82;3
40030;"510907004";"zona";-0,542;14,82;3
14280;"510907005";"zona";-0,431;17,919;3
14801;"510907007";"zona";-0,706;10,24;2
1684;"510908001";"zona";-0,811;7,295;1
1844;"510908001";"zona";-0,811;7,295;1
14814;"510908001";"zona";-0,811;7,295;1
1801;"510908001";"zona";-0,811;7,295;1
1777;"510908001";"zona";-0,811;7,295;1
14324;"510908001";"zona";-0,811;7,295;1
1676;"510908001";"zona";-0,811;7,295;1
1666;"510908002";"zona";-0,822;6,983;1
41835;"510908002";"zona";-0,822;6,983;1
1746;"510908002";"zona";-0,822;6,983;1
12294;"510908002";"zona";-0,822;6,983;1
1775;"510908002";"zona";-0,822;6,983;1
14937;"510908002";"zona";-0,822;6,983;1
14428;"510908002";"zona";-0,822;6,983;1
14654;"510908002";"zona";-0,822;6,983;1
41809;"510908002";"zona";-0,822;6,983;1
1760;"510909002";"zona";-0,723;9,764;1
1752;"510909002";"zona";-0,723;9,764;1
1751;"510909002";"zona";-0,723;9,764;1
1669;"510909002";"zona";-0,723;9,764;1
1749;"510909002";"zona";-0,723;9,764;1
14923;"510910001";"zona";-0,85;6,207;1
1720;"510910002";"zona";-0,702;10,35;2
12301;"510910002";"zona";-0,702;10,35;2
16806;"510910002";"zona";-0,702;10,35;2
14500;"510910002";"zona";-0,702;10,35;2
1791;"510910003";"zona";-0,723;9,767;1
14657;"510910003";"zona";-0,723;9,767;1
1750;"510910004";"zona";-0,753;8,912;1
14656;"510910004";"zona";-0,753;8,912;1
14734;"510910004";"zona";-0,753;8,912;1
1787;"510910005";"zona";-0,795;7,754;1
1792;"510910005";"zona";-0,795;7,754;1
1686;"510911001";"zona";-0,774;8,321;1
1674;"510911001";"zona";-0,774;8,321;1
1761;"510911001";"zona";-0,774;8,321;1
14258;"510911002";"zona";-0,784;8,065;1
1691;"510911002";"zona";-0,784;8,065;1
14869;"510911002";"zona";-0,784;8,065;1
1703;"510911004";"zona";-0,761;8,693;1
1789;"510911004";"zona";-0,761;8,693;1
1780;"510911005";"zona";-0,752;8,956;1
1796;"510911006";"zona";-0,775;8,299;1
14263;"510912003";"zona";-0,644;11,975;2
1823;"510912003";"zona";-0,644;11,975;2
1680;"510912003";"zona";-0,644;11,975;2
14592;"510912003";"zona";-0,644;11,975;2
1668;"510912003";"zona";-0,644;11,975;2
1803;"510912003";"zona";-0,644;11,975;2
1688;"510912003";"zona";-0,644;11,975;2
40090;"510912003";"zona";-0,644;11,975;2
14334;"510913001";"zona";-0,451;17,344;3
14521;"510913002";"zona";-0,795;7,738;1
14257;"510913002";"zona";-0,795;7,738;1
1819;"510913002";"zona";-0,795;7,738;1
1738;"510913002";"zona";-0,795;7,738;1
14265;"510913002";"zona";-0,795;7,738;1
14721;"510913003";"zona";-0,724;9,741;1
1695;"510913003";"zona";-0,724;9,741;1
14452;"510913003";"zona";-0,724;9,741;1
1672;"510914001";"zona";-0,644;11,974;2
14354;"510914001";"zona";-0,644;11,974;2
14353;"510914001";"zona";-0,644;11,974;2
1667;"510914001";"zona";-0,644;11,974;2
14260;"510914002";"zona";-0,708;10,184;2
1678;"510914002";"zona";-0,708;10,184;2
40042;"510914002";"zona";-0,708;10,184;2
1705;"510914004";"zona";-0,678;11,004;2
1631;"510915002";"zona";-0,632;12,307;2
1709;"510915003";"zona";-0,76;8,709;1
1682;"510915003";"zona";-0,76;8,709;1
1741;"510915003";"zona";-0,76;8,709;1
14254;"510915003";"zona";-0,76;8,709;1
1763;"510915003";"zona";-0,76;8,709;1
16907;"510915003";"zona";-0,76;8,709;1
1758;"510915004";"zona";-0,701;10,358;2
1759;"510915004";"zona";-0,701;10,358;2
14394;"510915004";"zona";-0,701;10,358;2
14917;"510915006";"zona";-0,608;12,96;3
14753;"510915006";"zona";-0,608;12,96;3
14716;"510915006";"zona";-0,608;12,96;3
40248;"510915006";"zona";-0,608;12,96;3
1795;"510915006";"zona";-0,608;12,96;3
40393;"510915006";"zona";-0,608;12,96;3
14799;"510915006";"zona";-0,608;12,96;3
1710;"510915006";"zona";-0,608;12,96;3
41547;"510915006";"zona";-0,608;12,96;3
42209;"510915006";"zona";-0,608;12,96;3
14851;"510915007";"zona";-0,715;9,987;1
1755;"510915007";"zona";-0,715;9,987;1
14832;"510916001";"zona";-0,324;20,891;4
1716;"510916001";"zona";-0,324;20,891;4
40212;"510916002";"zona";-0,269;22,42;4
40240;"510916004";"zona";-0,561;14,276;3
14387;"510916005";"zona";-0,441;17,618;3
31455;"510916005";"zona";-0,441;17,618;3
1697;"510916008";"zona";-0,737;9,369;1
1718;"510917001";"zona";-0,402;18,719;4
14862;"510917002";"zona";-0,592;13,418;3
1708;"510917002";"zona";-0,592;13,418;3
12312;"510917002";"zona";-0,592;13,418;3
14396;"510917003";"zona";-0,752;8,934;1
1683;"510917005";"zona";-0,703;10,31;2
14769;"510917005";"zona";-0,703;10,31;2
14703;"510917006";"zona";-0,803;7,535;1
41707;"510917006";"zona";-0,803;7,535;1
40000;"510917006";"zona";-0,803;7,535;1
14323;"510917007";"zona";-0,793;7,815;1
14572;"510917007";"zona";-0,793;7,815;1
12151;"510917007";"zona";-0,793;7,815;1
14904;"510917007";"zona";-0,793;7,815;1
1748;"510917009";"zona";-0,386;19,162;4
40170;"510917010";"zona";-0,516;15,545;3
1756;"510917011";"zona";-0,726;9,68;1
16883;"510917011";"zona";-0,726;9,68;1
14608;"510917011";"zona";-0,726;9,68;1
40155;"510917012";"zona";-0,833;6,69;1
14490;"510917013";"zona";-0,76;8,726;1
14546;"510917014";"zona";-0,644;11,949;2
14351;"510917014";"zona";-0,644;11,949;2
14685;"510917014";"zona";-0,644;11,949;2
1847;"510917014";"zona";-0,644;11,949;2
1663;"510918001";"zona";-0,745;9,13;1
41356;"510918001";"zona";-0,745;9,13;1
1742;"510918001";"zona";-0,745;9,13;1
1722;"510918001";"zona";-0,745;9,13;1
41442;"510918001";"zona";-0,745;9,13;1
14250;"510918002";"zona";-0,847;6,28;1
14516;"510918002";"zona";-0,847;6,28;1
14839;"510918003";"zona";-0,693;10,581;2
1772;"510918003";"zona";-0,693;10,581;2
14903;"510919001";"zona";-0,558;14,363;3
1724;"510919001";"zona";-0,558;14,363;3
1698;"510919001";"zona";-0,558;14,363;3
14954;"510919003";"zona";-0,633;12,276;2
1700;"510920001";"zona";-0,68;10,967;2
1712;"510920002";"zona";-0,672;11,184;2
1842;"510920002";"zona";-0,672;11,184;2
14738;"510920002";"zona";-0,672;11,184;2
1714;"510921002";"zona";-0,76;8,735;1
40252;"510921002";"zona";-0,76;8,735;1
40342;"510921003";"zona";-0,612;12,863;2
1693;"510921004";"zona";-0,677;11,051;2
2101;"520101001";"zona";0,237;36,55;4
14860;"520101001";"zona";0,237;36,55;4
14881;"520101001";"zona";0,237;36,55;4
14675;"520101002";"zona";0,131;33,6;4
41714;"530101001";"zona";-0,658;11,57;2
1198;"530101001";"zona";-0,658;11,57;2
41465;"530101001";"zona";-0,658;11,57;2
1214;"530101002";"zona";-0,529;15,179;3
1194;"530101002";"zona";-0,529;15,179;3
1221;"530101002";"zona";-0,529;15,179;3
14945;"530101002";"zona";-0,529;15,179;3
1200;"530101002";"zona";-0,529;15,179;3
14588;"530101004";"zona";-0,655;11,649;2
17000;"530101004";"zona";-0,655;11,649;2
14589;"530101004";"zona";-0,655;11,649;2
16988;"530102001";"zona";-0,614;12,79;2
13206;"530102001";"zona";-0,614;12,79;2
14578;"530102003";"zona";-0,663;11,436;2
1213;"530102003";"zona";-0,663;11,436;2
14772;"530102003";"zona";-0,663;11,436;2
1226;"530102003";"zona";-0,663;11,436;2
14762;"530102003";"zona";-0,663;11,436;2
1202;"530102003";"zona";-0,663;11,436;2
1201;"530103001";"zona";-0,7;10,392;2
1204;"530103001";"zona";-0,7;10,392;2
1229;"530103001";"zona";-0,7;10,392;2
1215;"530103001";"zona";-0,7;10,392;2
40362;"530103001";"zona";-0,7;10,392;2
1197;"530103002";"zona";-0,552;14,542;3
14409;"530103002";"zona";-0,552;14,542;3
1220;"530103002";"zona";-0,552;14,542;3
1225;"530103003";"zona";-0,563;14,219;3
31452;"530103003";"zona";-0,563;14,219;3
1203;"530103004";"zona";-0,666;11,357;2
1217;"530106001";"zona";-0,528;15,213;3
1196;"530106001";"zona";-0,528;15,213;3
1216;"530106001";"zona";-0,528;15,213;3
1206;"530106001";"zona";-0,528;15,213;3
16989;"530106001";"zona";-0,528;15,213;3
14201;"530106001";"zona";-0,528;15,213;3
1195;"530106001";"zona";-0,528;15,213;3
1199;"530106001";"zona";-0,528;15,213;3
11203;"530106002";"zona";-0,627;12,446;2
1211;"530106003";"zona";-0,691;10,662;2
14755;"530106005";"zona";-0,729;9,601;1
1218;"530106005";"zona";-0,729;9,601;1
1248;"530202001";"zona";-0,56;14,318;3
1256;"530202001";"zona";-0,56;14,318;3
40352;"530202002";"zona";-0,67;11,233;2
14414;"530202004";"zona";-0,511;15,683;3
1250;"530202004";"zona";-0,511;15,683;3
1249;"530204001";"zona";-0,6;13,18;3
1247;"530205002";"zona";-0,481;16,504;3
1257;"530301001";"zona";-0,28;22,129;4
16813;"530302001";"zona";-0,507;15,778;3
1260;"530303001";"zona";-0,577;13,834;3
1259;"530304001";"zona";-0,405;18,646;4
1233;"530401001";"zona";-0,355;20,034;4
1234;"530408001";"zona";-0,631;12,321;2
14811;"530408001";"zona";-0,631;12,321;2
14877;"530409001";"zona";-0,543;14,768;3
14423;"540101001";"zona";-0,591;13,45;3
1123;"540101001";"zona";-0,591;13,45;3
1119;"540101001";"zona";-0,591;13,45;3
14376;"540101001";"zona";-0,591;13,45;3
14537;"540101001";"zona";-0,591;13,45;3
14664;"540101001";"zona";-0,591;13,45;3
1126;"540101001";"zona";-0,591;13,45;3
1122;"540101002";"zona";-0,508;15,758;3
1121;"540101002";"zona";-0,508;15,758;3
14577;"540101002";"zona";-0,508;15,758;3
1120;"540101002";"zona";-0,508;15,758;3
11199;"540102001";"zona";-0,575;13,887;3
40421;"540102001";"zona";-0,575;13,887;3
14726;"540102001";"zona";-0,575;13,887;3
14460;"540102001";"zona";-0,575;13,887;3
14915;"540102001";"zona";-0,575;13,887;3
40331;"540102003";"zona";-0,566;14,148;3
14446;"540102003";"zona";-0,566;14,148;3
14951;"540102004";"zona";-0,603;13,093;3
14735;"540102004";"zona";-0,603;13,093;3
14695;"540102004";"zona";-0,603;13,093;3
14487;"540102004";"zona";-0,603;13,093;3
41510;"540105001";"zona";-0,095;27,303;4
1125;"540105001";"zona";-0,095;27,303;4
14416;"540105002";"zona";1,061;59,565;4
1139;"540113001";"zona";0,062;31,686;4
1128;"540113001";"zona";0,062;31,686;4
1170;"540201001";"zona";-0,255;22,828;4
1168;"540205001";"zona";-0,589;13,492;3
14918;"540205001";"zona";-0,589;13,492;3
14395;"540205001";"zona";-0,589;13,492;3
12177;"540205001";"zona";-0,589;13,492;3
11196;"540205001";"zona";-0,589;13,492;3
1167;"540205002";"zona";-0,482;16,481;3
40242;"540205003";"zona";-0,536;14,977;3
14332;"540205003";"zona";-0,536;14,977;3
14479;"540205003";"zona";-0,536;14,977;3
14785;"540205003";"zona";-0,536;14,977;3
12336;"540205003";"zona";-0,536;14,977;3
14823;"540301001";"zona";-0,319;21,027;4
40099;"540301001";"zona";-0,319;21,027;4
1191;"540301002";"zona";-0,424;18,113;4
1192;"540302001";"zona";-0,255;22,834;4
1149;"540404001";"zona";-0,033;29,023;4
1166;"540404001";"zona";-0,033;29,023;4
1148;"540405001";"zona";-0,258;22,73;4
1164;"540405001";"zona";-0,258;22,73;4
1183;"540501001";"zona";-0,154;25,639;4
1190;"540501001";"zona";-0,154;25,639;4
1185;"540502001";"zona";-0,04;28,815;4
1184;"540504001";"zona";-0,508;15,754;3
14628;"550101001";"zona";-0,526;15,251;3
1400;"550101001";"zona";-0,526;15,251;3
1403;"550101001";"zona";-0,526;15,251;3
1405;"550101001";"zona";-0,526;15,251;3
41639;"550101001";"zona";-0,526;15,251;3
14397;"550101001";"zona";-0,526;15,251;3
1363;"550101001";"zona";-0,526;15,251;3
1402;"550101001";"zona";-0,526;15,251;3
1367;"550101001";"zona";-0,526;15,251;3
1369;"550101001";"zona";-0,526;15,251;3
1404;"550101001";"zona";-0,526;15,251;3
12295;"550101001";"zona";-0,526;15,251;3
14362;"550101001";"zona";-0,526;15,251;3
1392;"550102001";"zona";-0,619;12,671;2
14742;"550102001";"zona";-0,619;12,671;2
1374;"550102001";"zona";-0,619;12,671;2
14808;"550102001";"zona";-0,619;12,671;2
1397;"550102001";"zona";-0,619;12,671;2
14955;"550102002";"zona";-0,715;9,989;1
16945;"550102003";"zona";-0,672;11,188;2
1377;"550102004";"zona";-0,661;11,5;2
11180;"550102004";"zona";-0,661;11,5;2
1370;"550102005";"zona";-0,698;10,46;2
14880;"550102005";"zona";-0,698;10,46;2
14671;"550102006";"zona";-0,787;7,972;1
14894;"550103001";"zona";-0,516;15,538;3
1368;"550103001";"zona";-0,516;15,538;3
1412;"550103001";"zona";-0,516;15,538;3
14208;"550103001";"zona";-0,516;15,538;3
1395;"550103001";"zona";-0,516;15,538;3
14733;"550103002";"zona";-0,607;12,987;3
14770;"550103002";"zona";-0,607;12,987;3
11230;"550103002";"zona";-0,607;12,987;3
14834;"550104001";"zona";-0,718;9,896;1
14913;"550104001";"zona";-0,718;9,896;1
14673;"550104002";"zona";-0,673;11,161;2
31460;"550104002";"zona";-0,673;11,161;2
1384;"550104002";"zona";-0,673;11,161;2
14594;"550104002";"zona";-0,673;11,161;2
20363;"550104002";"zona";-0,673;11,161;2
14662;"550105001";"zona";-0,621;12,606;2
1393;"550105001";"zona";-0,621;12,606;2
1366;"550105002";"zona";-0,675;11,101;2
20366;"550107001";"zona";-0,436;17,759;3
14308;"550107001";"zona";-0,436;17,759;3
1378;"550107001";"zona";-0,436;17,759;3
42116;"550108003";"zona";-0,678;11,004;2
42029;"550108003";"zona";-0,678;11,004;2
14270;"550112001";"zona";-0,661;11,474;2
1371;"550112001";"zona";-0,661;11,474;2
1364;"550112001";"zona";-0,661;11,474;2
14901;"550112002";"zona";-0,669;11,26;2
14663;"550112002";"zona";-0,669;11,26;2
14398;"550112002";"zona";-0,669;11,26;2
1437;"550201001";"zona";-0,578;13,794;3
1440;"550201001";"zona";-0,578;13,794;3
14269;"550201001";"zona";-0,578;13,794;3
1436;"550201001";"zona";-0,578;13,794;3
1428;"550201001";"zona";-0,578;13,794;3
1441;"550201002";"zona";-0,581;13,71;3
1430;"550201002";"zona";-0,581;13,71;3
1422;"550201003";"zona";-0,554;14,467;3
14727;"550201003";"zona";-0,554;14,467;3
14666;"550201003";"zona";-0,554;14,467;3
14800;"550201003";"zona";-0,554;14,467;3
11240;"550201003";"zona";-0,554;14,467;3
14593;"550201003";"zona";-0,554;14,467;3
1438;"550201003";"zona";-0,554;14,467;3
41674;"550201004";"zona";-0,265;22,54;4
1443;"550201004";"zona";-0,265;22,54;4
40379;"550202001";"zona";-0,447;17,475;3
1423;"550202001";"zona";-0,447;17,475;3
1424;"550202002";"zona";-0,528;15,207;3
1427;"550202002";"zona";-0,528;15,207;3
14268;"550202002";"zona";-0,528;15,207;3
40407;"550202002";"zona";-0,528;15,207;3
1311;"550202002";"zona";-0,528;15,207;3
20443;"550202002";"zona";-0,528;15,207;3
1435;"550202003";"zona";-0,182;24,851;4
14930;"550203001";"zona";-0,541;14,829;3
14289;"550203001";"zona";-0,541;14,829;3
14212;"550203002";"zona";-0,453;17,297;3
14810;"550203002";"zona";-0,453;17,297;3
1425;"550203002";"zona";-0,453;17,297;3
14929;"550205001";"zona";-0,714;9,998;2
14411;"550205001";"zona";-0,714;9,998;2
14893;"550205001";"zona";-0,714;9,998;2
14210;"550205001";"zona";-0,714;9,998;2
40187;"550205001";"zona";-0,714;9,998;2
14837;"550205002";"zona";-0,677;11,038;2
1431;"550205002";"zona";-0,677;11,038;2
1433;"550205002";"zona";-0,677;11,038;2
14935;"550205003";"zona";-0,678;11,022;2
14938;"550205003";"zona";-0,678;11,022;2
11224;"550205003";"zona";-0,678;11,022;2
40185;"550205004";"zona";-0,667;11,315;2
14902;"550205004";"zona";-0,667;11,315;2
14506;"550205004";"zona";-0,667;11,315;2
1442;"550205005";"zona";-0,735;9,421;1
14649;"550205005";"zona";-0,735;9,421;1
14782;"550205006";"zona";-0,714;9,997;2
1394;"550205006";"zona";-0,714;9,997;2
1455;"550301001";"zona";-0,154;25,654;4
1453;"550302001";"zona";-0,369;19,638;4
14731;"550302001";"zona";-0,369;19,638;4
14737;"550302001";"zona";-0,369;19,638;4
11177;"550302001";"zona";-0,369;19,638;4
1459;"550305001";"zona";0,159;34,39;4
1457;"550305002";"zona";0,261;37,236;4
1416;"550401001";"zona";-0,526;15,249;3
20354;"550401001";"zona";-0,526;15,249;3
14868;"550401001";"zona";-0,526;15,249;3
14848;"550403001";"zona";-0,546;14,695;3
1417;"550403001";"zona";-0,546;14,695;3
1414;"550405001";"zona";-0,705;10,272;2
1421;"550405002";"zona";-0,619;12,656;2
14907;"550405002";"zona";-0,619;12,656;2
14692;"550601001";"zona";-0,452;17,322;3
1444;"550601001";"zona";-0,452;17,322;3
40305;"550602001";"zona";-0,556;14,406;3
1447;"550602001";"zona";-0,556;14,406;3
14828;"550603002";"zona";-0,26;22,682;4
1449;"550603002";"zona";-0,26;22,682;4
40385;"550603002";"zona";-0,26;22,682;4
14583;"550603002";"zona";-0,26;22,682;4
1445;"550603003";"zona";-0,355;20,033;4
14789;"560101002";"zona";-0,448;17,435;3
14492;"560101003";"zona";-0,465;16,96;3
31447;"560101003";"zona";-0,465;16,96;3
40218;"560101003";"zona";-0,465;16,96;3
2026;"560101003";"zona";-0,465;16,96;3
40171;"560101004";"zona";-0,579;13,784;3
14788;"560101004";"zona";-0,579;13,784;3
2052;"560101004";"zona";-0,579;13,784;3
2050;"560101004";"zona";-0,579;13,784;3
14645;"560101004";"zona";-0,579;13,784;3
14551;"560101004";"zona";-0,579;13,784;3
14873;"560101004";"zona";-0,579;13,784;3
2047;"560101004";"zona";-0,579;13,784;3
2021;"560101006";"zona";-0,5;15,973;3
2014;"560101007";"zona";-0,51;15,709;3
2044;"560101007";"zona";-0,51;15,709;3
2024;"560104001";"zona";-0,539;14,889;3
14373;"560104001";"zona";-0,539;14,889;3
2049;"560104001";"zona";-0,539;14,889;3
11201;"560104002";"zona";-0,531;15,122;3
14288;"560104002";"zona";-0,531;15,122;3
2040;"560104002";"zona";-0,531;15,122;3
14547;"560104002";"zona";-0,531;15,122;3
14568;"560104002";"zona";-0,531;15,122;3
40267;"560104002";"zona";-0,531;15,122;3
14525;"560104002";"zona";-0,531;15,122;3
2041;"560104002";"zona";-0,531;15,122;3
2055;"560104003";"zona";-0,638;12,12;2
2057;"560104003";"zona";-0,638;12,12;2
14539;"560104004";"zona";-0,559;14,337;3
2019;"560104004";"zona";-0,559;14,337;3
42064;"560104004";"zona";-0,559;14,337;3
14509;"560104004";"zona";-0,559;14,337;3
2011;"560104004";"zona";-0,559;14,337;3
14626;"560104004";"zona";-0,559;14,337;3
2043;"560105001";"zona";-0,19;24,639;4
2020;"560105001";"zona";-0,19;24,639;4
40289;"560105001";"zona";-0,19;24,639;4
41612;"560105001";"zona";-0,19;24,639;4
16851;"560105001";"zona";-0,19;24,639;4
2012;"560105001";"zona";-0,19;24,639;4
2048;"560105002";"zona";-0,632;12,291;2
14557;"560105002";"zona";-0,632;12,291;2
41916;"560105002";"zona";-0,632;12,291;2
2018;"560105003";"zona";-0,758;8,766;1
14909;"560105003";"zona";-0,758;8,766;1
14699;"560105003";"zona";-0,758;8,766;1
14669;"560105003";"zona";-0,758;8,766;1
40037;"560105004";"zona";-0,619;12,653;2
2022;"560105004";"zona";-0,619;12,653;2
14625;"560105005";"zona";-0,631;12,325;2
11234;"560105005";"zona";-0,631;12,325;2
42088;"560105005";"zona";-0,631;12,325;2
2053;"560105005";"zona";-0,631;12,325;2
2025;"560105006";"zona";-0,626;12,478;2
2013;"560105006";"zona";-0,626;12,478;2
2017;"560105006";"zona";-0,626;12,478;2
2028;"560105006";"zona";-0,626;12,478;2
14711;"560105006";"zona";-0,626;12,478;2
14542;"560105007";"zona";-0,607;12,998;3
2054;"560105007";"zona";-0,607;12,998;3
40213;"560105008";"zona";-0,806;7,425;1
14806;"560105009";"zona";-0,783;8,084;1
2023;"560106001";"zona";-0,61;12,918;3
14348;"560106001";"zona";-0,61;12,918;3
14386;"560106003";"zona";-0,74;9,288;1
14898;"560106003";"zona";-0,74;9,288;1
2042;"560106004";"zona";-0,683;10,875;2
40047;"560106006";"zona";-0,313;21,197;4
2027;"560106007";"zona";-0,304;21,45;4
40370;"560201001";"zona";-0,415;18,368;4
41433;"560201001";"zona";-0,415;18,368;4
2090;"560201004";"zona";-0,36;19,877;4
14507;"560201004";"zona";-0,36;19,877;4
2084;"560201004";"zona";-0,36;19,877;4
14457;"560201004";"zona";-0,36;19,877;4
20508;"560301002";"zona";-0,261;22,668;4
31461;"560301002";"zona";-0,261;22,668;4
2064;"560301003";"zona";-0,43;17,936;3
14953;"560301003";"zona";-0,43;17,936;3
14825;"560301004";"zona";-0,478;16,597;3
14759;"560301004";"zona";-0,478;16,597;3
2065;"560301004";"zona";-0,478;16,597;3
31446;"560301004";"zona";-0,478;16,597;3
14950;"560301004";"zona";-0,478;16,597;3
2066;"560301007";"zona";-0,42;18,228;4
14523;"560301008";"zona";-0,252;22,897;4
40045;"560401001";"zona";-0,298;21,63;4
14805;"560401003";"zona";-0,23;23,51;4
2078;"560401003";"zona";-0,23;23,51;4
14420;"560401005";"zona";-0,325;20,869;4
14876;"560401008";"zona";-0,399;18,815;4
2083;"560401008";"zona";-0,399;18,815;4
2079;"560401009";"zona";-0,185;24,779;4
2075;"560501003";"zona";-0,207;24,156;4
40414;"560502001";"zona";-0,238;23,284;4
14569;"560502001";"zona";-0,238;23,284;4
40048;"560502003";"zona";0,126;33,454;4
2074;"560502003";"zona";-0,254;22,85;4
2091;"560601001";"zona";-0,374;19,495;4
2099;"560601001";"zona";-0,374;19,495;4
1290;"570101001";"zona";-0,327;20,815;4
14798;"570101002";"zona";-0,338;20,493;4
1294;"570101002";"zona";-0,338;20,493;4
1288;"570101002";"zona";-0,338;20,493;4
14707;"570101002";"zona";-0,338;20,493;4
1268;"570101002";"zona";-0,338;20,493;4
1275;"570101002";"zona";-0,338;20,493;4
20373;"570101003";"zona";-0,66;11,514;2
16990;"570101003";"zona";-0,66;11,514;2
1276;"570101003";"zona";-0,66;11,514;2
11191;"570101005";"zona";-0,657;11,593;2
1266;"570101005";"zona";-0,657;11,593;2
14412;"570101005";"zona";-0,657;11,593;2
14730;"570101007";"zona";-0,674;11,114;2
1300;"570101007";"zona";-0,674;11,114;2
12309;"570101007";"zona";-0,674;11,114;2
42187;"570101007";"zona";-0,674;11,114;2
14702;"570102001";"zona";-0,665;11,369;2
1265;"570102001";"zona";-0,665;11,369;2
1292;"570102003";"zona";-0,363;19,818;4
1291;"570102003";"zona";-0,363;19,818;4
41947;"570102003";"zona";-0,363;19,818;4
14454;"570102003";"zona";-0,363;19,818;4
1261;"570102003";"zona";-0,363;19,818;4
11238;"570102003";"zona";-0,363;19,818;4
14949;"570102004";"zona";-0,499;16;3
14614;"570102004";"zona";-0,499;16;3
1263;"570102005";"zona";-0,694;10,554;2
1269;"570102006";"zona";-0,696;10,505;2
14638;"570102006";"zona";-0,696;10,505;2
14697;"570102007";"zona";-0,673;11,139;2
14251;"570102008";"zona";-0,575;13,897;3
14705;"570102008";"zona";-0,575;13,897;3
14531;"570102008";"zona";-0,575;13,897;3
14739;"570103003";"zona";-0,599;13,206;3
1271;"570103004";"zona";-0,628;12,397;2
1262;"570103004";"zona";-0,628;12,397;2
1264;"570103006";"zona";-0,631;12,313;2
1274;"570105001";"zona";-0,688;10,739;2
14879;"570105001";"zona";-0,688;10,739;2
1279;"570107001";"zona";-0,344;20,331;4
1289;"570107001";"zona";-0,344;20,331;4
1361;"570201001";"zona";-0,307;21,359;4
1352;"570201001";"zona";-0,307;21,359;4
1354;"570201001";"zona";-0,307;21,359;4
1359;"570203001";"zona";-0,085;27,558;4
1349;"570301001";"zona";-0,687;10,774;2
1350;"570301002";"zona";-0,611;12,891;3
1340;"570301002";"zona";-0,611;12,891;3
1335;"570301002";"zona";-0,611;12,891;3
1347;"570301002";"zona";-0,611;12,891;3
14587;"570301002";"zona";-0,611;12,891;3
41917;"570301002";"zona";-0,611;12,891;3
31459;"570301002";"zona";-0,611;12,891;3
14787;"570301002";"zona";-0,611;12,891;3
1336;"570301002";"zona";-0,611;12,891;3
16797;"570301003";"zona";-0,468;16,867;3
14885;"570301003";"zona";-0,468;16,867;3
14883;"570301003";"zona";-0,468;16,867;3
14283;"570301003";"zona";-0,468;16,867;3
1339;"570301003";"zona";-0,468;16,867;3
14565;"570301004";"zona";-0,458;17,168;3
14934;"570301004";"zona";-0,458;17,168;3
1338;"570301004";"zona";-0,458;17,168;3
1337;"570302001";"zona";-0,556;14,426;3
1329;"570402001";"zona";0,149;34,107;4
1328;"570403002";"zona";-0,342;20,382;4
20514;"570403002";"zona";-0,342;20,382;4
1301;"570501001";"zona";-0,394;18,937;4
40009;"570501001";"zona";-0,394;18,937;4
42042;"570501001";"zona";-0,394;18,937;4
1316;"570501002";"zona";-0,383;19,242;4
40381;"570501002";"zona";-0,383;19,242;4
14882;"570501002";"zona";-0,383;19,242;4
1305;"570504001";"zona";0,333;39,248;4
1312;"570504002";"zona";0,187;35,167;4
14820;"570601002";"zona";-0,361;19,86;4
1318;"570601002";"zona";-0,361;19,86;4
1327;"570601002";"zona";-0,361;19,86;4
14767;"570601002";"zona";-0,361;19,86;4
1321;"570604001";"zona";0,087;32,372;4
31458;"570605001";"zona";0,116;33,19;4
1319;"570605001";"zona";0,116;33,19;4
41495;"580101001";"zona";-0,739;9,3;1
14336;"580101002";"zona";-0,581;13,718;3
41968;"580101002";"zona";-0,581;13,718;3
16924;"580101002";"zona";-0,581;13,718;3
1949;"580101003";"zona";-0,707;10,212;2
14402;"580101003";"zona";-0,707;10,212;2
20425;"580101003";"zona";-0,707;10,212;2
1884;"580101003";"zona";-0,707;10,212;2
14642;"580101003";"zona";-0,707;10,212;2
14599;"580101003";"zona";-0,707;10,212;2
14793;"580101003";"zona";-0,707;10,212;2
40435;"580101003";"zona";-0,707;10,212;2
1931;"580101003";"zona";-0,707;10,212;2
40145;"580101003";"zona";-0,707;10,212;2
14796;"580101003";"zona";-0,707;10,212;2
1889;"580101003";"zona";-0,707;10,212;2
14659;"580101004";"zona";-0,577;13,832;3
40014;"580101004";"zona";-0,577;13,832;3
14470;"580101004";"zona";-0,577;13,832;3
1890;"580101004";"zona";-0,577;13,832;3
1885;"580101005";"zona";-0,635;12,207;2
14709;"580101005";"zona";-0,635;12,207;2
14775;"580101005";"zona";-0,635;12,207;2
14748;"580101005";"zona";-0,635;12,207;2
1888;"580102001";"zona";-0,67;11,237;2
20379;"580102001";"zona";-0,67;11,237;2
40386;"580102001";"zona";-0,67;11,237;2
40066;"580102001";"zona";-0,67;11,237;2
31443;"580102001";"zona";-0,67;11,237;2
40092;"580102003";"zona";-0,68;10,961;2
1909;"580102003";"zona";-0,68;10,961;2
14266;"580102003";"zona";-0,68;10,961;2
14927;"580102004";"zona";-0,349;20,189;4
1899;"580102004";"zona";-0,349;20,189;4
14926;"580102005";"zona";-0,713;10,029;2
1895;"580108001";"zona";-0,602;13,121;3
14552;"580108001";"zona";-0,602;13,121;3
1932;"580108001";"zona";-0,602;13,121;3
14418;"580108001";"zona";-0,602;13,121;3
14718;"580108002";"zona";-0,582;13,688;3
1891;"580108002";"zona";-0,582;13,688;3
1757;"580108002";"zona";-0,582;13,688;3
14237;"580108002";"zona";-0,582;13,688;3
40062;"580108004";"zona";-0,648;11,838;2
14804;"580108004";"zona";-0,648;11,838;2
14602;"580108004";"zona";-0,648;11,838;2
14693;"580108004";"zona";-0,648;11,838;2
1898;"580108005";"zona";-0,42;18,21;4
41957;"580109001";"zona";-0,719;9,856;1
14314;"580109001";"zona";-0,719;9,856;1
14720;"580109001";"zona";-0,719;9,856;1
1894;"580109001";"zona";-0,719;9,856;1
1880;"580109002";"zona";-0,674;11,128;2
14365;"580109002";"zona";-0,674;11,128;2
14947;"580109003";"zona";-0,711;10,1;2
1892;"580109004";"zona";-0,718;9,882;1
1807;"580109004";"zona";-0,718;9,882;1
14359;"580109005";"zona";-0,735;9,417;1
40158;"580109005";"zona";-0,735;9,417;1
14392;"580109005";"zona";-0,735;9,417;1
1937;"580109005";"zona";-0,735;9,417;1
14723;"580109005";"zona";-0,735;9,417;1
14513;"580109005";"zona";-0,735;9,417;1
40163;"580109006";"zona";-0,748;9,071;1
12328;"580109006";"zona";-0,748;9,071;1
14545;"580109006";"zona";-0,748;9,071;1
14512;"580109006";"zona";-0,748;9,071;1
14233;"580109006";"zona";-0,748;9,071;1
14482;"580109007";"zona";-0,757;8,799;1
14672;"580110002";"zona";-0,771;8,402;1
1930;"580110003";"zona";-0,619;12,655;2
1887;"580110003";"zona";-0,619;12,655;2
1917;"580110003";"zona";-0,619;12,655;2
1941;"580110003";"zona";-0,619;12,655;2
1881;"580110005";"zona";-0,727;9,635;1
20368;"580110005";"zona";-0,727;9,635;1
40167;"580110005";"zona";-0,727;9,635;1
14453;"580110005";"zona";-0,727;9,635;1
14515;"580110005";"zona";-0,727;9,635;1
40082;"580111001";"zona";-0,666;11,352;2
1911;"580111002";"zona";-0,68;10,961;2
14790;"580111002";"zona";-0,68;10,961;2
14383;"580111002";"zona";-0,68;10,961;2
41926;"580111002";"zona";-0,68;10,961;2
14508;"580111002";"zona";-0,68;10,961;2
41642;"580111002";"zona";-0,68;10,961;2
40434;"580111002";"zona";-0,68;10,961;2
14372;"580111002";"zona";-0,68;10,961;2
1893;"580111002";"zona";-0,68;10,961;2
14527;"580111002";"zona";-0,68;10,961;2
40063;"580111004";"zona";-0,508;15,751;3
32053;"580111004";"zona";-0,508;15,751;3
12157;"580112001";"zona";-0,695;10,526;2
1886;"580112001";"zona";-0,695;10,526;2
40027;"580112001";"zona";-0,695;10,526;2
14890;"580112001";"zona";-0,695;10,526;2
14771;"580112001";"zona";-0,695;10,526;2
14774;"580112001";"zona";-0,695;10,526;2
1908;"580112001";"zona";-0,695;10,526;2
1923;"580112001";"zona";-0,695;10,526;2
14744;"580112001";"zona";-0,695;10,526;2
14299;"580112001";"zona";-0,695;10,526;2
1934;"580112001";"zona";-0,695;10,526;2
1882;"580112001";"zona";-0,695;10,526;2
41673;"580112001";"zona";-0,695;10,526;2
40436;"580112001";"zona";-0,695;10,526;2
14690;"580112001";"zona";-0,695;10,526;2
31445;"580112003";"zona";-0,654;11,682;2
1924;"580112005";"zona";-0,738;9,332;1
20371;"580112005";"zona";-0,738;9,332;1
1919;"580112005";"zona";-0,738;9,332;1
1918;"580112006";"zona";-0,707;10,215;2
14717;"580112007";"zona";-0,749;9,04;1
14687;"580112007";"zona";-0,749;9,04;1
14765;"580112007";"zona";-0,749;9,04;1
14533;"580112008";"zona";-0,842;6,424;1
14891;"580112009";"zona";-0,806;7,45;1
40017;"580201001";"zona";-0,652;11,743;2
1465;"580201001";"zona";-0,652;11,743;2
11231;"580201001";"zona";-0,652;11,743;2
14946;"580201001";"zona";-0,652;11,743;2
14641;"580201001";"zona";-0,652;11,743;2
14865;"580201002";"zona";-0,519;15,444;3
40374;"580201002";"zona";-0,519;15,444;3
1469;"580201002";"zona";-0,519;15,444;3
14836;"580201003";"zona";-0,666;11,34;2
14543;"580201003";"zona";-0,666;11,34;2
14706;"580201004";"zona";-0,605;13,061;3
11223;"580201004";"zona";-0,605;13,061;3
40160;"580201005";"zona";-0,625;12,482;2
20566;"580204001";"zona";-0,469;16,845;3
14310;"580204001";"zona";-0,469;16,845;3
14534;"580204001";"zona";-0,469;16,845;3
1472;"580204002";"zona";-0,117;26,674;4
1464;"580205001";"zona";-0,593;13,396;3
14872;"580205001";"zona";-0,593;13,396;3
41618;"580205001";"zona";-0,593;13,396;3
14809;"580205001";"zona";-0,593;13,396;3
1482;"580205001";"zona";-0,593;13,396;3
1483;"580205001";"zona";-0,593;13,396;3
1466;"580205001";"zona";-0,593;13,396;3
14510;"580205001";"zona";-0,593;13,396;3
14307;"580205002";"zona";-0,549;14,611;3
1484;"580205002";"zona";-0,549;14,611;3
1468;"580205002";"zona";-0,549;14,611;3
1467;"580206001";"zona";-0,21;24,086;4
1471;"580207001";"zona";-0,284;22,006;4
14708;"580207001";"zona";-0,284;22,006;4
14581;"580207002";"zona";-0,595;13,336;3
16991;"580207002";"zona";-0,595;13,336;3
1478;"580207002";"zona";-0,595;13,336;3
14459;"580207002";"zona";-0,595;13,336;3
1500;"580301001";"zona";-0,155;25,625;4
1489;"580301001";"zona";-0,155;25,625;4
12314;"580301001";"zona";-0,155;25,625;4
14209;"580302001";"zona";-0,351;20,152;4
1491;"580302001";"zona";-0,351;20,152;4
1488;"580302002";"zona";-0,112;26,825;4
14756;"580401001";"zona";-0,606;13,03;3
40430;"580401001";"zona";-0,606;13,03;3
14363;"580401001";"zona";-0,606;13,03;3
1959;"580402001";"zona";-0,632;12,308;2
14912;"580402002";"zona";-0,682;10,898;2
40202;"580402002";"zona";-0,682;10,898;2
1972;"580402002";"zona";-0,682;10,898;2
14622;"580402002";"zona";-0,682;10,898;2
40065;"580402003";"zona";-0,727;9,652;1
14870;"580402004";"zona";-0,677;11,05;2
31412;"580402006";"zona";-0,67;11,249;2
1963;"580402007";"zona";-0,806;7,447;1
1966;"580403002";"zona";-0,64;12,072;2
14681;"580403002";"zona";-0,64;12,072;2
1980;"580403002";"zona";-0,64;12,072;2
1971;"580403002";"zona";-0,64;12,072;2
14897;"580403002";"zona";-0,64;12,072;2
41407;"580403003";"zona";-0,639;12,103;2
1967;"580404001";"zona";-0,726;9,671;1
14639;"580404001";"zona";-0,726;9,671;1
14636;"580404001";"zona";-0,726;9,671;1
14658;"580404001";"zona";-0,726;9,671;1
1985;"580404001";"zona";-0,726;9,671;1
12305;"580404002";"zona";-0,667;11,328;2
16914;"580404002";"zona";-0,667;11,328;2
1961;"580404002";"zona";-0,667;11,328;2
40372;"580404002";"zona";-0,667;11,328;2
1958;"580404002";"zona";-0,667;11,328;2
11176;"580404002";"zona";-0,667;11,328;2
14580;"580404002";"zona";-0,667;11,328;2
41661;"580404002";"zona";-0,667;11,328;2
40382;"580404003";"zona";-0,683;10,879;2
40412;"580404003";"zona";-0,683;10,879;2
1970;"580404003";"zona";-0,683;10,879;2
31453;"580404005";"zona";-0,66;11,509;2
40299;"580404005";"zona";-0,66;11,509;2
40432;"580404005";"zona";-0,66;11,509;2
14887;"580404005";"zona";-0,66;11,509;2
40192;"580404006";"zona";-0,651;11,77;2
1965;"580404007";"zona";-0,65;11,79;2
1969;"580405003";"zona";-0,7;10,411;2
14637;"580405003";"zona";-0,7;10,411;2
14211;"580405003";"zona";-0,7;10,411;2
14674;"580405003";"zona";-0,7;10,411;2
14847;"580405004";"zona";-0,82;7,044;1
14318;"580405004";"zona";-0,82;7,044;1
14677;"580405004";"zona";-0,82;7,044;1
14803;"580405005";"zona";-0,758;8,769;1
1968;"580405005";"zona";-0,758;8,769;1
14802;"580405006";"zona";-0,74;9,282;1
40251;"580405006";"zona";-0,74;9,282;1
14375;"580405006";"zona";-0,74;9,282;1
1975;"580405007";"zona";-0,832;6,701;1
40278;"580405007";"zona";-0,832;6,701;1
14313;"580405007";"zona";-0,832;6,701;1
14824;"580405007";"zona";-0,832;6,701;1
16984;"580405008";"zona";-0,852;6,145;1
16882;"580408001";"zona";-0,684;10,843;2
14719;"580408001";"zona";-0,684;10,843;2
1977;"580408001";"zona";-0,684;10,843;2
16798;"580408001";"zona";-0,684;10,843;2
14928;"580408001";"zona";-0,684;10,843;2
12770;"580408001";"zona";-0,684;10,843;2
1987;"580408001";"zona";-0,684;10,843;2
40243;"580408001";"zona";-0,684;10,843;2
14462;"580408001";"zona";-0,684;10,843;2
40433;"580408001";"zona";-0,684;10,843;2
1989;"580408001";"zona";-0,684;10,843;2
41473;"580408001";"zona";-0,684;10,843;2
14518;"580408001";"zona";-0,684;10,843;2
14778;"580408002";"zona";-0,712;10,055;2
11209;"580408004";"zona";-0,678;11,025;2
14728;"580408004";"zona";-0,678;11,025;2
40035;"580408004";"zona";-0,678;11,025;2
14833;"580408004";"zona";-0,678;11,025;2
41081;"610101001";"zona";-0,597;13,271;3
2110;"610101001";"zona";-0,597;13,271;3
2166;"610101001";"zona";-0,597;13,271;3
15650;"610101001";"zona";-0,597;13,271;3
2170;"610101001";"zona";-0,597;13,271;3
15840;"610101001";"zona";-0,597;13,271;3
2155;"610101001";"zona";-0,597;13,271;3
20452;"610101001";"zona";-0,597;13,271;3
15595;"610101001";"zona";-0,597;13,271;3
2109;"610102001";"zona";-0,433;17,857;3
2112;"610102001";"zona";-0,433;17,857;3
2191;"610102001";"zona";-0,433;17,857;3
2174;"610102001";"zona";-0,433;17,857;3
2200;"610102001";"zona";-0,433;17,857;3
11284;"610102001";"zona";-0,433;17,857;3
2121;"610102001";"zona";-0,433;17,857;3
11256;"610102001";"zona";-0,433;17,857;3
2185;"610103001";"zona";-0,354;20,056;4
15503;"610103001";"zona";-0,354;20,056;4
2159;"610103001";"zona";-0,354;20,056;4
2167;"610103001";"zona";-0,354;20,056;4
2123;"610104001";"zona";-0,616;12,753;2
2129;"610104001";"zona";-0,616;12,753;2
15853;"610104001";"zona";-0,616;12,753;2
2178;"610104001";"zona";-0,616;12,753;2
15598;"610104002";"zona";-0,702;10,352;2
41239;"610104002";"zona";-0,702;10,352;2
2136;"610104002";"zona";-0,702;10,352;2
42192;"610104002";"zona";-0,702;10,352;2
11242;"610105001";"zona";-0,644;11,964;2
2122;"610105001";"zona";-0,644;11,964;2
15607;"610105002";"zona";-0,562;14,247;3
15551;"610105003";"zona";-0,669;11,271;2
15756;"610105003";"zona";-0,669;11,271;2
2134;"610105003";"zona";-0,669;11,271;2
2116;"610105003";"zona";-0,669;11,271;2
15585;"610105004";"zona";-0,686;10,796;2
15677;"610105005";"zona";-0,684;10,858;2
2126;"610105005";"zona";-0,684;10,858;2
15561;"610105005";"zona";-0,684;10,858;2
15834;"610106001";"zona";-0,692;10,632;2
15660;"610106002";"zona";-0,697;10,493;2
2105;"610106002";"zona";-0,697;10,493;2
2160;"610106003";"zona";-0,762;8,67;1
2165;"610106004";"zona";-0,547;14,677;3
15775;"610106004";"zona";-0,547;14,677;3
16877;"610106005";"zona";-0,702;10,331;2
2179;"610106005";"zona";-0,702;10,331;2
15597;"610106006";"zona";-0,676;11,066;2
15707;"610106006";"zona";-0,676;11,066;2
15643;"610106007";"zona";-0,621;12,613;2
40138;"610106007";"zona";-0,621;12,613;2
2163;"610106009";"zona";-0,68;10,951;2
11265;"610106009";"zona";-0,68;10,951;2
15723;"610106009";"zona";-0,68;10,951;2
2132;"610107001";"zona";-0,601;13,16;3
2115;"610107004";"zona";-0,715;9,968;1
2103;"610107005";"zona";-0,555;14,456;3
2182;"610108001";"zona";-0,663;11,442;2
2162;"610108001";"zona";-0,663;11,442;2
15521;"610108001";"zona";-0,663;11,442;2
2150;"610108002";"zona";-0,682;10,89;2
2120;"610108002";"zona";-0,682;10,89;2
42237;"610108003";"zona";-0,694;10,575;2
15582;"610108003";"zona";-0,694;10,575;2
15676;"610108003";"zona";-0,694;10,575;2
2183;"610108004";"zona";-0,632;12,309;2
40105;"610108004";"zona";-0,632;12,309;2
15719;"610108004";"zona";-0,632;12,309;2
40337;"610108004";"zona";-0,632;12,309;2
15712;"610108006";"zona";-0,686;10,801;2
15694;"610108006";"zona";-0,686;10,801;2
15768;"610109001";"zona";-0,626;12,454;2
2119;"610109003";"zona";-0,649;11,826;2
15854;"610109003";"zona";-0,649;11,826;2
15632;"610109003";"zona";-0,649;11,826;2
40038;"610109003";"zona";-0,649;11,826;2
40077;"610109003";"zona";-0,649;11,826;2
15776;"610109003";"zona";-0,649;11,826;2
15827;"610109004";"zona";-0,721;9,825;1
15695;"610109005";"zona";-0,644;11,967;2
15586;"610109006";"zona";-0,636;12,181;2
15682;"610109006";"zona";-0,636;12,181;2
15696;"610109006";"zona";-0,636;12,181;2
2140;"610109007";"zona";-0,743;9,207;1
40233;"610109007";"zona";-0,743;9,207;1
20325;"610109007";"zona";-0,743;9,207;1
15726;"610109007";"zona";-0,743;9,207;1
15795;"610109007";"zona";-0,743;9,207;1
15786;"610110001";"zona";-0,753;8,921;1
11244;"610110001";"zona";-0,753;8,921;1
15510;"610110001";"zona";-0,753;8,921;1
40020;"610110003";"zona";-0,803;7,532;1
15760;"610110003";"zona";-0,803;7,532;1
15605;"610110003";"zona";-0,803;7,532;1
20498;"610110003";"zona";-0,803;7,532;1
2164;"610110004";"zona";-0,752;8,96;1
15662;"610110004";"zona";-0,752;8,96;1
15788;"610110004";"zona";-0,752;8,96;1
15661;"610110004";"zona";-0,752;8,96;1
41448;"610111001";"zona";-0,703;10,327;2
15842;"610111004";"zona";-0,766;8,55;1
41349;"610111004";"zona";-0,766;8,55;1
41285;"610111004";"zona";-0,766;8,55;1
15793;"610111005";"zona";-0,718;9,896;1
20364;"610113001";"zona";-0,384;19,214;4
16869;"610115001";"zona";-0,656;11,63;2
20467;"610115001";"zona";-0,656;11,63;2
15844;"610115001";"zona";-0,656;11,63;2
15806;"610115001";"zona";-0,656;11,63;2
15815;"610115002";"zona";-0,538;14,909;3
2146;"610115002";"zona";-0,538;14,909;3
2194;"610115003";"zona";-0,501;15,959;3
2131;"610115003";"zona";-0,501;15,959;3
2124;"610115004";"zona";-0,739;9,307;1
40234;"610115004";"zona";-0,739;9,307;1
2151;"610115005";"zona";-0,632;12,304;2
15557;"610115005";"zona";-0,632;12,304;2
15803;"610115005";"zona";-0,632;12,304;2
40068;"610115005";"zona";-0,632;12,304;2
2135;"610115005";"zona";-0,632;12,304;2
15746;"610115007";"zona";-0,656;11,63;2
40190;"610115008";"zona";-0,738;9,33;1
40006;"610115010";"zona";-0,714;9,997;2
15828;"610116001";"zona";-0,67;11,228;2
15629;"610116001";"zona";-0,67;11,228;2
15714;"610116001";"zona";-0,67;11,228;2
2143;"610116001";"zona";-0,67;11,228;2
15628;"610116002";"zona";-0,733;9,478;1
15769;"610116002";"zona";-0,733;9,478;1
15753;"610116002";"zona";-0,733;9,478;1
15750;"610116004";"zona";-0,638;12,118;2
15732;"610116005";"zona";-0,679;10,975;2
2102;"610117001";"zona";-0,629;12,375;2
2111;"610117001";"zona";-0,629;12,375;2
2104;"610117001";"zona";-0,629;12,375;2
15700;"610117001";"zona";-0,629;12,375;2
2118;"610117001";"zona";-0,629;12,375;2
15836;"610117001";"zona";-0,629;12,375;2
2114;"610117001";"zona";-0,629;12,375;2
20494;"610117001";"zona";-0,629;12,375;2
2133;"610117001";"zona";-0,629;12,375;2
15705;"610117002";"zona";-0,582;13,695;3
15729;"610117004";"zona";-0,54;14,874;3
2125;"610117004";"zona";-0,54;14,874;3
40341;"610117004";"zona";-0,54;14,874;3
15814;"610117005";"zona";-0,534;15,044;3
2138;"610117005";"zona";-0,534;15,044;3
15641;"610117006";"zona";-0,672;11,19;2
15781;"610201001";"zona";-0,304;21,459;4
2234;"610201001";"zona";-0,304;21,459;4
2243;"610201001";"zona";-0,304;21,459;4
2244;"610201001";"zona";-0,304;21,459;4
15784;"610201002";"zona";-0,28;22,118;4
2406;"610302001";"zona";-0,05;28,547;4
15728;"610302001";"zona";-0,05;28,547;4
2407;"610303001";"zona";0,16;34,398;4
11287;"610401001";"zona";-0,386;19,174;4
40219;"610401001";"zona";-0,386;19,174;4
15502;"610401001";"zona";-0,386;19,174;4
15852;"610401001";"zona";-0,386;19,174;4
2400;"610401001";"zona";-0,386;19,174;4
42236;"610401001";"zona";-0,386;19,174;4
2389;"610406001";"zona";-0,296;21,679;4
2397;"610407001";"zona";-0,054;28,448;4
2388;"610408001";"zona";0,061;31,631;4
15600;"610501001";"zona";-0,44;17,666;3
15824;"610501001";"zona";-0,44;17,666;3
2413;"610501001";"zona";-0,44;17,666;3
2412;"610501001";"zona";-0,44;17,666;3
2411;"610501001";"zona";-0,44;17,666;3
2417;"610501002";"zona";-0,134;26,196;4
2414;"610503001";"zona";-0,201;24,336;4
15800;"610504001";"zona";-0,278;22,179;4
2415;"610504001";"zona";-0,278;22,179;4
2416;"610504001";"zona";-0,278;22,179;4
15690;"610504001";"zona";-0,278;22,179;4
2207;"610601001";"zona";-0,596;13,288;3
15515;"610601001";"zona";-0,596;13,288;3
2219;"610601001";"zona";-0,596;13,288;3
2218;"610601001";"zona";-0,596;13,288;3
15804;"610601002";"zona";-0,697;10,485;2
2205;"610601002";"zona";-0,697;10,485;2
15805;"610601002";"zona";-0,697;10,485;2
2209;"610601003";"zona";-0,531;15,123;3
15665;"610601003";"zona";-0,531;15,123;3
2220;"610601003";"zona";-0,531;15,123;3
2217;"610601003";"zona";-0,531;15,123;3
15646;"610601003";"zona";-0,531;15,123;3
2206;"610601004";"zona";-0,667;11,321;2
16909;"610601004";"zona";-0,667;11,321;2
15679;"610601004";"zona";-0,667;11,321;2
40310;"610601005";"zona";-0,671;11,216;2
2210;"610602001";"zona";0,017;30,403;4
15762;"610604001";"zona";-0,534;15,025;3
15796;"610604002";"zona";-0,596;13,315;3
15855;"610604002";"zona";-0,596;13,315;3
15765;"610701001";"zona";-0,392;18,988;4
2422;"610701001";"zona";-0,392;18,988;4
15821;"610701001";"zona";-0,392;18,988;4
42063;"610701001";"zona";-0,392;18,988;4
15624;"610701001";"zona";-0,392;18,988;4
2423;"610701001";"zona";-0,392;18,988;4
40371;"610701002";"zona";-0,37;19,623;4
2426;"610703001";"zona";0,263;37,278;4
15534;"610802002";"zona";-0,639;12,105;2
40023;"610802002";"zona";-0,639;12,105;2
31318;"610802002";"zona";-0,639;12,105;2
15817;"610802002";"zona";-0,639;12,105;2
15554;"610802002";"zona";-0,639;12,105;2
2250;"610802002";"zona";-0,639;12,105;2
15734;"610802002";"zona";-0,639;12,105;2
15656;"610802005";"zona";-0,67;11,224;2
31317;"610802006";"zona";-0,771;8,423;1
15801;"610802006";"zona";-0,771;8,423;1
20349;"610802006";"zona";-0,771;8,423;1
41842;"610802007";"zona";-0,714;10,018;2
42030;"610803001";"zona";-0,638;12,129;2
2248;"610803001";"zona";-0,638;12,129;2
15792;"610803001";"zona";-0,638;12,129;2
2247;"610803002";"zona";-0,47;16,822;3
40241;"610803002";"zona";-0,47;16,822;3
2246;"610803002";"zona";-0,47;16,822;3
15759;"610803002";"zona";-0,47;16,822;3
2259;"610803002";"zona";-0,47;16,822;3
15789;"610803002";"zona";-0,47;16,822;3
15767;"610803003";"zona";-0,711;10,101;2
2249;"610803004";"zona";-0,635;12,225;2
2258;"610807001";"zona";0,037;30,984;4
2251;"610808001";"zona";-0,17;25,196;4
15736;"610902001";"zona";-0,276;22,226;4
2311;"610902001";"zona";-0,276;22,226;4
15798;"610903001";"zona";-0,099;27,18;4
2310;"610903001";"zona";-0,099;27,18;4
2232;"611002002";"zona";-0,478;16,604;3
40101;"611002002";"zona";-0,478;16,604;3
11277;"611002002";"zona";-0,478;16,604;3
15653;"611002002";"zona";-0,478;16,604;3
15818;"611002002";"zona";-0,478;16,604;3
2223;"611002003";"zona";-0,432;17,883;3
2222;"611002003";"zona";-0,432;17,883;3
15747;"611002003";"zona";-0,432;17,883;3
15594;"611002003";"zona";-0,432;17,883;3
41752;"611002003";"zona";-0,432;17,883;3
20460;"611002003";"zona";-0,432;17,883;3
2233;"611002003";"zona";-0,432;17,883;3
2227;"611002004";"zona";0,1;32,742;4
15839;"611004001";"zona";0,018;30,439;4
2228;"611004001";"zona";0,018;30,439;4
20341;"611004001";"zona";0,018;30,439;4
15830;"611004001";"zona";0,018;30,439;4
2226;"611004002";"zona";-0,434;17,83;3
2263;"611101001";"zona";-0,225;23,652;4
20462;"611101001";"zona";-0,225;23,652;4
16932;"611101001";"zona";-0,225;23,652;4
15751;"611101002";"zona";-0,437;17,735;3
2262;"611102001";"zona";-0,308;21,329;4
40024;"611102001";"zona";-0,308;21,329;4
15589;"611201001";"zona";-0,478;16,6;3
2380;"611201001";"zona";-0,478;16,6;3
2379;"611201001";"zona";-0,478;16,6;3
2377;"611201002";"zona";-0,178;24,959;4
16840;"611202001";"zona";-0,343;20,354;4
15544;"611202001";"zona";-0,343;20,354;4
15691;"611202001";"zona";-0,343;20,354;4
2378;"611202001";"zona";-0,343;20,354;4
2384;"611203001";"zona";0,082;32,238;4
2386;"611203001";"zona";0,082;32,238;4
2381;"611204002";"zona";0,064;31,718;4
2361;"611301001";"zona";-0,246;23,086;4
15838;"611301001";"zona";-0,246;23,086;4
15764;"611301001";"zona";-0,246;23,086;4
2360;"611301001";"zona";-0,246;23,086;4
2375;"611301001";"zona";-0,246;23,086;4
41374;"611301001";"zona";-0,246;23,086;4
2365;"611305001";"zona";-0,104;27,047;4
15761;"611401001";"zona";0,045;31,191;4
15571;"611401001";"zona";0,045;31,191;4
2325;"611401001";"zona";0,045;31,191;4
2327;"611401001";"zona";0,045;31,191;4
2319;"611401002";"zona";-0,15;25,762;4
2326;"611401002";"zona";-0,15;25,762;4
15858;"611502001";"zona";-0,593;13,377;3
2308;"611502001";"zona";-0,593;13,377;3
15614;"611502001";"zona";-0,593;13,377;3
15609;"611502001";"zona";-0,593;13,377;3
15738;"611502002";"zona";-0,526;15,266;3
2284;"611502002";"zona";-0,526;15,266;3
40133;"611502002";"zona";-0,526;15,266;3
2288;"611502002";"zona";-0,526;15,266;3
11246;"611502002";"zona";-0,526;15,266;3
2280;"611502002";"zona";-0,526;15,266;3
2300;"611504001";"zona";-0,391;19,021;4
2309;"611504002";"zona";-0,533;15,056;3
15579;"611504002";"zona";-0,533;15,056;3
2291;"611504002";"zona";-0,533;15,056;3
2286;"611504003";"zona";-0,644;11,975;2
15601;"611504003";"zona";-0,644;11,975;2
2292;"611504004";"zona";-0,564;14,185;3
40237;"611504004";"zona";-0,564;14,185;3
15841;"611504005";"zona";-0,604;13,091;3
15724;"611504006";"zona";-0,457;17,192;3
2283;"611504007";"zona";-0,618;12,675;2
2289;"611504008";"zona";-0,497;16,055;3
15843;"611504008";"zona";-0,497;16,055;3
40114;"611504008";"zona";-0,497;16,055;3
15535;"611508001";"zona";-0,312;21,243;4
2285;"611508001";"zona";-0,312;21,243;4
15588;"611508001";"zona";-0,312;21,243;4
15785;"611508001";"zona";-0,312;21,243;4
2282;"611509001";"zona";0,243;36,724;4
2301;"611509001";"zona";0,243;36,724;4
2294;"611511001";"zona";0,226;36,247;4
15742;"611601001";"zona";-0,455;17,23;3
2279;"611601001";"zona";-0,455;17,23;3
20500;"611601001";"zona";-0,455;17,23;3
40136;"611601001";"zona";-0,455;17,23;3
11245;"611601001";"zona";-0,455;17,23;3
40025;"611601002";"zona";-0,478;16,597;3
2278;"611601002";"zona";-0,478;16,597;3
2265;"611601002";"zona";-0,478;16,597;3
42033;"611601003";"zona";-0,492;16,215;3
2267;"611603001";"zona";-0,316;21,116;4
2268;"611606002";"zona";0,009;30,184;4
2347;"611701001";"zona";-0,164;25,376;4
15731;"611701002";"zona";-0,435;17,783;3
15820;"611701002";"zona";-0,435;17,783;3
15740;"611701002";"zona";-0,435;17,783;3
15531;"611701003";"zona";-0,531;15,112;3
2358;"611701003";"zona";-0,531;15,112;3
20331;"611701003";"zona";-0,531;15,112;3
2328;"611701003";"zona";-0,531;15,112;3
2330;"611701003";"zona";-0,531;15,112;3
15829;"611701003";"zona";-0,531;15,112;3
15657;"611701003";"zona";-0,531;15,112;3
16839;"611701003";"zona";-0,531;15,112;3
15744;"611701003";"zona";-0,531;15,112;3
15672;"611701003";"zona";-0,531;15,112;3
15698;"611701003";"zona";-0,531;15,112;3
2329;"611701003";"zona";-0,531;15,112;3
15851;"611701003";"zona";-0,531;15,112;3
2355;"611701004";"zona";-0,619;12,651;2
15832;"611701004";"zona";-0,619;12,651;2
2356;"611701004";"zona";-0,619;12,651;2
15596;"611701005";"zona";-0,596;13,295;3
15711;"611701005";"zona";-0,596;13,295;3
2331;"611702002";"zona";0,308;38,536;4
2334;"611703001";"zona";-0,071;27,953;4
15583;"611703002";"zona";-0,032;29,036;4
2333;"611703002";"zona";-0,032;29,036;4
11248;"611707001";"zona";0,253;37,009;4
15791;"620101001";"zona";-0,321;20,974;4
15713;"620101001";"zona";-0,321;20,974;4
11261;"620101001";"zona";-0,321;20,974;4
20330;"620101001";"zona";-0,321;20,974;4
2656;"620101001";"zona";-0,321;20,974;4
2635;"620101001";"zona";-0,321;20,974;4
15522;"620101001";"zona";-0,321;20,974;4
2654;"620101002";"zona";-0,334;20,621;4
15770;"620101004";"zona";-0,462;17,035;3
2636;"620101007";"zona";-0,363;19,819;4
2694;"620201001";"zona";-0,259;22,714;4
2681;"620301001";"zona";-0,292;21,793;4
16861;"620301001";"zona";-0,292;21,793;4
40078;"620301001";"zona";-0,292;21,793;4
15526;"620401001";"zona";-0,287;21,936;4
15846;"620401001";"zona";-0,287;21,936;4
2701;"620401001";"zona";-0,287;21,936;4
2657;"620503001";"zona";0,223;36,158;4
2658;"620503001";"zona";0,223;36,158;4
15808;"620601001";"zona";-0,108;26,939;4
15856;"620601001";"zona";-0,108;26,939;4
2715;"620601001";"zona";-0,108;26,939;4
2461;"630101001";"zona";-0,65;11,783;2
2453;"630101002";"zona";-0,533;15,057;3
2444;"630101002";"zona";-0,533;15,057;3
11286;"630101002";"zona";-0,533;15,057;3
40115;"630101002";"zona";-0,533;15,057;3
2455;"630101002";"zona";-0,533;15,057;3
20340;"630101002";"zona";-0,533;15,057;3
42275;"630101002";"zona";-0,533;15,057;3
15673;"630101002";"zona";-0,533;15,057;3
15782;"630101003";"zona";-0,596;13,292;3
2463;"630101003";"zona";-0,596;13,292;3
2460;"630101003";"zona";-0,596;13,292;3
15737;"630101003";"zona";-0,596;13,292;3
2447;"630101003";"zona";-0,596;13,292;3
15787;"630101003";"zona";-0,596;13,292;3
2448;"630101003";"zona";-0,596;13,292;3
15745;"630101004";"zona";-0,752;8,952;1
20350;"630101004";"zona";-0,752;8,952;1
31235;"630101004";"zona";-0,752;8,952;1
15779;"630101005";"zona";-0,7;10,402;2
15608;"630101006";"zona";-0,693;10,593;2
15758;"630101008";"zona";-0,524;15,325;3
2467;"630102002";"zona";0,103;32,818;4
2471;"630102003";"zona";0,205;35,665;4
2469;"630108001";"zona";0,399;41,073;4
2465;"630109001";"zona";0,266;37,371;4
40209;"630111001";"zona";-0,619;12,664;2
2462;"630111001";"zona";-0,619;12,664;2
41653;"630111002";"zona";-0,623;12,553;2
15546;"630111002";"zona";-0,623;12,553;2
40236;"630111002";"zona";-0,623;12,553;2
2482;"630111002";"zona";-0,623;12,553;2
40071;"630111002";"zona";-0,623;12,553;2
15621;"630111002";"zona";-0,623;12,553;2
15669;"630111002";"zona";-0,623;12,553;2
15633;"630111002";"zona";-0,623;12,553;2
2456;"630111002";"zona";-0,623;12,553;2
15831;"630111002";"zona";-0,623;12,553;2
15681;"630111002";"zona";-0,623;12,553;2
15593;"630111002";"zona";-0,623;12,553;2
20521;"630111002";"zona";-0,623;12,553;2
15811;"630112001";"zona";-0,547;14,676;3
2464;"630112001";"zona";-0,547;14,676;3
15848;"630112001";"zona";-0,547;14,676;3
15518;"630112001";"zona";-0,547;14,676;3
2442;"630112001";"zona";-0,547;14,676;3
2459;"630112002";"zona";-0,318;21,066;4
15644;"630113001";"zona";-0,559;14,333;3
2454;"630113001";"zona";-0,559;14,333;3
2443;"630113001";"zona";-0,559;14,333;3
15684;"630113001";"zona";-0,559;14,333;3
2457;"630113001";"zona";-0,559;14,333;3
2458;"630113001";"zona";-0,559;14,333;3
42132;"630201001";"zona";-0,274;22,3;4
15754;"630201001";"zona";-0,274;22,3;4
15822;"630201001";"zona";-0,274;22,3;4
15715;"630201001";"zona";-0,274;22,3;4
2532;"630201001";"zona";-0,274;22,3;4
40080;"630201001";"zona";-0,274;22,3;4
2538;"630202001";"zona";0,292;38,083;4
33892;"630202001";"zona";0,292;38,083;4
2537;"630202001";"zona";0,292;38,083;4
15835;"630301001";"zona";-0,385;19,187;4
15807;"630301001";"zona";-0,385;19,187;4
15755;"630301001";"zona";-0,385;19,187;4
2486;"630301001";"zona";-0,385;19,187;4
41747;"630301001";"zona";-0,385;19,187;4
15716;"630301001";"zona";-0,385;19,187;4
15610;"630301002";"zona";-0,29;21,845;4
2488;"630301002";"zona";-0,29;21,845;4
15790;"630301002";"zona";-0,29;21,845;4
15857;"630301002";"zona";-0,29;21,845;4
2500;"630302002";"zona";0,191;35,283;4
2492;"630302003";"zona";0,336;39,322;4
15774;"630305001";"zona";0,098;32,671;4
20492;"630305001";"zona";0,098;32,671;4
2489;"630306001";"zona";-0,405;18,628;4
11263;"630306001";"zona";-0,405;18,628;4
40093;"630306001";"zona";-0,405;18,628;4
2487;"630306001";"zona";-0,405;18,628;4
15739;"630306001";"zona";-0,405;18,628;4
2491;"630308001";"zona";0,239;36,608;4
2490;"630308001";"zona";0,239;36,608;4
2498;"630311002";"zona";0,215;35,946;4
2517;"630311002";"zona";0,215;35,946;4
15570;"630401001";"zona";-0,155;25,612;4
15845;"630401001";"zona";-0,155;25,612;4
41954;"630401001";"zona";-0,155;25,612;4
2583;"630401001";"zona";-0,155;25,612;4
15622;"630501001";"zona";-0,406;18,595;4
15717;"630501001";"zona";-0,406;18,595;4
2531;"630501001";"zona";-0,406;18,595;4
15859;"630501001";"zona";-0,406;18,595;4
2525;"630501001";"zona";-0,406;18,595;4
15722;"630501001";"zona";-0,406;18,595;4
2530;"630501002";"zona";-0,344;20,334;4
15778;"630501002";"zona";-0,344;20,334;4
2566;"630505001";"zona";-0,02;29,396;4
2611;"630601001";"zona";-0,28;22,132;4
16876;"630601001";"zona";-0,28;22,132;4
20454;"630601001";"zona";-0,28;22,132;4
2612;"630603001";"zona";-0,225;23,648;4
2625;"630701001";"zona";-0,393;18,974;4
15812;"630701002";"zona";-0,368;19,672;4
15823;"630701002";"zona";-0,368;19,672;4
2626;"630702001";"zona";-0,169;25,223;4
2518;"630801001";"zona";-0,156;25,582;4
15741;"630801001";"zona";-0,156;25,582;4
16831;"630801001";"zona";-0,156;25,582;4
2549;"631001001";"zona";-0,486;16,376;3
15683;"631001001";"zona";-0,486;16,376;3
2554;"631001001";"zona";-0,486;16,376;3
2553;"631001001";"zona";-0,486;16,376;3
2580;"631001002";"zona";-0,524;15,314;3
2555;"631001002";"zona";-0,524;15,314;3
2551;"631002001";"zona";-0,509;15,728;3
15574;"631002001";"zona";-0,509;15,728;3
15663;"631002001";"zona";-0,509;15,728;3
2579;"631002001";"zona";-0,509;15,728;3
15687;"631002001";"zona";-0,509;15,728;3
41746;"631002001";"zona";-0,509;15,728;3
15501;"631002001";"zona";-0,509;15,728;3
40191;"631002001";"zona";-0,509;15,728;3
42081;"631002002";"zona";-0,446;17,495;3
15524;"631007001";"zona";-0,56;14,302;3
2552;"631007001";"zona";-0,56;14,302;3
15664;"631007001";"zona";-0,56;14,302;3
2559;"631007001";"zona";-0,56;14,302;3
15799;"631008001";"zona";-0,397;18,849;4
2556;"631008001";"zona";-0,397;18,849;4
41480;"710101001";"zona";-0,646;11,917;2
3012;"710101001";"zona";-0,646;11,917;2
2961;"710101001";"zona";-0,646;11,917;2
2938;"710101001";"zona";-0,646;11,917;2
16672;"710101001";"zona";-0,646;11,917;2
2930;"710101002";"zona";-0,584;13,636;3
3003;"710101002";"zona";-0,584;13,636;3
3013;"710101002";"zona";-0,584;13,636;3
2995;"710101002";"zona";-0,584;13,636;3
2948;"710101002";"zona";-0,584;13,636;3
16533;"710101002";"zona";-0,584;13,636;3
3005;"710101002";"zona";-0,584;13,636;3
16604;"710101002";"zona";-0,584;13,636;3
16488;"710101002";"zona";-0,584;13,636;3
3006;"710102001";"zona";-0,499;16,007;3
16689;"710102001";"zona";-0,499;16,007;3
20337;"710102001";"zona";-0,499;16,007;3
2934;"710102001";"zona";-0,499;16,007;3
16752;"710102001";"zona";-0,499;16,007;3
16654;"710102001";"zona";-0,499;16,007;3
3010;"710102001";"zona";-0,499;16,007;3
2935;"710102001";"zona";-0,499;16,007;3
16622;"710102002";"zona";-0,5;15,977;3
2931;"710102002";"zona";-0,5;15,977;3
16656;"710102003";"zona";-0,378;19,376;4
2949;"710102003";"zona";-0,378;19,376;4
16497;"710103001";"zona";-0,628;12,42;2
2942;"710103001";"zona";-0,628;12,42;2
20466;"710103001";"zona";-0,628;12,42;2
16490;"710103001";"zona";-0,628;12,42;2
2993;"710103002";"zona";-0,496;16,089;3
16443;"710103002";"zona";-0,496;16,089;3
2991;"710104001";"zona";-0,277;22,211;4
2943;"710104001";"zona";-0,277;22,211;4
16678;"710104001";"zona";-0,277;22,211;4
16462;"710104001";"zona";-0,277;22,211;4
16441;"710104001";"zona";-0,277;22,211;4
2958;"710104001";"zona";-0,277;22,211;4
16636;"710104002";"zona";-0,57;14,019;3
2959;"710104002";"zona";-0,57;14,019;3
2968;"710104004";"zona";-0,422;18,15;4
2940;"710104005";"zona";-0,457;17,182;3
16748;"710104005";"zona";-0,457;17,182;3
2990;"710105001";"zona";-0,638;12,133;2
2966;"710105001";"zona";-0,638;12,133;2
16461;"710105002";"zona";-0,529;15,173;3
2955;"710106002";"zona";-0,54;14,859;3
2941;"710106003";"zona";-0,576;13,853;3
16597;"710106004";"zona";-0,563;14,233;3
2964;"710106004";"zona";-0,563;14,233;3
3008;"710106004";"zona";-0,563;14,233;3
16558;"710106006";"zona";-0,654;11,689;2
16702;"710106006";"zona";-0,654;11,689;2
2956;"710106006";"zona";-0,654;11,689;2
16521;"710107001";"zona";-0,616;12,754;2
2950;"710107002";"zona";-0,674;11,11;2
2994;"710107002";"zona";-0,674;11,11;2
16470;"710107002";"zona";-0,674;11,11;2
16722;"710107003";"zona";-0,598;13,25;3
2946;"710107003";"zona";-0,598;13,25;3
16574;"710107003";"zona";-0,598;13,25;3
16446;"710107004";"zona";-0,617;12,715;2
16862;"710107005";"zona";-0,627;12,45;2
16606;"710107006";"zona";-0,641;12,045;2
16665;"710107007";"zona";-0,757;8,818;1
16501;"710107008";"zona";-0,705;10,271;2
16548;"710107008";"zona";-0,705;10,271;2
16671;"710107008";"zona";-0,705;10,271;2
16749;"710107008";"zona";-0,705;10,271;2
3015;"710107008";"zona";-0,705;10,271;2
16662;"710107009";"zona";-0,742;9,227;1
16553;"710107009";"zona";-0,742;9,227;1
2952;"710108001";"zona";-0,401;18,746;4
16591;"710108002";"zona";-0,606;13,016;3
16590;"710108002";"zona";-0,606;13,016;3
16585;"710108002";"zona";-0,606;13,016;3
16699;"710108002";"zona";-0,606;13,016;3
16599;"710108002";"zona";-0,606;13,016;3
16673;"710108002";"zona";-0,606;13,016;3
16736;"710108003";"zona";-0,612;12,849;2
2997;"710108003";"zona";-0,612;12,849;2
2945;"710108003";"zona";-0,612;12,849;2
2957;"710108004";"zona";-0,624;12,515;2
2947;"710108005";"zona";-0,533;15,066;3
16552;"710108005";"zona";-0,533;15,066;3
16550;"710108006";"zona";-0,439;17,684;3
2939;"710108006";"zona";-0,439;17,684;3
2937;"710108006";"zona";-0,439;17,684;3
16627;"710108006";"zona";-0,439;17,684;3
2992;"710108006";"zona";-0,439;17,684;3
16664;"710111001";"zona";-0,503;15,907;3
2972;"710111001";"zona";-0,503;15,907;3
16427;"710111002";"zona";-0,56;14,312;3
2974;"710111002";"zona";-0,56;14,312;3
16489;"710111002";"zona";-0,56;14,312;3
2978;"710111002";"zona";-0,56;14,312;3
2973;"710111003";"zona";-0,548;14,643;3
41635;"710111005";"zona";-0,672;11,167;2
41127;"710111005";"zona";-0,672;11,167;2
16621;"710111005";"zona";-0,672;11,167;2
16639;"710111005";"zona";-0,672;11,167;2
41529;"710111006";"zona";-0,692;10,611;2
41814;"710111006";"zona";-0,692;10,611;2
41124;"710111006";"zona";-0,692;10,611;2
20477;"710111009";"zona";-0,676;11,06;2
11343;"710111010";"zona";-0,529;15,159;3
16434;"710112003";"zona";-0,629;12,387;2
11339;"710112003";"zona";-0,629;12,387;2
16633;"710112003";"zona";-0,629;12,387;2
2975;"710112005";"zona";0,113;33,108;4
16647;"710112006";"zona";-0,674;11,127;2
16640;"710112007";"zona";-0,622;12,582;2
11342;"710112007";"zona";-0,622;12,582;2
2965;"710112008";"zona";-0,658;11,56;2
16623;"710112008";"zona";-0,658;11,56;2
16686;"710112009";"zona";-0,749;9,019;1
2951;"710113002";"zona";-0,658;11,58;2
16526;"710113003";"zona";-0,696;10,502;2
16667;"710113003";"zona";-0,696;10,502;2
16467;"710113003";"zona";-0,696;10,502;2
16666;"710113004";"zona";-0,674;11,125;2
11348;"710113005";"zona";-0,76;8,714;1
16663;"710113005";"zona";-0,76;8,714;1
16732;"710113006";"zona";-0,641;12,041;2
3111;"710113008";"zona";-0,697;10,489;2
2932;"710114002";"zona";-0,618;12,684;2
16479;"710114007";"zona";-0,654;11,669;2
16676;"710114007";"zona";-0,654;11,669;2
2999;"710114008";"zona";-0,704;10,289;2
16575;"710114008";"zona";-0,704;10,289;2
16543;"710114009";"zona";-0,704;10,292;2
2944;"710114009";"zona";-0,704;10,292;2
2979;"710116001";"zona";-0,307;21,383;4
16530;"710201001";"zona";-0,322;20,939;4
3204;"710201001";"zona";-0,322;20,939;4
3165;"710201001";"zona";-0,322;20,939;4
20352;"710201001";"zona";-0,322;20,939;4
3163;"710201002";"zona";-0,473;16,723;3
3170;"710201002";"zona";-0,473;16,723;3
3203;"710201002";"zona";-0,473;16,723;3
3166;"710201002";"zona";-0,473;16,723;3
3201;"710201002";"zona";-0,473;16,723;3
3202;"710202001";"zona";-0,541;14,84;3
16615;"710202003";"zona";-0,593;13,392;3
16506;"710202004";"zona";-0,613;12,838;2
3168;"710203001";"zona";-0,458;17,167;3
16444;"710203002";"zona";-0,461;17,078;3
3169;"710203002";"zona";-0,461;17,078;3
3172;"710204001";"zona";-0,145;25,886;4
3173;"710206001";"zona";-0,114;26,768;4
3205;"710301001";"zona";-0,282;22,064;4
16619;"710301001";"zona";-0,282;22,064;4
3128;"710401001";"zona";-0,154;25,635;4
16690;"710501001";"zona";-0,507;15,792;3
16745;"710501001";"zona";-0,507;15,792;3
16703;"710501001";"zona";-0,507;15,792;3
16709;"710501001";"zona";-0,507;15,792;3
16856;"710501001";"zona";-0,507;15,792;3
3110;"710501001";"zona";-0,507;15,792;3
42114;"710505001";"zona";-0,712;10,056;2
16687;"710505005";"zona";-0,79;7,878;1
16854;"710505006";"zona";-0,752;8,95;1
16728;"710505006";"zona";-0,752;8,95;1
16701;"710505008";"zona";-0,699;10,436;2
16758;"710505009";"zona";-0,692;10,634;2
3114;"710506001";"zona";0,228;36,315;4
16624;"710601001";"zona";-0,247;23,058;4
3016;"710601001";"zona";-0,247;23,058;4
3138;"710701001";"zona";-0,254;22,836;4
16659;"710701001";"zona";-0,254;22,836;4
3033;"710801001";"zona";-0,198;24,418;4
16602;"710901001";"zona";-0,454;17,271;3
3057;"710901001";"zona";-0,454;17,271;3
16617;"710901001";"zona";-0,454;17,271;3
16580;"710901002";"zona";-0,548;14,649;3
20604;"710901002";"zona";-0,548;14,649;3
11330;"710901002";"zona";-0,548;14,649;3
11347;"710901003";"zona";-0,46;17,101;3
3056;"710901003";"zona";-0,46;17,101;3
3108;"710901003";"zona";-0,46;17,101;3
16592;"710901003";"zona";-0,46;17,101;3
3055;"710901003";"zona";-0,46;17,101;3
16733;"710901004";"zona";-0,532;15,095;3
16603;"710901005";"zona";-0,549;14,622;3
3060;"710902001";"zona";-0,34;20,445;4
3058;"710902002";"zona";-0,276;22,246;4
3106;"710902002";"zona";-0,276;22,246;4
3017;"711001001";"zona";-0,351;20,131;4
16717;"711001001";"zona";-0,351;20,131;4
3541;"720101001";"zona";-0,452;17,318;3
3539;"720101001";"zona";-0,452;17,318;3
3604;"720101001";"zona";-0,452;17,318;3
3608;"720101001";"zona";-0,452;17,318;3
3546;"720101001";"zona";-0,452;17,318;3
16727;"720101001";"zona";-0,452;17,318;3
16485;"720101001";"zona";-0,452;17,318;3
16557;"720101001";"zona";-0,452;17,318;3
3538;"720102001";"zona";-0,43;17,934;3
3548;"720103001";"zona";-0,6;13,202;3
16658;"720103002";"zona";-0,476;16,644;3
3537;"720103002";"zona";-0,476;16,644;3
16668;"720104001";"zona";-0,455;17,228;3
16484;"720104001";"zona";-0,455;17,228;3
3540;"720105001";"zona";-0,433;17,853;3
41892;"720105001";"zona";-0,433;17,853;3
16723;"720105001";"zona";-0,433;17,853;3
3544;"720105001";"zona";-0,433;17,853;3
3545;"720106001";"zona";-0,466;16,928;3
16751;"720106001";"zona";-0,466;16,928;3
16731;"720106002";"zona";-0,519;15,446;3
3551;"720108001";"zona";-0,432;17,893;3
3549;"720116001";"zona";-0,545;14,734;3
3618;"720201001";"zona";-0,334;20,608;4
3619;"720201001";"zona";-0,334;20,608;4
16454;"720201001";"zona";-0,334;20,608;4
20342;"720206001";"zona";-0,394;18,945;4
3609;"720301001";"zona";-0,14;26,025;4
3610;"720302001";"zona";-0,114;26,748;4
2787;"730101001";"zona";-0,479;16,556;3
2736;"730101001";"zona";-0,479;16,556;3
2732;"730101001";"zona";-0,479;16,556;3
2733;"730101002";"zona";-0,391;19,033;4
2744;"730101002";"zona";-0,391;19,033;4
16458;"730101002";"zona";-0,391;19,033;4
2786;"730101002";"zona";-0,391;19,033;4
41800;"730102001";"zona";-0,541;14,846;3
16417;"730102001";"zona";-0,541;14,846;3
2745;"730102001";"zona";-0,541;14,846;3
16566;"730102001";"zona";-0,541;14,846;3
2751;"730102001";"zona";-0,541;14,846;3
2782;"730102001";"zona";-0,541;14,846;3
16697;"730102001";"zona";-0,541;14,846;3
16729;"730102002";"zona";-0,607;12,981;3
2748;"730102002";"zona";-0,607;12,981;3
2740;"730102002";"zona";-0,607;12,981;3
2730;"730102002";"zona";-0,607;12,981;3
2735;"730103001";"zona";-0,54;14,855;3
2750;"730103001";"zona";-0,54;14,855;3
2734;"730103001";"zona";-0,54;14,855;3
16549;"730103002";"zona";-0,488;16,313;3
2790;"730103003";"zona";-0,591;13,442;3
2785;"730103003";"zona";-0,591;13,442;3
2789;"730103003";"zona";-0,591;13,442;3
2747;"730103004";"zona";-0,483;16,469;3
16716;"730103004";"zona";-0,483;16,469;3
16429;"730103004";"zona";-0,483;16,469;3
16431;"730103004";"zona";-0,483;16,469;3
16520;"730104001";"zona";-0,479;16,571;3
2741;"730104001";"zona";-0,479;16,571;3
2793;"730104001";"zona";-0,479;16,571;3
16448;"730104001";"zona";-0,479;16,571;3
16457;"730104001";"zona";-0,479;16,571;3
2731;"730104001";"zona";-0,479;16,571;3
16762;"730104001";"zona";-0,479;16,571;3
2738;"730104001";"zona";-0,479;16,571;3
16523;"730104002";"zona";-0,633;12,276;2
16494;"730104004";"zona";-0,705;10,268;2
16508;"730104004";"zona";-0,705;10,268;2
16588;"730104004";"zona";-0,705;10,268;2
16715;"730104004";"zona";-0,705;10,268;2
16589;"730105002";"zona";-0,661;11,482;2
16761;"730105003";"zona";-0,721;9,8;1
16698;"730105004";"zona";-0,739;9,319;1
16598;"730105005";"zona";-0,631;12,318;2
16582;"730105005";"zona";-0,631;12,318;2
16541;"730105005";"zona";-0,631;12,318;2
16535;"730105005";"zona";-0,631;12,318;2
16600;"730107001";"zona";-0,658;11,58;2
16542;"730107001";"zona";-0,658;11,58;2
2742;"730107001";"zona";-0,658;11,58;2
16652;"730107001";"zona";-0,658;11,58;2
16730;"730107001";"zona";-0,658;11,58;2
16449;"730107005";"zona";-0,694;10,559;2
16460;"730107005";"zona";-0,694;10,559;2
16491;"730107005";"zona";-0,694;10,559;2
16695;"730109001";"zona";-0,47;16,833;3
16583;"730109001";"zona";-0,47;16,833;3
16569;"730109001";"zona";-0,47;16,833;3
16607;"730109001";"zona";-0,47;16,833;3
16564;"730109002";"zona";-0,462;17,038;3
20314;"730109003";"zona";-0,418;18,27;4
2755;"730109003";"zona";-0,418;18,27;4
41312;"730110003";"zona";-0,612;12,852;2
16537;"730110003";"zona";-0,612;12,852;2
16415;"730110003";"zona";-0,612;12,852;2
16683;"730110003";"zona";-0,612;12,852;2
16817;"730110004";"zona";-0,607;12,982;3
16512;"730110004";"zona";-0,607;12,982;3
16513;"730110004";"zona";-0,607;12,982;3
16693;"730112001";"zona";-0,315;21,153;4
2761;"730112001";"zona";-0,315;21,153;4
16705;"730112002";"zona";0,496;43,801;4
2753;"730117001";"zona";-0,329;20,754;4
2737;"730118002";"zona";-0,542;14,823;3
16616;"730118005";"zona";-0,198;24,401;4
2749;"730118006";"zona";-0,503;15,89;3
16735;"730118006";"zona";-0,503;15,89;3
16428;"730201001";"zona";-0,366;19,728;4
16584;"730201001";"zona";-0,366;19,728;4
2882;"730201001";"zona";-0,366;19,728;4
16757;"730301001";"zona";-0,128;26,373;4
16711;"730301001";"zona";-0,128;26,373;4
2896;"730301001";"zona";-0,128;26,373;4
2903;"730303001";"zona";0,136;33,752;4
11338;"730401001";"zona";-0,392;18,986;4
2863;"730401001";"zona";-0,392;18,986;4
16685;"730401001";"zona";-0,392;18,986;4
2840;"730401001";"zona";-0,392;18,986;4
16536;"730401001";"zona";-0,392;18,986;4
11323;"730401001";"zona";-0,392;18,986;4
16424;"730402001";"zona";-0,425;18,072;4
16846;"730402001";"zona";-0,425;18,072;4
16855;"730402005";"zona";-0,585;13,599;3
16554;"730402005";"zona";-0,585;13,599;3
2845;"730402005";"zona";-0,585;13,599;3
16848;"730404001";"zona";-0,398;18,819;4
16608;"730404001";"zona";-0,398;18,819;4
2836;"730404002";"zona";-0,547;14,656;3
2839;"730404003";"zona";-0,522;15,359;3
16565;"730404003";"zona";-0,522;15,359;3
16646;"730404004";"zona";-0,3;21,564;4
2847;"730404004";"zona";-0,3;21,564;4
2835;"730405001";"zona";-0,504;15,863;3
2862;"730405001";"zona";-0,504;15,863;3
16502;"730406001";"zona";-0,49;16,249;3
16847;"730406001";"zona";-0,49;16,249;3
16586;"730501001";"zona";-0,377;19,404;4
2917;"730501002";"zona";-0,372;19,561;4
16680;"730501002";"zona";-0,372;19,561;4
16754;"730601001";"zona";-0,497;16,064;3
16570;"730601002";"zona";-0,305;21,429;4
2822;"730601002";"zona";-0,305;21,429;4
2823;"730601002";"zona";-0,305;21,429;4
16594;"730601002";"zona";-0,305;21,429;4
2867;"730701001";"zona";-0,382;19,29;4
16610;"730701001";"zona";-0,382;19,29;4
16406;"730701001";"zona";-0,382;19,29;4
16587;"730701001";"zona";-0,382;19,29;4
2870;"730703001";"zona";-0,241;23,201;4
2868;"730704001";"zona";-0,115;26,728;4
2866;"730707001";"zona";0,266;37,376;4
16544;"730801001";"zona";-0,527;15,234;3
16649;"730801001";"zona";-0,527;15,234;3
2794;"730801001";"zona";-0,527;15,234;3
16504;"730801001";"zona";-0,527;15,234;3
20504;"730801001";"zona";-0,527;15,234;3
2795;"730801001";"zona";-0,527;15,234;3
16734;"730801001";"zona";-0,527;15,234;3
16712;"730801001";"zona";-0,527;15,234;3
11350;"730801002";"zona";-0,46;17,088;3
16477;"730802001";"zona";-0,114;26,767;4
16634;"730802001";"zona";-0,114;26,767;4
16556;"740101001";"zona";-0,56;14,296;3
3256;"740101001";"zona";-0,56;14,296;3
3302;"740101001";"zona";-0,56;14,296;3
3290;"740101001";"zona";-0,56;14,296;3
3248;"740101001";"zona";-0,56;14,296;3
3294;"740101001";"zona";-0,56;14,296;3
3310;"740101001";"zona";-0,56;14,296;3
16572;"740101001";"zona";-0,56;14,296;3
16472;"740101001";"zona";-0,56;14,296;3
31486;"740101001";"zona";-0,56;14,296;3
3305;"740101001";"zona";-0,56;14,296;3
3251;"740101001";"zona";-0,56;14,296;3
20472;"740101002";"zona";-0,435;17,808;3
16518;"740101002";"zona";-0,435;17,808;3
3258;"740101002";"zona";-0,435;17,808;3
16696;"740101002";"zona";-0,435;17,808;3
3300;"740101002";"zona";-0,435;17,808;3
3249;"740101002";"zona";-0,435;17,808;3
3260;"740102001";"zona";-0,49;16,274;3
3252;"740102002";"zona";-0,509;15,731;3
16568;"740102002";"zona";-0,509;15,731;3
3250;"740103001";"zona";-0,493;16,163;3
3297;"740103003";"zona";-0,592;13,4;3
3268;"740103003";"zona";-0,592;13,4;3
3291;"740103005";"zona";-0,66;11,502;2
3303;"740104001";"zona";-0,598;13,256;3
16561;"740104001";"zona";-0,598;13,256;3
3243;"740104001";"zona";-0,598;13,256;3
3299;"740104001";"zona";-0,598;13,256;3
3247;"740104001";"zona";-0,598;13,256;3
3298;"740104001";"zona";-0,598;13,256;3
16642;"740104001";"zona";-0,598;13,256;3
3304;"740104001";"zona";-0,598;13,256;3
3308;"740104002";"zona";-0,451;17,354;3
16601;"740104004";"zona";-0,576;13,861;3
3244;"740104004";"zona";-0,576;13,861;3
3253;"740104004";"zona";-0,576;13,861;3
16718;"740106002";"zona";-0,684;10,855;2
3255;"740106003";"zona";-0,578;13,811;3
3311;"740106005";"zona";-0,581;13,708;3
3261;"740107001";"zona";-0,572;13,972;3
3292;"740107001";"zona";-0,572;13,972;3
16682;"740107001";"zona";-0,572;13,972;3
3296;"740107002";"zona";-0,593;13,382;3
16753;"740107003";"zona";-0,598;13,248;3
16453;"740107003";"zona";-0,598;13,248;3
3257;"740107004";"zona";-0,403;18,687;4
3267;"740108002";"zona";0,288;37,993;4
3269;"740111001";"zona";0,235;36,49;4
16468;"740201001";"zona";-0,37;19,604;4
16849;"740201001";"zona";-0,37;19,604;4
3347;"740201002";"zona";-0,253;22,889;4
42036;"740201002";"zona";-0,253;22,889;4
16645;"740201002";"zona";-0,253;22,889;4
3328;"740201002";"zona";-0,253;22,889;4
3336;"740206001";"zona";0,159;34,393;4
16595;"740301001";"zona";-0,349;20,189;4
3349;"740301002";"zona";-0,319;21,03;4
16410;"740301002";"zona";-0,319;21,03;4
3348;"740301002";"zona";-0,319;21,03;4
16455;"740301002";"zona";-0,319;21,03;4
16743;"740301002";"zona";-0,319;21,03;4
20344;"740301003";"zona";0,048;31,282;4
3362;"740306001";"zona";0,298;38,267;4
3432;"740401001";"zona";-0,456;17,197;3
16469;"740401001";"zona";-0,456;17,197;3
3395;"740401001";"zona";-0,456;17,197;3
3431;"740401001";"zona";-0,456;17,197;3
16675;"740401001";"zona";-0,456;17,197;3
3396;"740401001";"zona";-0,456;17,197;3
11318;"740401001";"zona";-0,456;17,197;3
3430;"740402001";"zona";-0,48;16,543;3
16613;"740402001";"zona";-0,48;16,543;3
3398;"740402002";"zona";-0,604;13,091;3
16721;"740403001";"zona";-0,487;16,334;3
11336;"740403001";"zona";-0,487;16,334;3
16563;"740403001";"zona";-0,487;16,334;3
3387;"740403002";"zona";-0,511;15,668;3
3390;"740403002";"zona";-0,511;15,668;3
20600;"740403002";"zona";-0,511;15,668;3
16759;"740404001";"zona";-0,511;15,686;3
3393;"740405002";"zona";-0,411;18,478;4
16740;"740405002";"zona";-0,411;18,478;4
16677;"740501002";"zona";-0,492;16,217;3
3435;"740501002";"zona";-0,492;16,217;3
3434;"740501002";"zona";-0,492;16,217;3
20335;"740501002";"zona";-0,492;16,217;3
3436;"740503001";"zona";-0,219;23,824;4
16845;"740503001";"zona";-0,219;23,824;4
11337;"740601001";"zona";-0,431;17,897;3
3530;"740601001";"zona";-0,431;17,897;3
3480;"740601001";"zona";-0,431;17,897;3
16631;"740601001";"zona";-0,431;17,897;3
16644;"740602001";"zona";-0,601;13,155;3
3533;"740603001";"zona";-0,485;16,405;3
16692;"740603001";"zona";-0,485;16,405;3
3484;"740603002";"zona";-0,558;14,364;3
16679;"740603002";"zona";-0,558;14,364;3
3482;"740603002";"zona";-0,558;14,364;3
3532;"740604001";"zona";-0,598;13,233;3
3511;"740604001";"zona";-0,598;13,233;3
16725;"740604001";"zona";-0,598;13,233;3
3531;"740604001";"zona";-0,598;13,233;3
16560;"740604003";"zona";-0,588;13,525;3
16507;"740604003";"zona";-0,588;13,525;3
3479;"740604004";"zona";-0,629;12,367;2
3483;"740604005";"zona";-0,486;16,378;3
3481;"740604005";"zona";-0,486;16,378;3
3491;"740607002";"zona";-0,306;21,393;4
3492;"740607003";"zona";-0,266;22,502;4
3462;"740701001";"zona";-0,465;16,957;3
16577;"740701001";"zona";-0,465;16,957;3
3461;"740701002";"zona";-0,411;18,474;4
3313;"740801001";"zona";-0,29;21,837;4
3315;"740803002";"zona";0,179;34,947;4
3316;"740806001";"zona";0,217;36,013;4
18175;"810101001";"zona";-0,604;13,081;3
4698;"810101001";"zona";-0,604;13,081;3
17855;"810101001";"zona";-0,604;13,081;3
17602;"810101001";"zona";-0,604;13,081;3
4686;"810102001";"zona";-0,738;9,339;1
4534;"810102001";"zona";-0,738;9,339;1
4548;"810102001";"zona";-0,738;9,339;1
4688;"810102001";"zona";-0,738;9,339;1
4533;"810102001";"zona";-0,738;9,339;1
4555;"810102001";"zona";-0,738;9,339;1
4669;"810102002";"zona";-0,852;6,148;1
18039;"810102003";"zona";-0,883;5,275;1
4553;"810103001";"zona";-0,813;7,239;1
4557;"810103001";"zona";-0,813;7,239;1
4564;"810103001";"zona";-0,813;7,239;1
41424;"810103001";"zona";-0,813;7,239;1
18001;"810103001";"zona";-0,813;7,239;1
12013;"810103001";"zona";-0,813;7,239;1
18007;"810104001";"zona";-0,61;12,923;3
17802;"810104001";"zona";-0,61;12,923;3
4655;"810104001";"zona";-0,61;12,923;3
17701;"810104001";"zona";-0,61;12,923;3
17658;"810104001";"zona";-0,61;12,923;3
16863;"810104001";"zona";-0,61;12,923;3
11709;"810105001";"zona";-0,628;12,417;2
17642;"810105001";"zona";-0,628;12,417;2
17901;"810105002";"zona";-0,778;8,221;1
18223;"810105002";"zona";-0,778;8,221;1
18194;"810105002";"zona";-0,778;8,221;1
4630;"810106001";"zona";-0,682;10,891;2
4536;"810106001";"zona";-0,682;10,891;2
4663;"810106001";"zona";-0,682;10,891;2
20433;"810106001";"zona";-0,682;10,891;2
4558;"810106001";"zona";-0,682;10,891;2
4680;"810106001";"zona";-0,682;10,891;2
17796;"810106001";"zona";-0,682;10,891;2
4639;"810107001";"zona";-0,639;12,097;2
18030;"810108001";"zona";-0,656;11,634;2
18173;"810108002";"zona";-0,238;23,286;4
4666;"810108004";"zona";-0,677;11,053;2
4559;"810108004";"zona";-0,677;11,053;2
4582;"810108004";"zona";-0,677;11,053;2
4531;"810109001";"zona";-0,678;11,002;2
17607;"810110001";"zona";-0,541;14,84;3
4868;"810110001";"zona";-0,541;14,84;3
4635;"810110003";"zona";-0,692;10,614;2
4585;"810111001";"zona";-0,737;9,366;1
4648;"810111001";"zona";-0,737;9,366;1
4572;"810112001";"zona";-0,637;12,144;2
4561;"810112001";"zona";-0,637;12,144;2
20406;"810112001";"zona";-0,637;12,144;2
17650;"810112001";"zona";-0,637;12,144;2
4566;"810112001";"zona";-0,637;12,144;2
17900;"810112001";"zona";-0,637;12,144;2
4638;"810112001";"zona";-0,637;12,144;2
31102;"810113001";"zona";-0,734;9,438;1
4588;"810113001";"zona";-0,734;9,438;1
4636;"810114001";"zona";-0,701;10,376;2
4540;"810114001";"zona";-0,701;10,376;2
4592;"810115001";"zona";-0,648;11,851;2
4679;"810115002";"zona";-0,673;11,155;2
16902;"810115003";"zona";-0,614;12,805;2
17889;"810115003";"zona";-0,614;12,805;2
4672;"810115003";"zona";-0,614;12,805;2
18032;"810115004";"zona";-0,631;12,335;2
18044;"810115006";"zona";-0,702;10,329;2
17884;"810115006";"zona";-0,702;10,329;2
31091;"810116001";"zona";-0,654;11,696;2
17768;"810116002";"zona";-0,647;11,868;2
4569;"810116002";"zona";-0,647;11,868;2
11741;"810116003";"zona";-0,608;12,96;3
4670;"810116005";"zona";-0,741;9,265;1
18146;"810116005";"zona";-0,741;9,265;1
4646;"810116007";"zona";-0,73;9,565;1
18193;"810116007";"zona";-0,73;9,565;1
17878;"810116010";"zona";-0,752;8,947;1
20292;"810116011";"zona";-0,664;11,395;2
18097;"810116014";"zona";-0,695;10,524;2
17635;"810117001";"zona";-0,689;10,704;2
17697;"810117002";"zona";-0,667;11,326;2
18167;"810117003";"zona";-0,606;13,024;3
18206;"810118001";"zona";-0,664;11,391;2
17799;"810118001";"zona";-0,664;11,391;2
16793;"810118001";"zona";-0,664;11,391;2
4565;"810119001";"zona";-0,691;10,663;2
18236;"810119002";"zona";-0,787;7,958;1
4645;"810119002";"zona";-0,787;7,958;1
4546;"810120001";"zona";-0,782;8,119;1
4577;"810120001";"zona";-0,782;8,119;1
4664;"810120001";"zona";-0,782;8,119;1
17733;"810120001";"zona";-0,782;8,119;1
4665;"810120001";"zona";-0,782;8,119;1
12055;"810121001";"zona";-0,786;8,009;1
4551;"810121001";"zona";-0,786;8,009;1
17879;"810121001";"zona";-0,786;8,009;1
18183;"810121001";"zona";-0,786;8,009;1
17868;"810121001";"zona";-0,786;8,009;1
11415;"810121001";"zona";-0,786;8,009;1
4659;"810121001";"zona";-0,786;8,009;1
20412;"810122001";"zona";-0,798;7,656;1
18105;"810122001";"zona";-0,798;7,656;1
17899;"810122001";"zona";-0,798;7,656;1
41864;"810123001";"zona";-0,593;13,38;3
18247;"810123001";"zona";-0,593;13,38;3
4612;"810124001";"zona";-0,47;16,812;3
4543;"810124001";"zona";-0,47;16,812;3
4574;"810124002";"zona";-0,489;16,279;3
18055;"810124002";"zona";-0,489;16,279;3
4563;"810124003";"zona";-0,635;12,201;2
4579;"810125001";"zona";-0,618;12,695;2
41791;"810125001";"zona";-0,618;12,695;2
4609;"810125004";"zona";-0,535;15,015;3
17854;"810125005";"zona";-0,606;13,011;3
4535;"810125005";"zona";-0,606;13,011;3
4647;"810126002";"zona";-0,691;10,643;2
4660;"810127001";"zona";-0,587;13,556;3
4581;"810127001";"zona";-0,587;13,556;3
4544;"810128001";"zona";-0,604;13,088;3
12024;"810128001";"zona";-0,604;13,088;3
31104;"810128001";"zona";-0,604;13,088;3
18024;"810132001";"zona";-0,633;12,276;2
17750;"810132001";"zona";-0,633;12,276;2
18131;"810132001";"zona";-0,633;12,276;2
4603;"810132001";"zona";-0,633;12,276;2
17912;"810132002";"zona";-0,644;11,966;2
4613;"810132003";"zona";-0,546;14,707;3
17875;"810132004";"zona";-0,572;13,975;3
4589;"810132004";"zona";-0,572;13,975;3
18119;"810132005";"zona";-0,773;8,349;1
18116;"810132005";"zona";-0,773;8,349;1
4982;"810201001";"zona";-0,213;23,992;4
5020;"810201002";"zona";-0,544;14,762;3
17739;"810201002";"zona";-0,544;14,762;3
17654;"810201002";"zona";-0,544;14,762;3
4988;"810201002";"zona";-0,544;14,762;3
4992;"810201002";"zona";-0,544;14,762;3
4994;"810201002";"zona";-0,544;14,762;3
4985;"810201002";"zona";-0,544;14,762;3
19630;"810202001";"zona";-0,632;12,306;2
20634;"810202001";"zona";-0,632;12,306;2
4989;"810202002";"zona";-0,576;13,854;3
5009;"810202002";"zona";-0,576;13,854;3
4977;"810202002";"zona";-0,576;13,854;3
18122;"810202002";"zona";-0,576;13,854;3
4987;"810202003";"zona";-0,494;16,155;3
4997;"810202003";"zona";-0,494;16,155;3
18042;"810202004";"zona";-0,551;14,548;3
4983;"810202004";"zona";-0,551;14,548;3
11710;"810202005";"zona";-0,329;20,747;4
4978;"810202005";"zona";-0,329;20,747;4
5019;"810202005";"zona";-0,329;20,747;4
4995;"810203001";"zona";-0,521;15,408;3
4975;"810203002";"zona";-0,334;20,606;4
4998;"810203002";"zona";-0,334;20,606;4
11398;"810203004";"zona";-0,352;20,116;4
4986;"810203005";"zona";-0,364;19,766;4
17657;"810204001";"zona";-0,544;14,767;3
12008;"810204002";"zona";-0,613;12,836;2
18168;"810204002";"zona";-0,613;12,836;2
18244;"810204002";"zona";-0,613;12,836;2
18109;"810204002";"zona";-0,613;12,836;2
11420;"810204002";"zona";-0,613;12,836;2
18088;"810204003";"zona";-0,523;15,345;3
12033;"810204003";"zona";-0,523;15,345;3
16864;"810204003";"zona";-0,523;15,345;3
5010;"810204004";"zona";-0,468;16,888;3
18027;"810204004";"zona";-0,468;16,888;3
4984;"810204004";"zona";-0,468;16,888;3
17871;"810204004";"zona";-0,468;16,888;3
4979;"810204004";"zona";-0,468;16,888;3
5012;"810208001";"zona";-0,419;18,233;4
4996;"810208001";"zona";-0,419;18,233;4
31118;"810208001";"zona";-0,419;18,233;4
18154;"810208002";"zona";-0,374;19,512;4
18038;"810208002";"zona";-0,374;19,512;4
4991;"810208003";"zona";-0,559;14,332;3
17835;"810211001";"zona";-0,737;9,376;1
5001;"810211001";"zona";-0,737;9,376;1
31103;"810211002";"zona";-0,639;12,112;2
16778;"810211002";"zona";-0,639;12,112;2
16974;"810211002";"zona";-0,639;12,112;2
5015;"810211002";"zona";-0,639;12,112;2
4999;"810211002";"zona";-0,639;12,112;2
18248;"810211002";"zona";-0,639;12,112;2
17925;"810211002";"zona";-0,639;12,112;2
4990;"810211003";"zona";-0,573;13,939;3
17788;"810211003";"zona";-0,573;13,939;3
5016;"810211004";"zona";-0,726;9,679;1
31114;"810211004";"zona";-0,726;9,679;1
16784;"810211005";"zona";-0,761;8,706;1
17818;"810211006";"zona";-0,38;19,334;4
17876;"810211006";"zona";-0,38;19,334;4
41658;"810211006";"zona";-0,38;19,334;4
18255;"810211006";"zona";-0,38;19,334;4
17815;"810211006";"zona";-0,38;19,334;4
31088;"810211008";"zona";-0,721;9,822;1
31129;"810211008";"zona";-0,721;9,822;1
16779;"810211011";"zona";-0,716;9,958;1
16999;"810211012";"zona";-0,555;14,442;3
31130;"810211012";"zona";-0,555;14,442;3
41616;"810211012";"zona";-0,555;14,442;3
17660;"810211013";"zona";-0,585;13,599;3
16770;"810211013";"zona";-0,585;13,599;3
20430;"810211013";"zona";-0,585;13,599;3
18233;"810211013";"zona";-0,585;13,599;3
5005;"810211013";"zona";-0,585;13,599;3
17915;"810211016";"zona";-0,71;10,125;2
17822;"810211016";"zona";-0,71;10,125;2
12036;"810301001";"zona";-0,521;15,405;3
18054;"810301001";"zona";-0,521;15,405;3
4689;"810301002";"zona";-0,561;14,292;3
12025;"810301002";"zona";-0,561;14,292;3
17812;"810302001";"zona";-0,606;13,02;3
17857;"810302001";"zona";-0,606;13,02;3
4691;"810302001";"zona";-0,606;13,02;3
31092;"810302001";"zona";-0,606;13,02;3
17692;"810303001";"zona";-0,701;10,358;2
4667;"810303001";"zona";-0,701;10,358;2
4571;"810303001";"zona";-0,701;10,358;2
4560;"810303001";"zona";-0,701;10,358;2
11414;"810303002";"zona";-0,696;10,52;2
17843;"810303003";"zona";-0,689;10,696;2
4627;"810303003";"zona";-0,689;10,696;2
4576;"810303003";"zona";-0,689;10,696;2
4597;"810303003";"zona";-0,689;10,696;2
18020;"810303006";"zona";-0,75;9,001;1
17805;"810304001";"zona";-0,565;14,156;3
4575;"810304001";"zona";-0,565;14,156;3
17779;"810304001";"zona";-0,565;14,156;3
17781;"810304001";"zona";-0,565;14,156;3
4633;"810304001";"zona";-0,565;14,156;3
18185;"810304002";"zona";-0,599;13,222;3
17746;"810305001";"zona";-0,655;11,659;2
17648;"810305001";"zona";-0,655;11,659;2
4631;"810305001";"zona";-0,655;11,659;2
41710;"810305001";"zona";-0,655;11,659;2
18181;"810305002";"zona";-0,791;7,853;1
16933;"810305002";"zona";-0,791;7,853;1
18023;"810305002";"zona";-0,791;7,853;1
18063;"810305002";"zona";-0,791;7,853;1
4591;"810305003";"zona";-0,767;8,53;1
17709;"810305003";"zona";-0,767;8,53;1
4586;"810305004";"zona";-0,593;13,381;3
18040;"810305006";"zona";-0,784;8,048;1
18126;"810305006";"zona";-0,784;8,048;1
17689;"810305008";"zona";-0,601;13,169;3
17765;"810305008";"zona";-0,601;13,169;3
18052;"810305009";"zona";-0,769;8,46;1
18150;"810305010";"zona";-0,799;7,629;1
18239;"810305010";"zona";-0,799;7,629;1
4628;"810305010";"zona";-0,799;7,629;1
18066;"810305011";"zona";-0,695;10,551;2
4584;"810305011";"zona";-0,695;10,551;2
17869;"810305011";"zona";-0,695;10,551;2
4658;"810305011";"zona";-0,695;10,551;2
4870;"810401001";"zona";-0,315;21,149;4
20391;"810401001";"zona";-0,315;21,149;4
4896;"810401001";"zona";-0,315;21,149;4
4869;"810401001";"zona";-0,315;21,149;4
18031;"810402001";"zona";-0,266;22,529;4
18112;"810402001";"zona";-0,266;22,529;4
18100;"810501001";"zona";-0,341;20,417;4
4905;"810501001";"zona";-0,341;20,417;4
4898;"810501001";"zona";-0,341;20,417;4
4897;"810501002";"zona";-0,535;15,012;3
18094;"810501002";"zona";-0,535;15,012;3
18081;"810501002";"zona";-0,535;15,012;3
4922;"810501002";"zona";-0,535;15,012;3
18093;"810501002";"zona";-0,535;15,012;3
12058;"810501003";"zona";-0,702;10,351;2
18065;"810501003";"zona";-0,702;10,351;2
4902;"810508001";"zona";0,246;36,815;4
4956;"810601001";"zona";-0,522;15,378;3
4949;"810601001";"zona";-0,522;15,378;3
4958;"810601003";"zona";-0,616;12,734;2
4973;"810601003";"zona";-0,616;12,734;2
4971;"810601003";"zona";-0,616;12,734;2
12052;"810601004";"zona";-0,525;15,291;3
11397;"810601004";"zona";-0,525;15,291;3
17911;"810601004";"zona";-0,525;15,291;3
17850;"810601004";"zona";-0,525;15,291;3
4950;"810601004";"zona";-0,525;15,291;3
4951;"810601004";"zona";-0,525;15,291;3
4969;"810601005";"zona";-0,647;11,869;2
4967;"810601005";"zona";-0,647;11,869;2
4953;"810602001";"zona";-0,645;11,94;2
4955;"810602002";"zona";-0,691;10,635;2
4968;"810603001";"zona";-0,553;14,506;3
31132;"810603001";"zona";-0,553;14,506;3
4954;"810603001";"zona";-0,553;14,506;3
31094;"810603001";"zona";-0,553;14,506;3
4952;"810603001";"zona";-0,553;14,506;3
17823;"810603001";"zona";-0,553;14,506;3
4965;"810603001";"zona";-0,553;14,506;3
11707;"810603001";"zona";-0,553;14,506;3
4948;"810603001";"zona";-0,553;14,506;3
4960;"810603001";"zona";-0,553;14,506;3
4974;"810604003";"zona";-0,427;18,011;3
4961;"810605001";"zona";-0,147;25,851;4
18015;"810701001";"zona";-0,657;11,607;2
4805;"810701001";"zona";-0,657;11,607;2
18111;"810701002";"zona";-0,69;10,689;2
18178;"810701002";"zona";-0,69;10,689;2
4806;"810701002";"zona";-0,69;10,689;2
18127;"810701002";"zona";-0,69;10,689;2
18114;"810701002";"zona";-0,69;10,689;2
4807;"810701003";"zona";-0,595;13,318;3
4803;"810701003";"zona";-0,595;13,318;3
4818;"810701003";"zona";-0,595;13,318;3
18014;"810701003";"zona";-0,595;13,318;3
4822;"810701003";"zona";-0,595;13,318;3
18003;"810702001";"zona";-0,478;16,593;3
4809;"810702003";"zona";-0,653;11,711;2
4820;"810702004";"zona";-0,654;11,693;2
4810;"810702004";"zona";-0,654;11,693;2
18190;"810702004";"zona";-0,654;11,693;2
18176;"810703001";"zona";-0,563;14,233;3
4813;"810703001";"zona";-0,563;14,233;3
17865;"810703002";"zona";-0,464;16,985;3
4811;"810703002";"zona";-0,464;16,985;3
17782;"810703002";"zona";-0,464;16,985;3
4808;"810705001";"zona";-0,593;13,391;3
4812;"810706001";"zona";-0,493;16,173;3
18203;"810706002";"zona";-0,473;16,738;3
4814;"810706002";"zona";-0,473;16,738;3
4595;"810801003";"zona";-0,704;10,277;2
4629;"810801004";"zona";-0,575;13,885;3
4593;"810801004";"zona";-0,575;13,885;3
4650;"810801005";"zona";-0,726;9,669;1
18011;"810802001";"zona";-0,34;20,461;4
17753;"810802001";"zona";-0,34;20,461;4
17840;"810802001";"zona";-0,34;20,461;4
4615;"810802001";"zona";-0,34;20,461;4
11705;"810802001";"zona";-0,34;20,461;4
11715;"810802002";"zona";-0,645;11,946;2
16960;"810802005";"zona";-0,755;8,869;1
18238;"810802006";"zona";-0,778;8,219;1
18158;"810802006";"zona";-0,778;8,219;1
4626;"810802007";"zona";-0,595;13,339;3
18202;"810802007";"zona";-0,595;13,339;3
18102;"810802007";"zona";-0,595;13,339;3
18147;"810802007";"zona";-0,595;13,339;3
18218;"810802008";"zona";-0,666;11,353;2
4675;"810802009";"zona";-0,722;9,793;1
4616;"810802009";"zona";-0,722;9,793;1
18153;"810802009";"zona";-0,722;9,793;1
11706;"810802011";"zona";-0,654;11,677;2
17606;"810803002";"zona";-0,589;13,507;3
4594;"810803002";"zona";-0,589;13,507;3
11675;"810803002";"zona";-0,589;13,507;3
17870;"810803002";"zona";-0,589;13,507;3
12062;"810803002";"zona";-0,589;13,507;3
4550;"810803003";"zona";-0,68;10,951;2
17821;"810803003";"zona";-0,68;10,951;2
4578;"810803003";"zona";-0,68;10,951;2
16918;"810803003";"zona";-0,68;10,951;2
18079;"810803003";"zona";-0,68;10,951;2
4562;"810803003";"zona";-0,68;10,951;2
4662;"810803004";"zona";-0,69;10,677;2
17832;"810804001";"zona";-0,668;11,297;2
18211;"810804001";"zona";-0,668;11,297;2
4656;"810804002";"zona";-0,776;8,274;1
17859;"810804002";"zona";-0,776;8,274;1
20351;"810804002";"zona";-0,776;8,274;1
4641;"810804003";"zona";-0,557;14,384;3
4611;"810804003";"zona";-0,557;14,384;3
18188;"810804003";"zona";-0,557;14,384;3
4687;"810804004";"zona";-0,39;19,052;4
41587;"810804005";"zona";-0,752;8,948;1
17634;"810804005";"zona";-0,752;8,948;1
42041;"810804005";"zona";-0,752;8,948;1
31085;"810804006";"zona";-0,709;10,143;2
18064;"810804006";"zona";-0,709;10,143;2
18237;"810805001";"zona";-0,749;9,021;1
16782;"810805001";"zona";-0,749;9,021;1
18224;"810805001";"zona";-0,749;9,021;1
4617;"810805002";"zona";-0,523;15,346;3
18043;"810805002";"zona";-0,523;15,346;3
4644;"810805002";"zona";-0,523;15,346;3
18166;"810805002";"zona";-0,523;15,346;3
31120;"810805004";"zona";-0,672;11,188;2
4677;"810805006";"zona";-0,522;15,364;3
4694;"810805007";"zona";-0,636;12,173;2
41924;"810805008";"zona";-0,738;9,347;1
18205;"810805008";"zona";-0,738;9,347;1
18138;"810805008";"zona";-0,738;9,347;1
31110;"810805009";"zona";-0,583;13,657;3
20549;"810901001";"zona";-0,483;16,443;3
4947;"810901002";"zona";-0,307;21,376;4
18075;"810901002";"zona";-0,307;21,376;4
18074;"810901002";"zona";-0,307;21,376;4
31106;"810901002";"zona";-0,307;21,376;4
4925;"810901002";"zona";-0,307;21,376;4
4926;"810901002";"zona";-0,307;21,376;4
17723;"810901003";"zona";-0,549;14,618;3
17824;"811001001";"zona";-0,611;12,876;2
17860;"811001001";"zona";-0,611;12,876;2
18029;"811001001";"zona";-0,611;12,876;2
18132;"811001001";"zona";-0,611;12,876;2
4733;"811001001";"zona";-0,611;12,876;2
4742;"811002001";"zona";-0,501;15,941;3
18106;"811003001";"zona";-0,623;12,545;2
17718;"811003001";"zona";-0,623;12,545;2
17833;"811003001";"zona";-0,623;12,545;2
41531;"811003001";"zona";-0,623;12,545;2
17858;"811003001";"zona";-0,623;12,545;2
4779;"811003001";"zona";-0,623;12,545;2
4709;"811003001";"zona";-0,623;12,545;2
4724;"811003001";"zona";-0,623;12,545;2
4702;"811004001";"zona";-0,396;18,883;4
4723;"811004001";"zona";-0,396;18,883;4
4744;"811005001";"zona";-0,468;16,876;3
4746;"811005002";"zona";-0,46;17,096;3
4736;"811006001";"zona";-0,499;15,997;3
4796;"811006001";"zona";-0,499;15,997;3
4753;"811006003";"zona";-0,257;22,772;4
11743;"811008002";"zona";-0,592;13,408;3
17836;"811008003";"zona";-0,399;18,789;4
18210;"811008003";"zona";-0,399;18,789;4
17693;"811008005";"zona";-0,663;11,424;2
17785;"811008006";"zona";-0,819;7,065;1
31100;"811008006";"zona";-0,819;7,065;1
4734;"811009001";"zona";-0,632;12,295;2
17837;"811009001";"zona";-0,632;12,295;2
18254;"811009001";"zona";-0,632;12,295;2
12023;"811010001";"zona";-0,509;15,719;3
16966;"811010003";"zona";-0,498;16,027;3
4762;"811010003";"zona";-0,498;16,027;3
42082;"811011001";"zona";-0,616;12,739;2
4728;"811011001";"zona";-0,616;12,739;2
4703;"811011001";"zona";-0,616;12,739;2
4725;"811011003";"zona";-0,733;9,464;1
4711;"811012002";"zona";-0,547;14,67;3
4741;"811012003";"zona";-0,629;12,387;2
4777;"811012003";"zona";-0,629;12,387;2
4720;"811012005";"zona";-0,681;10,94;2
16901;"811013001";"zona";-0,576;13,872;3
12035;"811013001";"zona";-0,576;13,872;3
4708;"811014002";"zona";-0,722;9,784;1
4707;"811014002";"zona";-0,722;9,784;1
34356;"811014002";"zona";-0,722;9,784;1
4747;"811014003";"zona";-0,754;8,893;1
4732;"811014003";"zona";-0,754;8,893;1
42007;"811014004";"zona";-0,654;11,672;2
18062;"811014004";"zona";-0,654;11,672;2
12063;"811014005";"zona";-0,453;17,302;3
20438;"811014005";"zona";-0,453;17,302;3
18241;"811014005";"zona";-0,453;17,302;3
4712;"811014005";"zona";-0,453;17,302;3
18235;"811014006";"zona";-0,651;11,765;2
42180;"811014006";"zona";-0,651;11,765;2
17862;"811014007";"zona";-0,641;12,032;2
18049;"811014007";"zona";-0,641;12,032;2
18172;"811014007";"zona";-0,641;12,032;2
18130;"811014007";"zona";-0,641;12,032;2
4781;"811014008";"zona";-0,811;7,296;1
17708;"811014010";"zona";-0,632;12,292;2
18025;"811014010";"zona";-0,632;12,292;2
4785;"811014010";"zona";-0,632;12,292;2
4778;"811015001";"zona";-0,503;15,892;3
11417;"811015001";"zona";-0,503;15,892;3
4750;"811015001";"zona";-0,503;15,892;3
4792;"811016001";"zona";-0,591;13,442;3
4776;"811016002";"zona";-0,467;16,91;3
4754;"811016002";"zona";-0,467;16,91;3
4751;"811017001";"zona";-0,71;10,111;2
17703;"811017002";"zona";-0,685;10,82;2
4726;"811017004";"zona";-0,717;9,912;1
4727;"811017004";"zona";-0,717;9,912;1
4866;"811101001";"zona";-0,48;16,545;3
4836;"811101001";"zona";-0,48;16,545;3
4838;"811101001";"zona";-0,48;16,545;3
18160;"811101002";"zona";-0,537;14,958;3
4831;"811101002";"zona";-0,537;14,958;3
31111;"811101002";"zona";-0,537;14,958;3
4825;"811102001";"zona";-0,473;16,75;3
4829;"811102001";"zona";-0,473;16,75;3
4842;"811102001";"zona";-0,473;16,75;3
4824;"811102001";"zona";-0,473;16,75;3
20393;"811102002";"zona";-0,543;14,79;3
41590;"811102002";"zona";-0,543;14,79;3
4830;"811102002";"zona";-0,543;14,79;3
4841;"811102002";"zona";-0,543;14,79;3
4843;"811102003";"zona";-0,362;19,827;4
4840;"811102004";"zona";-0,369;19,646;4
16838;"811103001";"zona";-0,639;12,113;2
17872;"811103001";"zona";-0,639;12,113;2
4839;"811103002";"zona";-0,394;18,941;4
4832;"811103003";"zona";-0,483;16,456;3
4865;"811103003";"zona";-0,483;16,456;3
4835;"811103003";"zona";-0,483;16,456;3
34367;"811103005";"zona";-0,594;13,354;3
17885;"811103006";"zona";-0,467;16,896;3
4860;"811103006";"zona";-0,467;16,896;3
11394;"811103006";"zona";-0,467;16,896;3
20516;"811105001";"zona";-0,376;19,438;4
4834;"811105003";"zona";-0,477;16,632;3
4837;"811107001";"zona";0,194;35,352;4
4867;"811107001";"zona";0,194;35,352;4
4827;"811111001";"zona";-0,569;14,046;3
4845;"811111002";"zona";-0,468;16,864;3
18163;"811201002";"zona";-0,778;8,207;1
41702;"811201002";"zona";-0,778;8,207;1
4719;"811201003";"zona";-0,687;10,773;2
4740;"811201003";"zona";-0,687;10,773;2
4790;"811201006";"zona";-0,654;11,674;2
4700;"811202001";"zona";-0,684;10,849;2
4774;"811202001";"zona";-0,684;10,849;2
4717;"811202002";"zona";-0,711;10,089;2
4760;"811202002";"zona";-0,711;10,089;2
41911;"811202002";"zona";-0,711;10,089;2
4791;"811202003";"zona";-0,711;10,092;2
11431;"811202003";"zona";-0,711;10,092;2
4713;"811202003";"zona";-0,711;10,092;2
4714;"811202003";"zona";-0,711;10,092;2
4782;"811202003";"zona";-0,711;10,092;2
17910;"811202004";"zona";-0,736;9,406;1
17747;"811202005";"zona";-0,685;10,812;2
4786;"811202006";"zona";-0,705;10,246;2
20414;"811202006";"zona";-0,705;10,246;2
18107;"811203001";"zona";-0,587;13,543;3
11708;"811203001";"zona";-0,587;13,543;3
4768;"811203001";"zona";-0,587;13,543;3
4731;"811203002";"zona";-0,654;11,669;2
18069;"811203002";"zona";-0,654;11,669;2
18164;"811204001";"zona";-0,649;11,825;2
4772;"811204002";"zona";-0,731;9,543;1
4730;"811204002";"zona";-0,731;9,543;1
4715;"811204003";"zona";-0,704;10,284;2
18240;"811204003";"zona";-0,704;10,284;2
4722;"811205002";"zona";-0,709;10,16;2
4706;"811205004";"zona";-0,653;11,711;2
20296;"811205005";"zona";-0,676;11,074;2
4767;"811206001";"zona";-0,695;10,532;2
4737;"811206001";"zona";-0,695;10,532;2
4798;"811206002";"zona";-0,586;13,579;3
18121;"811206003";"zona";-0,712;10,049;2
34388;"811206003";"zona";-0,712;10,049;2
18047;"811206004";"zona";-0,703;10,327;2
18149;"811206004";"zona";-0,703;10,327;2
16937;"811206004";"zona";-0,703;10,327;2
5028;"820101001";"zona";-0,492;16,217;3
5021;"820101001";"zona";-0,492;16,217;3
5029;"820101001";"zona";-0,492;16,217;3
18095;"820101002";"zona";-0,433;17,866;3
5026;"820101002";"zona";-0,433;17,866;3
5023;"820101002";"zona";-0,433;17,866;3
5022;"820101002";"zona";-0,433;17,866;3
5025;"820101002";"zona";-0,433;17,866;3
5032;"820101002";"zona";-0,433;17,866;3
5046;"820101002";"zona";-0,433;17,866;3
5031;"820101002";"zona";-0,433;17,866;3
5033;"820102001";"zona";-0,282;22,068;4
5038;"820107001";"zona";-0,268;22,471;4
5039;"820108001";"zona";-0,027;29,192;4
5034;"820110001";"zona";-0,474;16,721;3
5024;"820110002";"zona";-0,427;18,018;3
31099;"820201001";"zona";-0,325;20,876;4
18092;"820201001";"zona";-0,325;20,876;4
5052;"820201001";"zona";-0,325;20,876;4
17817;"820201001";"zona";-0,325;20,876;4
5054;"820201001";"zona";-0,325;20,876;4
5051;"820202001";"zona";-0,222;23,736;4
18080;"820202001";"zona";-0,222;23,736;4
20293;"820202001";"zona";-0,222;23,736;4
5074;"820202001";"zona";-0,222;23,736;4
5055;"820203001";"zona";-0,061;28,25;4
5083;"820204001";"zona";-0,435;17,799;3
5047;"820204001";"zona";-0,435;17,799;3
31115;"820204001";"zona";-0,435;17,799;3
18155;"820204002";"zona";-0,466;16,931;3
17728;"820204003";"zona";-0,471;16,791;3
18073;"820204003";"zona";-0,471;16,791;3
5050;"820204003";"zona";-0,471;16,791;3
5049;"820204003";"zona";-0,471;16,791;3
18009;"820204003";"zona";-0,471;16,791;3
5048;"820204004";"zona";-0,421;18,176;4
5082;"820204004";"zona";-0,421;18,176;4
17874;"820205001";"zona";-0,504;15,866;3
17810;"820301001";"zona";-0,384;19,227;4
5127;"820301001";"zona";-0,384;19,227;4
5130;"820301001";"zona";-0,384;19,227;4
5128;"820301001";"zona";-0,384;19,227;4
5153;"820301002";"zona";-0,457;17,196;3
5150;"820301002";"zona";-0,457;17,196;3
5126;"820301002";"zona";-0,457;17,196;3
18089;"820301002";"zona";-0,457;17,196;3
5129;"820301003";"zona";-0,418;18,28;4
5131;"820301004";"zona";-0,466;16,925;3
18227;"820301005";"zona";-0,398;18,822;4
17772;"820301005";"zona";-0,398;18,822;4
5134;"820303001";"zona";-0,233;23,45;4
5154;"820401001";"zona";-0,382;19,287;4
5155;"820401001";"zona";-0,382;19,287;4
31122;"820501001";"zona";-0,531;15,105;3
5086;"820501001";"zona";-0,531;15,105;3
17881;"820501001";"zona";-0,531;15,105;3
5085;"820501002";"zona";-0,531;15,113;3
5095;"820501002";"zona";-0,531;15,113;3
5091;"820503001";"zona";-0,312;21,232;4
5090;"820503001";"zona";-0,312;21,232;4
18139;"820503001";"zona";-0,312;21,232;4
5104;"820505001";"zona";-0,61;12,901;3
17719;"820505001";"zona";-0,61;12,901;3
5087;"820505001";"zona";-0,61;12,901;3
5088;"820505002";"zona";-0,507;15,797;3
5084;"820505002";"zona";-0,507;15,797;3
5093;"820505002";"zona";-0,507;15,797;3
5094;"820505003";"zona";-0,394;18,941;4
11746;"820505004";"zona";-0,124;26,484;4
18144;"820505004";"zona";-0,124;26,484;4
5105;"820601001";"zona";-0,325;20,877;4
5122;"820601001";"zona";-0,325;20,877;4
31125;"820601003";"zona";-0,388;19,112;4
5106;"820601003";"zona";-0,388;19,112;4
11712;"820601003";"zona";-0,388;19,112;4
5109;"820604001";"zona";-0,219;23,823;4
5112;"820604001";"zona";-0,219;23,823;4
5110;"820604001";"zona";-0,219;23,823;4
5121;"820604002";"zona";0,191;35,287;4
5120;"820604002";"zona";0,191;35,287;4
5113;"820604002";"zona";0,191;35,287;4
11400;"820703001";"zona";-0,107;26,964;4
5194;"820703001";"zona";-0,107;26,964;4
41551;"820703001";"zona";-0,107;26,964;4
4185;"830101001";"zona";-0,574;13,921;3
34487;"830101001";"zona";-0,574;13,921;3
4259;"830101002";"zona";-0,541;14,83;3
17726;"830101003";"zona";-0,572;13,969;3
18143;"830101003";"zona";-0,572;13,969;3
4168;"830101003";"zona";-0,572;13,969;3
17816;"830101004";"zona";-0,536;14,991;3
4172;"830101004";"zona";-0,536;14,991;3
4171;"830101005";"zona";-0,588;13,515;3
4162;"830102001";"zona";-0,471;16,789;3
18169;"830102001";"zona";-0,471;16,789;3
4266;"830102001";"zona";-0,471;16,789;3
41280;"830102001";"zona";-0,471;16,789;3
4165;"830102001";"zona";-0,471;16,789;3
17736;"830102001";"zona";-0,471;16,789;3
31134;"830102001";"zona";-0,471;16,789;3
4166;"830102001";"zona";-0,471;16,789;3
17647;"830102001";"zona";-0,471;16,789;3
4189;"830102001";"zona";-0,471;16,789;3
4179;"830102001";"zona";-0,471;16,789;3
4187;"830102001";"zona";-0,471;16,789;3
4176;"830102002";"zona";-0,543;14,788;3
4188;"830102002";"zona";-0,543;14,788;3
17756;"830102002";"zona";-0,543;14,788;3
4163;"830102002";"zona";-0,543;14,788;3
41909;"830102002";"zona";-0,543;14,788;3
20392;"830102002";"zona";-0,543;14,788;3
4260;"830102002";"zona";-0,543;14,788;3
17786;"830102002";"zona";-0,543;14,788;3
4258;"830102002";"zona";-0,543;14,788;3
41955;"830102002";"zona";-0,543;14,788;3
11429;"830102003";"zona";-0,526;15,258;3
12015;"830102003";"zona";-0,526;15,258;3
4286;"830102003";"zona";-0,526;15,258;3
18200;"830102004";"zona";-0,609;12,943;3
4263;"830102004";"zona";-0,609;12,943;3
20389;"830102004";"zona";-0,609;12,943;3
16781;"830103002";"zona";-0,521;15,406;3
4270;"830103002";"zona";-0,521;15,406;3
16803;"830103003";"zona";-0,582;13,704;3
17776;"830103003";"zona";-0,582;13,704;3
18226;"830103003";"zona";-0,582;13,704;3
4164;"830103003";"zona";-0,582;13,704;3
4169;"830103003";"zona";-0,582;13,704;3
4262;"830103004";"zona";-0,583;13,661;3
20470;"830103004";"zona";-0,583;13,661;3
4285;"830103004";"zona";-0,583;13,661;3
4269;"830103004";"zona";-0,583;13,661;3
17830;"830103004";"zona";-0,583;13,661;3
18128;"830103004";"zona";-0,583;13,661;3
31137;"830103004";"zona";-0,583;13,661;3
11716;"830103004";"zona";-0,583;13,661;3
4173;"830103005";"zona";-0,566;14,138;3
17771;"830103006";"zona";-0,533;15,057;3
4186;"830103006";"zona";-0,533;15,057;3
17888;"830103007";"zona";-0,611;12,884;3
18186;"830104001";"zona";-0,718;9,898;1
31086;"830104001";"zona";-0,718;9,898;1
17883;"830104002";"zona";-0,668;11,292;2
18034;"830104002";"zona";-0,668;11,292;2
17690;"830104004";"zona";-0,546;14,698;3
17687;"830107001";"zona";-0,414;18,395;4
31136;"830112001";"zona";0,036;30,956;4
12022;"830112001";"zona";0,036;30,956;4
4201;"830115001";"zona";-0,217;23,877;4
17638;"830117002";"zona";-0,564;14,187;3
18253;"830117002";"zona";-0,564;14,187;3
16973;"830117002";"zona";-0,564;14,187;3
4183;"830117003";"zona";-0,475;16,668;3
17795;"830117005";"zona";-0,663;11,426;2
16998;"830117006";"zona";-0,7;10,406;2
16780;"830117008";"zona";-0,707;10,189;2
4180;"830117008";"zona";-0,707;10,189;2
4190;"830119001";"zona";-0,039;28,863;4
4204;"830119002";"zona";0,181;35,003;4
20491;"830120001";"zona";-0,411;18,479;4
17809;"830120001";"zona";-0,411;18,479;4
31121;"830120003";"zona";-0,722;9,777;1
34493;"830120005";"zona";-0,636;12,174;2
11719;"830120005";"zona";-0,636;12,174;2
4160;"830120006";"zona";-0,664;11,394;2
11718;"830120006";"zona";-0,664;11,394;2
4272;"830121001";"zona";-0,591;13,428;3
18228;"830121001";"zona";-0,591;13,428;3
4175;"830121001";"zona";-0,591;13,428;3
4177;"830121001";"zona";-0,591;13,428;3
18082;"830121001";"zona";-0,591;13,428;3
16968;"830121002";"zona";-0,569;14,043;3
31124;"830121003";"zona";-0,427;18,024;3
20385;"830121003";"zona";-0,427;18,024;4
12005;"830121003";"zona";-0,427;18,024;4
17791;"830121003";"zona";-0,427;18,024;4
41611;"830121004";"zona";-0,641;12,038;2
4181;"830121004";"zona";-0,641;12,038;2
20413;"830121005";"zona";-0,648;11,85;2
18222;"830121005";"zona";-0,648;11,85;2
17918;"830121005";"zona";-0,648;11,85;2
17852;"830121006";"zona";-0,702;10,351;2
17605;"830121006";"zona";-0,702;10,351;2
17774;"830121006";"zona";-0,702;10,351;2
17600;"830121008";"zona";-0,645;11,939;2
4268;"830121008";"zona";-0,645;11,939;2
4174;"830121008";"zona";-0,645;11,939;2
4324;"830201001";"zona";-0,265;22,542;4
18234;"830201001";"zona";-0,265;22,542;4
31131;"830301001";"zona";-0,401;18,759;4
16800;"830301001";"zona";-0,401;18,759;4
18123;"830301002";"zona";-0,535;14,994;3
18170;"830301002";"zona";-0,535;14,994;3
16915;"830301003";"zona";-0,653;11,702;2
17814;"830301003";"zona";-0,653;11,702;2
4289;"830301003";"zona";-0,653;11,702;2
4307;"830301004";"zona";-0,408;18,555;4
12020;"830301004";"zona";-0,408;18,555;4
31107;"830304001";"zona";-0,425;18,078;4
20422;"830304002";"zona";-0,325;20,878;4
4288;"830304002";"zona";-0,325;20,878;4
17787;"830304002";"zona";-0,325;20,878;4
4308;"830304002";"zona";-0,325;20,878;4
4496;"830401001";"zona";-0,308;21,352;4
12042;"830401001";"zona";-0,308;21,352;4
4481;"830401002";"zona";-0,323;20,916;4
17704;"830401002";"zona";-0,323;20,916;4
17847;"830401002";"zona";-0,323;20,916;4
4483;"830401002";"zona";-0,323;20,916;4
11677;"830401002";"zona";-0,323;20,916;4
32055;"830401004";"zona";-0,475;16,677;3
4497;"830401004";"zona";-0,475;16,677;3
17882;"830401004";"zona";-0,475;16,677;3
18208;"830405001";"zona";-0,304;21,448;4
4499;"830405001";"zona";-0,304;21,448;4
41899;"830405001";"zona";-0,304;21,448;4
4482;"830405001";"zona";-0,304;21,448;4
18076;"830501002";"zona";-0,399;18,804;4
4408;"830501002";"zona";-0,399;18,804;4
4443;"830501002";"zona";-0,399;18,804;4
4409;"830501003";"zona";-0,569;14,058;3
17751;"830501003";"zona";-0,569;14,058;3
17790;"830501004";"zona";-0,501;15,945;3
31089;"830501004";"zona";-0,501;15,945;3
4410;"830501004";"zona";-0,501;15,945;3
17732;"830502001";"zona";-0,48;16,542;3
4403;"830502001";"zona";-0,48;16,542;3
4406;"830502001";"zona";-0,48;16,542;3
18101;"830502001";"zona";-0,48;16,542;3
31350;"830502001";"zona";-0,48;16,542;3
41716;"830502001";"zona";-0,48;16,542;3
4407;"830502002";"zona";-0,449;17,404;3
18184;"830502002";"zona";-0,449;17,404;3
12051;"830502002";"zona";-0,449;17,404;3
4404;"830502002";"zona";-0,449;17,404;3
4405;"830502002";"zona";-0,449;17,404;3
20418;"830502002";"zona";-0,449;17,404;3
18008;"830601001";"zona";-0,391;19,031;4
4453;"830601001";"zona";-0,391;19,031;4
17924;"830601001";"zona";-0,391;19,031;4
11430;"830601001";"zona";-0,391;19,031;4
18142;"830601001";"zona";-0,391;19,031;4
4452;"830601002";"zona";-0,442;17,605;3
4451;"830601002";"zona";-0,442;17,605;3
17807;"830601002";"zona";-0,442;17,605;3
4454;"830601003";"zona";-0,488;16,308;3
17778;"830602001";"zona";-0,508;15,762;3
16911;"830602001";"zona";-0,508;15,762;3
4455;"830606001";"zona";-0,379;19,347;4
18162;"830701001";"zona";-0,333;20,649;4
17643;"830701001";"zona";-0,333;20,649;4
4446;"830701001";"zona";-0,333;20,649;4
4448;"830702001";"zona";-0,117;26,676;4
4392;"830801001";"zona";-0,271;22,366;4
17001;"830801001";"zona";-0,271;22,366;4
4331;"830901001";"zona";-0,22;23,81;4
12764;"830901001";"zona";-0,22;23,81;4
4333;"830903001";"zona";-0,118;26,637;4
4334;"830904001";"zona";-0,415;18,341;4
4500;"831001001";"zona";-0,319;21,042;4
18157;"831001001";"zona";-0,319;21,042;4
17797;"831101001";"zona";-0,445;17,523;3
4353;"831101001";"zona";-0,445;17,523;3
4352;"831101001";"zona";-0,445;17,523;3
18091;"831101002";"zona";-0,359;19,916;4
17813;"831101002";"zona";-0,359;19,916;4
18096;"831101002";"zona";-0,359;19,916;4
4381;"831101002";"zona";-0,359;19,916;4
4382;"831101002";"zona";-0,359;19,916;4
4310;"831201001";"zona";-0,261;22,66;4
20421;"831201001";"zona";-0,261;22,66;4
12031;"831202001";"zona";-0,381;19,301;4
4309;"831202001";"zona";-0,381;19,301;4
17880;"831202001";"zona";-0,381;19,301;4
11711;"831202002";"zona";-0,401;18,751;4
4311;"831204001";"zona";0,229;36,323;4
41024;"831205001";"zona";-0,464;16,978;3
16874;"831301001";"zona";-0,406;18,62;4
17846;"831301001";"zona";-0,406;18,62;4
4505;"831301001";"zona";-0,406;18,62;4
4530;"831301001";"zona";-0,406;18,62;4
18021;"831301002";"zona";-0,409;18,532;4
4506;"831301002";"zona";-0,409;18,532;4
18026;"831301002";"zona";-0,409;18,532;4
18230;"831301002";"zona";-0,409;18,532;4
4509;"831301002";"zona";-0,409;18,532;4
12767;"831301002";"zona";-0,409;18,532;4
17652;"831301002";"zona";-0,409;18,532;4
4507;"831302001";"zona";-0,243;23,147;4
20214;"910101001";"zona";-0,52;15,417;3
20063;"910101001";"zona";-0,52;15,417;3
19990;"910101001";"zona";-0,52;15,417;3
5600;"910101001";"zona";-0,52;15,417;3
5598;"910101001";"zona";-0,52;15,417;3
20261;"910101001";"zona";-0,52;15,417;3
5568;"910101001";"zona";-0,52;15,417;3
5567;"910101001";"zona";-0,52;15,417;3
5570;"910101001";"zona";-0,52;15,417;3
20129;"910101001";"zona";-0,52;15,417;3
19959;"910101002";"zona";-0,661;11,482;2
40111;"910101002";"zona";-0,661;11,482;2
5810;"910101002";"zona";-0,661;11,482;2
5659;"910101002";"zona";-0,661;11,482;2
20078;"910101002";"zona";-0,661;11,482;2
20131;"910101002";"zona";-0,661;11,482;2
5658;"910101002";"zona";-0,661;11,482;2
5662;"910101002";"zona";-0,661;11,482;2
5670;"910101002";"zona";-0,661;11,482;2
20102;"910101002";"zona";-0,661;11,482;2
20266;"910101002";"zona";-0,661;11,482;2
5682;"910101003";"zona";-0,616;12,753;2
5816;"910101003";"zona";-0,616;12,753;2
5808;"910101003";"zona";-0,616;12,753;2
5569;"910101003";"zona";-0,616;12,753;2
20044;"910101003";"zona";-0,616;12,753;2
20216;"910101003";"zona";-0,616;12,753;2
5655;"910101004";"zona";-0,549;14,611;3
20012;"910101004";"zona";-0,549;14,611;3
5654;"910101004";"zona";-0,549;14,611;3
5575;"910101004";"zona";-0,549;14,611;3
19907;"910101004";"zona";-0,549;14,611;3
5713;"910101004";"zona";-0,549;14,611;3
20270;"910101004";"zona";-0,549;14,611;3
20155;"910101004";"zona";-0,549;14,611;3
20250;"910102001";"zona";-0,717;9,93;1
20212;"910102001";"zona";-0,717;9,93;1
5782;"910102001";"zona";-0,717;9,93;1
20176;"910102001";"zona";-0,717;9,93;1
20218;"910102002";"zona";-0,662;11,457;2
20223;"910102002";"zona";-0,662;11,457;2
5813;"910102002";"zona";-0,662;11,457;2
5677;"910102002";"zona";-0,662;11,457;2
5680;"910102002";"zona";-0,662;11,457;2
5596;"910102003";"zona";-0,604;13,078;3
5566;"910102003";"zona";-0,604;13,078;3
20025;"910102003";"zona";-0,604;13,078;3
20114;"910103001";"zona";-0,672;11,177;2
19983;"910103001";"zona";-0,672;11,177;2
5588;"910103002";"zona";-0,63;12,348;2
20252;"910103002";"zona";-0,63;12,348;2
5590;"910103003";"zona";-0,616;12,733;2
20230;"910103005";"zona";-0,619;12,657;2
20244;"910103005";"zona";-0,619;12,657;2
20047;"910104001";"zona";-0,603;13,108;3
5684;"910104001";"zona";-0,603;13,108;3
20066;"910104001";"zona";-0,603;13,108;3
5693;"910104001";"zona";-0,603;13,108;3
19923;"910104001";"zona";-0,603;13,108;3
5726;"910104002";"zona";-0,613;12,83;2
5601;"910104002";"zona";-0,613;12,83;2
5814;"910104003";"zona";-0,589;13,486;3
5703;"910104003";"zona";-0,589;13,486;3
5694;"910105001";"zona";-0,59;13,457;3
20140;"910105001";"zona";-0,59;13,457;3
5706;"910105001";"zona";-0,59;13,457;3
5583;"910105001";"zona";-0,59;13,457;3
20100;"910105001";"zona";-0,59;13,457;3
11465;"910105002";"zona";-0,585;13,605;3
19973;"910105003";"zona";-0,593;13,385;3
5714;"910105005";"zona";-0,636;12,197;2
5669;"910106001";"zona";-0,573;13,951;3
5582;"910106001";"zona";-0,573;13,951;3
5617;"910106003";"zona";-0,609;12,947;3
5656;"910106003";"zona";-0,609;12,947;3
5597;"910106003";"zona";-0,609;12,947;3
20267;"910106003";"zona";-0,609;12,947;3
5664;"910106005";"zona";-0,63;12,349;2
20291;"910106006";"zona";-0,561;14,27;3
5722;"910106006";"zona";-0,561;14,27;3
5652;"910107001";"zona";-0,496;16,082;3
19960;"910107001";"zona";-0,496;16,082;3
20122;"910107001";"zona";-0,496;16,082;3
20096;"910107001";"zona";-0,496;16,082;3
5565;"910107001";"zona";-0,496;16,082;3
5729;"910107002";"zona";-0,55;14,579;3
5571;"910107002";"zona";-0,55;14,579;3
5585;"910108001";"zona";-0,613;12,834;2
5604;"910108002";"zona";-0,584;13,65;3
5619;"910108003";"zona";-0,558;14,372;3
20002;"910108003";"zona";-0,558;14,372;3
16952;"910108003";"zona";-0,558;14,372;3
5653;"910108004";"zona";-0,569;14,063;3
20181;"910108004";"zona";-0,569;14,063;3
5746;"910108006";"zona";-0,514;15,588;3
5697;"910108006";"zona";-0,514;15,588;3
5611;"910109001";"zona";-0,728;9,614;1
20262;"910109002";"zona";-0,681;10,925;2
5812;"910109003";"zona";-0,695;10,524;2
42270;"910109003";"zona";-0,695;10,524;2
20092;"910109003";"zona";-0,695;10,524;2
5603;"910109003";"zona";-0,695;10,524;2
5666;"910109003";"zona";-0,695;10,524;2
19981;"910109003";"zona";-0,695;10,524;2
5578;"910109003";"zona";-0,695;10,524;2
5709;"910109003";"zona";-0,695;10,524;2
20048;"910109004";"zona";-0,713;10,039;2
20288;"910109005";"zona";-0,701;10,36;2
5668;"910110001";"zona";-0,699;10,438;2
40130;"910110004";"zona";-0,55;14,577;3
20265;"910110004";"zona";-0,55;14,577;3
40119;"910110004";"zona";-0,55;14,577;3
20258;"910110004";"zona";-0,55;14,577;3
20226;"910110005";"zona";-0,687;10,771;2
5614;"910110006";"zona";-0,687;10,762;2
20019;"910110006";"zona";-0,687;10,762;2
5719;"910110006";"zona";-0,687;10,762;2
20159;"910110008";"zona";-0,653;11,706;2
20274;"910110008";"zona";-0,653;11,706;2
20173;"910110008";"zona";-0,653;11,706;2
5661;"910111001";"zona";-0,747;9,078;1
20137;"910111001";"zona";-0,747;9,078;1
20180;"910111003";"zona";0,083;32,257;4
20016;"910114003";"zona";-0,587;13,564;3
13216;"910114004";"zona";-0,626;12,474;2
19974;"910114005";"zona";0;29,931;4
13208;"910116002";"zona";-0,445;17,518;3
20225;"910116003";"zona";-0,542;14,807;3
5608;"910116003";"zona";-0,542;14,807;3
20203;"910116003";"zona";-0,542;14,807;3
19926;"910116003";"zona";-0,542;14,807;3
20197;"910116004";"zona";-0,48;16,542;3
5592;"910116004";"zona";-0,48;16,542;3
20243;"910117001";"zona";-0,696;10,514;2
19992;"910117001";"zona";-0,696;10,514;2
5675;"910117002";"zona";-0,685;10,829;2
20037;"910117002";"zona";-0,685;10,829;2
5620;"910117003";"zona";-0,564;14,195;3
41317;"910118001";"zona";-0,718;9,907;1
20091;"910118001";"zona";-0,718;9,907;1
5589;"910118002";"zona";-0,671;11,209;2
19969;"910118002";"zona";-0,671;11,209;2
20156;"910118004";"zona";-0,672;11,193;2
20237;"910118004";"zona";-0,672;11,193;2
19908;"910118004";"zona";-0,672;11,193;2
20235;"910118006";"zona";-0,669;11,254;2
41386;"910118006";"zona";-0,669;11,254;2
20490;"910119002";"zona";-0,633;12,28;2
5580;"910119002";"zona";-0,633;12,28;2
5717;"910119003";"zona";-0,646;11,901;2
5639;"910119003";"zona";-0,646;11,901;2
20234;"910119003";"zona";-0,646;11,901;2
5606;"910119005";"zona";-0,695;10,544;2
20085;"910119006";"zona";-0,64;12,076;2
20246;"910119006";"zona";-0,64;12,076;2
19925;"910201001";"zona";-0,259;22,716;4
12366;"910201001";"zona";-0,259;22,716;4
19954;"910202001";"zona";-0,421;18,188;4
6497;"910202001";"zona";-0,421;18,188;4
6501;"910202002";"zona";-0,397;18,853;4
6500;"910202002";"zona";-0,397;18,853;4
6542;"910208001";"zona";-0,106;26,981;4
6499;"910208001";"zona";-0,106;26,981;4
5957;"910302001";"zona";-0,256;22,804;4
5993;"910302001";"zona";-0,256;22,804;4
12368;"910302001";"zona";-0,256;22,804;4
5992;"910302001";"zona";-0,256;22,804;4
20182;"910302001";"zona";-0,256;22,804;4
20071;"910302002";"zona";-0,229;23,552;4
20073;"910302002";"zona";-0,229;23,552;4
5959;"910310001";"zona";-0,146;25,867;4
5994;"910310001";"zona";-0,146;25,867;4
6038;"910401001";"zona";-0,2;24,365;4
20435;"910401001";"zona";-0,2;24,365;4
6163;"910501001";"zona";-0,372;19,564;4
6164;"910501001";"zona";-0,372;19,564;4
6167;"910501001";"zona";-0,372;19,564;4
6188;"910501001";"zona";-0,372;19,564;4
6165;"910502001";"zona";-0,252;22,897;4
6190;"910502001";"zona";-0,252;22,897;4
6189;"910502001";"zona";-0,252;22,897;4
6708;"910601001";"zona";-0,345;20,298;4
20175;"910601001";"zona";-0,345;20,298;4
41649;"910601001";"zona";-0,345;20,298;4
6709;"910601001";"zona";-0,345;20,298;4
20486;"910601001";"zona";-0,345;20,298;4
19931;"910601001";"zona";-0,345;20,298;4
6269;"910701002";"zona";-0,332;20,682;4
6271;"910701002";"zona";-0,332;20,682;4
6285;"910701003";"zona";-0,401;18,747;4
6300;"910702001";"zona";-0,291;21,818;4
20283;"910702001";"zona";-0,291;21,818;4
20245;"910702001";"zona";-0,291;21,818;4
6273;"910702001";"zona";-0,291;21,818;4
6294;"910707001";"zona";-0,078;27,766;4
6270;"910707001";"zona";-0,078;27,766;4
5861;"910801001";"zona";-0,482;16,492;3
5824;"910801001";"zona";-0,482;16,492;3
5830;"910801001";"zona";-0,482;16,492;3
5829;"910801002";"zona";-0,46;17,106;3
6604;"910801002";"zona";-0,46;17,106;3
5827;"910802001";"zona";-0,585;13,598;3
5823;"910803001";"zona";-0,563;14,227;3
5825;"910804001";"zona";-0,36;19,901;4
11520;"910804001";"zona";-0,36;19,901;4
20161;"910805001";"zona";-0,411;18,456;4
19906;"910805001";"zona";-0,411;18,456;4
5862;"910805001";"zona";-0,411;18,456;4
5828;"910805001";"zona";-0,411;18,456;4
20168;"910805001";"zona";-0,411;18,456;4
20276;"910805002";"zona";-0,551;14,547;3
19922;"910811001";"zona";-0,426;18,061;4
5831;"910811001";"zona";-0,426;18,061;4
6304;"910901001";"zona";-0,44;17,647;3
6308;"910901001";"zona";-0,44;17,647;3
6302;"910901001";"zona";-0,44;17,647;3
20268;"910901001";"zona";-0,44;17,647;3
6336;"910901001";"zona";-0,44;17,647;3
42254;"910901002";"zona";-0,508;15,771;3
20165;"910902001";"zona";-0,414;18,388;4
11472;"910902001";"zona";-0,414;18,388;4
6301;"910902001";"zona";-0,414;18,388;4
6303;"910908001";"zona";-0,148;25,816;4
6337;"910908001";"zona";-0,148;25,816;4
6018;"911001001";"zona";-0,165;25,347;4
20219;"911001001";"zona";-0,165;25,347;4
6007;"911001001";"zona";-0,165;25,347;4
19927;"911001001";"zona";-0,165;25,347;4
6590;"911101001";"zona";-0,365;19,762;4
6585;"911101001";"zona";-0,365;19,762;4
6589;"911102001";"zona";-0,396;18,875;4
6635;"911102001";"zona";-0,396;18,875;4
6644;"911102001";"zona";-0,396;18,875;4
20277;"911102001";"zona";-0,396;18,875;4
6587;"911102001";"zona";-0,396;18,875;4
20030;"911102001";"zona";-0,396;18,875;4
20186;"911102001";"zona";-0,396;18,875;4
20120;"911104001";"zona";-0,501;15,961;3
20154;"911104001";"zona";-0,501;15,961;3
6588;"911104001";"zona";-0,501;15,961;3
11498;"911104001";"zona";-0,501;15,961;3
6584;"911104001";"zona";-0,501;15,961;3
6591;"911104001";"zona";-0,501;15,961;3
20119;"911104002";"zona";-0,492;16,217;3
6691;"911104002";"zona";-0,492;16,217;3
20043;"911104002";"zona";-0,492;16,217;3
20273;"911204002";"zona";-0,611;12,882;2
11509;"911204002";"zona";-0,611;12,882;2
5695;"911204002";"zona";-0,611;12,882;3
19964;"911204003";"zona";-0,498;16,044;3
5663;"911204004";"zona";-0,459;17,119;3
20001;"911204004";"zona";-0,459;17,119;3
5776;"911204004";"zona";-0,459;17,119;3
5599;"911204004";"zona";-0,459;17,119;3
20046;"911204004";"zona";-0,459;17,119;3
5678;"911204004";"zona";-0,459;17,119;3
20184;"911204004";"zona";-0,459;17,119;3
5683;"911204004";"zona";-0,459;17,119;3
5667;"911204004";"zona";-0,459;17,119;3
5574;"911204004";"zona";-0,459;17,119;3
20064;"911204005";"zona";-0,569;14,063;3
13217;"911204005";"zona";-0,569;14,063;3
5725;"911204006";"zona";-0,106;26,995;4
5716;"911205001";"zona";-0,64;12,065;2
19984;"911205002";"zona";-0,516;15,547;3
11532;"911205002";"zona";-0,516;15,547;3
20151;"911205004";"zona";-0,638;12,116;2
20065;"911205004";"zona";-0,638;12,116;2
20178;"911205005";"zona";-0,737;9,36;1
5880;"911301001";"zona";-0,351;20,136;4
5879;"911301001";"zona";-0,351;20,136;4
11530;"911401001";"zona";-0,441;17,627;3
19968;"911401001";"zona";-0,441;17,627;3
6224;"911401002";"zona";-0,449;17,41;3
6228;"911401002";"zona";-0,449;17,41;3
6254;"911401002";"zona";-0,449;17,41;3
6252;"911401002";"zona";-0,449;17,41;3
6223;"911401002";"zona";-0,449;17,41;3
20090;"911401003";"zona";-0,483;16,445;3
6225;"911401003";"zona";-0,483;16,445;3
40106;"911401003";"zona";-0,483;16,445;3
6227;"911402002";"zona";-0,429;17,954;3
20290;"911402003";"zona";-0,495;16,135;3
6253;"911402003";"zona";-0,495;16,135;3
6071;"911501001";"zona";-0,295;21,698;4
41789;"911501001";"zona";-0,295;21,698;4
41931;"911501002";"zona";-0,027;29,178;4
20167;"911501002";"zona";-0,027;29,178;4
20121;"911502002";"zona";-0,244;23,134;4
6051;"911502003";"zona";-0,454;17,276;3
6072;"911502003";"zona";-0,454;17,276;3
6070;"911502003";"zona";-0,454;17,276;3
6052;"911502003";"zona";-0,454;17,276;3
42234;"911502003";"zona";-0,454;17,276;3
20139;"911502004";"zona";-0,178;24,971;4
20209;"911502004";"zona";-0,178;24,971;4
6460;"911601001";"zona";-0,164;25,369;4
6452;"911601001";"zona";-0,164;25,369;4
6423;"911705001";"zona";-0,277;22,204;4
6398;"911705001";"zona";-0,277;22,204;4
6420;"911705001";"zona";-0,277;22,204;4
16942;"911705001";"zona";-0,277;22,204;4
6421;"911707001";"zona";-0,07;27,982;4
6399;"911707001";"zona";-0,07;27,982;4
20284;"911801001";"zona";-0,278;22,191;4
6349;"911801001";"zona";-0,278;22,191;4
6348;"911801001";"zona";-0,278;22,191;4
6379;"911801001";"zona";-0,278;22,191;4
5897;"911901001";"zona";-0,308;21,348;4
13207;"911901001";"zona";-0,308;21,348;4
20271;"911901001";"zona";-0,308;21,348;4
19914;"911901001";"zona";-0,308;21,348;4
11467;"911901001";"zona";-0,308;21,348;4
20133;"911901002";"zona";-0,309;21,328;4
5919;"911903001";"zona";-0,115;26,72;4
5896;"911903001";"zona";-0,115;26,72;4
5940;"911905001";"zona";-0,361;19,873;4
5902;"911905001";"zona";-0,361;19,873;4
20357;"911905001";"zona";-0,361;19,873;4
5955;"911910001";"zona";-0,608;12,953;3
5613;"911910001";"zona";-0,608;12,953;3
6089;"912001001";"zona";-0,515;15,556;3
19921;"912001001";"zona";-0,515;15,556;3
6086;"912001001";"zona";-0,515;15,556;3
6118;"912001002";"zona";-0,505;15,829;3
6113;"912001002";"zona";-0,505;15,829;3
41795;"912001002";"zona";-0,505;15,829;3
6116;"912001002";"zona";-0,505;15,829;3
20278;"912001002";"zona";-0,505;15,829;3
20204;"912001002";"zona";-0,505;15,829;3
6088;"912001002";"zona";-0,505;15,829;3
6112;"912001002";"zona";-0,505;15,829;3
6161;"912001002";"zona";-0,505;15,829;3
6122;"912002001";"zona";-0,465;16,949;3
6087;"912002001";"zona";-0,465;16,949;3
6317;"912002001";"zona";-0,465;16,949;3
20158;"912002001";"zona";-0,465;16,949;3
6084;"912002001";"zona";-0,465;16,949;3
6091;"912002001";"zona";-0,465;16,949;3
6120;"912003001";"zona";-0,561;14,272;3
6085;"912003001";"zona";-0,561;14,272;3
20213;"912003001";"zona";-0,561;14,272;3
40110;"912003001";"zona";-0,561;14,272;3
6090;"912003002";"zona";-0,524;15,303;3
6124;"912003003";"zona";-0,615;12,771;2
19947;"912003005";"zona";-0,538;14,934;3
6121;"912003005";"zona";-0,538;14,934;3
20263;"912003006";"zona";-0,563;14,236;3
6126;"912006002";"zona";0,06;31,629;4
6115;"912006002";"zona";0,06;31,629;4
6092;"912006002";"zona";0,06;31,629;4
6119;"912007001";"zona";0,252;36,964;4
6117;"912009001";"zona";-0,227;23,592;4
6622;"912102001";"zona";-0,353;20,091;4
6594;"912102001";"zona";-0,353;20,091;4
6612;"912102001";"zona";-0,353;20,091;4
6643;"912102001";"zona";-0,353;20,091;4
6626;"912102001";"zona";-0,353;20,091;4
6616;"912102001";"zona";-0,353;20,091;4
6641;"912102001";"zona";-0,353;20,091;4
16961;"912102001";"zona";-0,353;20,091;4
6649;"912102001";"zona";-0,353;20,091;4
6700;"912102001";"zona";-0,353;20,091;4
6599;"912102001";"zona";-0,353;20,091;4
6650;"912102001";"zona";-0,353;20,091;4
6586;"912102001";"zona";-0,353;20,091;4
6630;"912102001";"zona";-0,353;20,091;4
6621;"912102001";"zona";-0,353;20,091;4
6624;"912102001";"zona";-0,353;20,091;4
5221;"920101001";"zona";-0,452;17,327;3
5230;"920101001";"zona";-0,452;17,327;3
5216;"920101001";"zona";-0,452;17,327;3
5227;"920101001";"zona";-0,452;17,327;3
11529;"920101001";"zona";-0,452;17,327;3
5225;"920101001";"zona";-0,452;17,327;3
19972;"920101001";"zona";-0,452;17,327;3
5232;"920101001";"zona";-0,452;17,327;3
20068;"920102001";"zona";-0,461;17,067;3
41417;"920102002";"zona";-0,472;16,758;3
41961;"920102002";"zona";-0,472;16,758;3
5264;"920103001";"zona";-0,285;21,973;4
20287;"920103001";"zona";-0,285;21,973;4
20136;"920104001";"zona";-0,448;17,442;3
20082;"920104001";"zona";-0,448;17,442;3
5228;"920113001";"zona";-0,351;20,141;4
5218;"920115001";"zona";-0,481;16,526;3
5215;"920115001";"zona";-0,481;16,526;3
5226;"920115002";"zona";-0,495;16,127;3
5229;"920115003";"zona";-0,575;13,899;3
19993;"920115004";"zona";-0,612;12,849;2
5224;"920115004";"zona";-0,612;12,849;2
5266;"920115006";"zona";-0,541;14,836;3
5265;"920115006";"zona";-0,541;14,836;3
5220;"920116001";"zona";-0,403;18,692;4
20042;"920116002";"zona";-0,478;16,583;3
19952;"920116002";"zona";-0,478;16,583;3
5219;"920116002";"zona";-0,478;16,583;3
5283;"920202001";"zona";-0,444;17,541;3
5288;"920202002";"zona";-0,466;16,938;3
5282;"920203001";"zona";-0,379;19,36;4
41274;"920203001";"zona";-0,379;19,36;4
5284;"920203001";"zona";-0,379;19,36;4
5315;"920204001";"zona";-0,451;17,355;3
19918;"920204001";"zona";-0,451;17,355;3
5289;"920204003";"zona";-0,158;25,523;4
20108;"920204004";"zona";-0,473;16,748;3
5286;"920204004";"zona";-0,473;16,748;3
5350;"920301001";"zona";-0,375;19,466;4
5372;"920301001";"zona";-0,375;19,466;4
5347;"920301002";"zona";-0,35;20,164;4
5345;"920301003";"zona";-0,408;18,539;4
5344;"920302001";"zona";-0,382;19,278;4
5343;"920302001";"zona";-0,382;19,278;4
19950;"920302001";"zona";-0,382;19,278;4
5353;"920302001";"zona";-0,382;19,278;4
5346;"920302002";"zona";-0,371;19,572;4
5351;"920302002";"zona";-0,371;19,572;4
5387;"920401001";"zona";-0,274;22,293;4
5374;"920401001";"zona";-0,274;22,293;4
5375;"920403001";"zona";-0,252;22,897;4
20215;"920403001";"zona";-0,252;22,897;4
5323;"920501001";"zona";-0,22;23,803;4
5324;"920501001";"zona";-0,22;23,803;4
5342;"920501001";"zona";-0,22;23,803;4
42256;"920501001";"zona";-0,22;23,803;4
5538;"920601001";"zona";-0,247;23,046;4
20264;"920601001";"zona";-0,247;23,046;4
19965;"920601001";"zona";-0,247;23,046;4
19913;"920609001";"zona";-0,309;21,312;4
5539;"920609001";"zona";-0,309;21,312;4
20103;"920701001";"zona";-0,107;26,947;4
5471;"920701001";"zona";-0,107;26,947;4
5470;"920710001";"zona";-0,128;26,367;4
5503;"920801001";"zona";-0,245;23,114;4
5510;"920802001";"zona";-0,317;21,104;4
5508;"920802001";"zona";-0,317;21,104;4
19945;"920802001";"zona";-0,317;21,104;4
41647;"920802001";"zona";-0,317;21,104;4
5521;"920802001";"zona";-0,317;21,104;4
5507;"920802001";"zona";-0,317;21,104;4
5509;"920802001";"zona";-0,317;21,104;4
5537;"920802002";"zona";-0,434;17,815;3
5273;"920901001";"zona";-0,37;19,607;4
5270;"920901002";"zona";-0,358;19,946;4
5280;"920901002";"zona";-0,358;19,946;4
5272;"920903001";"zona";-0,184;24,796;4
5466;"921001001";"zona";-0,391;19,033;4
5440;"921001001";"zona";-0,391;19,033;4
5441;"921001002";"zona";-0,404;18,652;4
20058;"921001002";"zona";-0,404;18,652;4
20194;"921001002";"zona";-0,404;18,652;4
5499;"921001002";"zona";-0,404;18,652;4
20106;"921002001";"zona";-0,403;18,689;4
5446;"921002001";"zona";-0,403;18,689;4
5442;"921003001";"zona";-0,429;17,959;3
5455;"921005001";"zona";-0,396;18,891;4
5439;"921006001";"zona";-0,185;24,772;4
5465;"921006001";"zona";-0,185;24,772;4
5434;"921101001";"zona";-0,471;16,793;3
5394;"921101002";"zona";-0,472;16,775;3
5396;"921101002";"zona";-0,472;16,775;3
5435;"921101002";"zona";-0,472;16,775;3
19985;"921101002";"zona";-0,472;16,775;3
5403;"921102001";"zona";-0,477;16,633;3
5404;"921103001";"zona";-0,525;15,27;3
20162;"921103001";"zona";-0,525;15,27;3
5398;"921104001";"zona";-0,496;16,083;3
5393;"921104001";"zona";-0,496;16,083;3
41418;"921104001";"zona";-0,496;16,083;3
20582;"921104002";"zona";-0,453;17,302;3
5401;"921104002";"zona";-0,453;17,302;3
5395;"921105002";"zona";-0,551;14,545;3
20052;"921105003";"zona";-0,552;14,543;3
20008;"921105004";"zona";-0,619;12,656;2
40406;"1010101001";"zona";-0,442;17,607;3
7627;"1010101001";"zona";-0,442;17,607;3
7631;"1010101001";"zona";-0,442;17,607;3
7700;"1010101001";"zona";-0,442;17,607;3
22543;"1010101002";"zona";-0,536;14,967;3
22116;"1010101002";"zona";-0,536;14,967;3
22467;"1010101002";"zona";-0,536;14,967;3
7628;"1010101002";"zona";-0,536;14,967;3
7625;"1010101002";"zona";-0,536;14,967;3
22461;"1010101002";"zona";-0,536;14,967;3
7636;"1010101002";"zona";-0,536;14,967;3
7641;"1010102001";"zona";-0,57;14,023;3
22296;"1010102002";"zona";-0,507;15,784;3
40438;"1010102002";"zona";-0,507;15,784;3
22705;"1010102002";"zona";-0,507;15,784;3
22673;"1010102002";"zona";-0,507;15,784;3
22660;"1010102002";"zona";-0,507;15,784;3
7705;"1010102002";"zona";-0,507;15,784;3
40287;"1010102003";"zona";-0,509;15,744;3
7650;"1010102003";"zona";-0,509;15,744;3
22599;"1010102003";"zona";-0,509;15,744;3
7632;"1010102003";"zona";-0,509;15,744;3
22223;"1010102003";"zona";-0,509;15,744;3
16949;"1010102003";"zona";-0,509;15,744;3
7637;"1010102003";"zona";-0,509;15,744;3
7710;"1010102004";"zona";-0,468;16,877;3
40307;"1010102004";"zona";-0,468;16,877;3
22386;"1010102004";"zona";-0,468;16,877;3
7644;"1010103001";"zona";-0,535;15,016;3
7699;"1010103001";"zona";-0,535;15,016;3
22251;"1010103001";"zona";-0,535;15,016;3
22282;"1010103001";"zona";-0,535;15,016;3
22710;"1010103001";"zona";-0,535;15,016;3
40451;"1010103002";"zona";-0,503;15,886;3
22139;"1010103002";"zona";-0,503;15,886;3
7646;"1010103002";"zona";-0,503;15,886;3
22195;"1010103003";"zona";-0,528;15,201;3
22661;"1010103003";"zona";-0,528;15,201;3
22473;"1010103003";"zona";-0,528;15,201;3
22019;"1010103004";"zona";-0,605;13,041;3
22468;"1010103004";"zona";-0,605;13,041;3
7634;"1010103004";"zona";-0,605;13,041;3
22308;"1010103004";"zona";-0,605;13,041;3
22175;"1010103004";"zona";-0,605;13,041;3
22434;"1010103005";"zona";-0,626;12,471;2
7696;"1010103006";"zona";-0,102;27,086;4
22192;"1010103009";"zona";-0,699;10,416;2
22419;"1010103009";"zona";-0,699;10,416;2
22664;"1010103009";"zona";-0,699;10,416;2
22544;"1010103010";"zona";-0,649;11,825;2
40366;"1010103010";"zona";-0,649;11,825;2
22200;"1010103013";"zona";-0,662;11,471;2
41282;"1010103016";"zona";-0,607;13;3
16860;"1010103016";"zona";-0,607;13;3
40308;"1010103016";"zona";-0,607;13;3
22686;"1010103016";"zona";-0,607;13;3
22366;"1010103016";"zona";-0,607;13;3
40351;"1010103017";"zona";-0,725;9,712;1
7643;"1010104001";"zona";-0,587;13,549;3
40365;"1010104001";"zona";-0,587;13,549;3
7704;"1010104001";"zona";-0,587;13,549;3
40271;"1010104002";"zona";-0,598;13,236;3
7647;"1010104002";"zona";-0,598;13,236;3
20365;"1010104002";"zona";-0,598;13,236;3
7624;"1010104003";"zona";-0,587;13,554;3
42055;"1010104003";"zona";-0,587;13,554;3
7639;"1010105001";"zona";-0,555;14,45;3
7701;"1010105001";"zona";-0,555;14,45;3
7626;"1010105001";"zona";-0,555;14,45;3
7667;"1010105001";"zona";-0,555;14,45;3
7709;"1010105001";"zona";-0,555;14,45;3
7630;"1010105001";"zona";-0,555;14,45;3
6772;"1010105001";"zona";-0,555;14,45;3
7707;"1010105001";"zona";-0,555;14,45;3
40256;"1010105002";"zona";-0,572;13,977;3
22394;"1010105002";"zona";-0,572;13,977;3
7645;"1010105002";"zona";-0,572;13,977;3
7642;"1010105003";"zona";-0,549;14,61;3
22306;"1010105004";"zona";-0,6;13,178;3
22384;"1010105004";"zona";-0,6;13,178;3
22482;"1010105004";"zona";-0,6;13,178;3
7717;"1010105004";"zona";-0,6;13,178;3
22692;"1010106001";"zona";-0,659;11,537;2
22680;"1010106001";"zona";-0,659;11,537;2
16850;"1010106001";"zona";-0,659;11,537;2
22662;"1010106003";"zona";-0,577;13,839;3
40419;"1010106003";"zona";-0,577;13,839;3
7633;"1010106003";"zona";-0,577;13,839;3
7682;"1010106005";"zona";-0,533;15,059;3
22609;"1010106005";"zona";-0,533;15,059;3
40316;"1010106005";"zona";-0,533;15,059;3
41348;"1010106006";"zona";-0,682;10,906;2
7718;"1010106006";"zona";-0,682;10,906;2
7685;"1010106007";"zona";-0,097;27,228;4
7665;"1010106010";"zona";0,127;33,479;4
7656;"1010106011";"zona";-0,478;16,585;3
16767;"1010107002";"zona";-0,414;18,392;4
40444;"1010107002";"zona";-0,414;18,392;4
22704;"1010107002";"zona";-0,414;18,392;4
22361;"1010107002";"zona";-0,414;18,392;4
7659;"1010107002";"zona";-0,414;18,392;4
22616;"1010107003";"zona";-0,591;13,448;3
22489;"1010107003";"zona";-0,591;13,448;3
22560;"1010107003";"zona";-0,591;13,448;3
22553;"1010107003";"zona";-0,591;13,448;3
22418;"1010107004";"zona";-0,587;13,547;3
20374;"1010107004";"zona";-0,587;13,547;3
40268;"1010107005";"zona";-0,53;15,133;3
22702;"1010107005";"zona";-0,53;15,133;3
22578;"1010107007";"zona";-0,5;15,979;3
22480;"1010107007";"zona";-0,5;15,979;3
20376;"1010107008";"zona";-0,64;12,067;2
22585;"1010107009";"zona";-0,558;14,351;3
16959;"1010107009";"zona";-0,558;14,351;3
22499;"1010107011";"zona";-0,638;12,14;2
12773;"1010107012";"zona";-0,7;10,408;2
7662;"1010107014";"zona";0,158;34,342;4
40343;"1010115001";"zona";-0,616;12,748;2
40272;"1010115002";"zona";-0,54;14,865;3
20409;"1010116002";"zona";-0,417;18,287;4
41939;"1010116002";"zona";-0,417;18,287;4
22009;"1010116002";"zona";-0,417;18,287;4
7664;"1010116002";"zona";-0,417;18,287;4
22494;"1010116003";"zona";-0,539;14,906;3
7648;"1010117001";"zona";-0,592;13,421;3
40257;"1010117002";"zona";-0,561;14,291;3
22509;"1010117002";"zona";-0,561;14,291;3
7638;"1010117002";"zona";-0,561;14,291;3
22669;"1010117003";"zona";-0,643;11,984;2
7706;"1010117003";"zona";-0,643;11,984;2
22506;"1010117003";"zona";-0,643;11,984;2
41149;"1010117004";"zona";-0,692;10,623;2
22709;"1010117004";"zona";-0,692;10,623;2
16852;"1010117004";"zona";-0,692;10,623;2
22229;"1010117005";"zona";-0,677;11,044;2
22356;"1010117005";"zona";-0,677;11,044;2
16954;"1010117005";"zona";-0,677;11,044;2
40445;"1010118001";"zona";-0,575;13,881;3
22127;"1010118002";"zona";-0,495;16,129;3
22438;"1010118002";"zona";-0,495;16,129;3
7688;"1010118003";"zona";-0,47;16,828;3
22643;"1010118003";"zona";-0,47;16,828;3
7629;"1010118004";"zona";-0,437;17,747;3
22691;"1010205001";"zona";-0,02;29,394;4
7774;"1010205001";"zona";-0,02;29,394;4
22343;"1010205001";"zona";-0,02;29,394;4
22621;"1010214001";"zona";-0,474;16,694;3
16967;"1010214001";"zona";-0,474;16,694;3
40447;"1010214001";"zona";-0,474;16,694;3
22539;"1010214001";"zona";-0,474;16,694;3
22574;"1010214001";"zona";-0,474;16,694;3
40453;"1010214001";"zona";-0,474;16,694;3
22561;"1010214002";"zona";-0,268;22,455;4
7826;"1010214002";"zona";-0,268;22,455;4
7802;"1010214002";"zona";-0,268;22,455;4
7773;"1010214002";"zona";-0,268;22,455;4
7825;"1010214002";"zona";-0,268;22,455;4
7772;"1010214002";"zona";-0,268;22,455;4
40428;"1010401001";"zona";-0,264;22,573;4
22475;"1010401001";"zona";-0,264;22,573;4
22105;"1010401001";"zona";-0,264;22,573;4
7942;"1010401001";"zona";-0,264;22,573;4
7941;"1010401001";"zona";-0,264;22,573;4
16947;"1010401002";"zona";-0,362;19,84;4
11548;"1010501001";"zona";-0,372;19,554;4
22706;"1010501001";"zona";-0,372;19,554;4
7989;"1010501001";"zona";-0,372;19,554;4
7975;"1010501001";"zona";-0,372;19,554;4
22493;"1010501002";"zona";-0,537;14,95;3
22293;"1010501003";"zona";-0,449;17,404;3
22472;"1010501003";"zona";-0,449;17,404;3
7973;"1010501003";"zona";-0,449;17,404;3
16978;"1010501003";"zona";-0,449;17,404;3
8000;"1010501003";"zona";-0,449;17,404;3
22022;"1010501003";"zona";-0,449;17,404;3
7976;"1010501004";"zona";-0,506;15,806;3
22546;"1010501004";"zona";-0,506;15,806;3
22012;"1010601001";"zona";-0,285;21,983;4
22262;"1010601001";"zona";-0,285;21,983;4
22654;"1010601001";"zona";-0,285;21,983;4
22309;"1010601001";"zona";-0,285;21,983;4
7872;"1010601002";"zona";-0,048;28,616;4
7907;"1010601002";"zona";-0,048;28,616;4
7961;"1010701002";"zona";-0,366;19,717;4
22602;"1010701003";"zona";-0,472;16,768;3
7958;"1010701003";"zona";-0,472;16,768;3
22648;"1010701003";"zona";-0,472;16,768;3
22701;"1010702001";"zona";-0,421;18,186;4
7959;"1010702001";"zona";-0,421;18,186;4
7956;"1010702002";"zona";-0,517;15,521;3
7970;"1010702002";"zona";-0,517;15,521;3
7833;"1010801001";"zona";-0,188;24,693;4
22606;"1010801001";"zona";-0,188;24,693;4
22261;"1010801001";"zona";-0,188;24,693;4
7830;"1010801001";"zona";-0,188;24,693;4
7834;"1010801001";"zona";-0,188;24,693;4
22066;"1010801001";"zona";-0,188;24,693;4
22655;"1010807001";"zona";-0,08;27,712;4
7832;"1010807001";"zona";-0,08;27,712;4
22420;"1010807001";"zona";-0,08;27,712;4
22390;"1010807001";"zona";-0,08;27,712;4
22144;"1010901001";"zona";-0,592;13,407;3
22696;"1010901002";"zona";-0,638;12,138;2
7720;"1010901002";"zona";-0,638;12,138;2
7723;"1010901002";"zona";-0,638;12,138;2
13214;"1010901002";"zona";-0,638;12,138;2
20382;"1010901002";"zona";-0,638;12,138;2
42220;"1010901002";"zona";-0,638;12,138;2
41284;"1010901002";"zona";-0,638;12,138;2
22679;"1010901002";"zona";-0,638;12,138;2
22617;"1010901002";"zona";-0,638;12,138;2
7722;"1010901003";"zona";-0,604;13,067;3
22682;"1010901005";"zona";-0,519;15,465;3
20601;"1010901005";"zona";-0,519;15,465;3
7742;"1010901005";"zona";-0,519;15,465;3
7744;"1010901005";"zona";-0,519;15,465;3
22387;"1010901005";"zona";-0,519;15,465;3
7435;"1010901005";"zona";-0,519;15,465;3
22519;"1010901006";"zona";-0,562;14,249;3
7743;"1010901006";"zona";-0,562;14,249;3
22101;"1010901006";"zona";-0,562;14,249;3
7724;"1010902001";"zona";-0,527;15,232;3
20408;"1010905002";"zona";-0,705;10,245;2
8041;"1020101001";"zona";-0,427;18,01;3
22176;"1020101001";"zona";-0,427;18,01;3
22504;"1020101001";"zona";-0,427;18,01;3
22663;"1020101001";"zona";-0,427;18,01;3
22403;"1020101003";"zona";-0,472;16,751;3
22363;"1020101003";"zona";-0,472;16,751;3
16922;"1020101003";"zona";-0,472;16,751;3
8002;"1020101003";"zona";-0,472;16,751;3
8004;"1020101003";"zona";-0,472;16,751;3
22013;"1020101003";"zona";-0,472;16,751;3
22173;"1020101003";"zona";-0,472;16,751;3
8003;"1020101003";"zona";-0,472;16,751;3
8023;"1020101003";"zona";-0,472;16,751;3
8001;"1020101003";"zona";-0,472;16,751;3
22697;"1020101004";"zona";-0,446;17,482;3
22545;"1020101004";"zona";-0,446;17,482;3
22094;"1020101004";"zona";-0,446;17,482;3
41888;"1020101004";"zona";-0,446;17,482;3
22038;"1020101004";"zona";-0,446;17,482;3
22595;"1020101006";"zona";-0,519;15,448;3
22596;"1020101006";"zona";-0,519;15,448;3
8005;"1020101006";"zona";-0,519;15,448;3
22551;"1020101008";"zona";-0,539;14,891;3
22535;"1020102001";"zona";-0,337;20,527;4
40457;"1020102001";"zona";-0,337;20,527;4
8012;"1020102002";"zona";-0,238;23,292;4
22065;"1020102002";"zona";-0,238;23,292;4
22487;"1020201002";"zona";-0,475;16,691;3
12772;"1020201002";"zona";-0,475;16,691;3
22189;"1020201002";"zona";-0,475;16,691;3
8109;"1020201002";"zona";-0,475;16,691;3
20506;"1020201002";"zona";-0,475;16,691;3
22401;"1020201002";"zona";-0,475;16,691;3
22364;"1020201002";"zona";-0,475;16,691;3
22485;"1020201003";"zona";-0,462;17,036;3
22624;"1020201003";"zona";-0,462;17,036;3
22456;"1020201003";"zona";-0,462;17,036;3
40423;"1020201003";"zona";-0,462;17,036;3
8105;"1020201003";"zona";-0,462;17,036;3
22119;"1020201003";"zona";-0,462;17,036;3
22041;"1020201003";"zona";-0,462;17,036;3
22089;"1020201003";"zona";-0,462;17,036;3
22665;"1020201003";"zona";-0,462;17,036;3
22505;"1020201003";"zona";-0,462;17,036;3
22210;"1020201003";"zona";-0,462;17,036;3
8044;"1020201004";"zona";-0,366;19,713;4
22612;"1020201004";"zona";-0,366;19,713;4
16768;"1020201004";"zona";-0,366;19,713;4
8107;"1020201004";"zona";-0,366;19,713;4
8047;"1020201004";"zona";-0,366;19,713;4
40459;"1020201004";"zona";-0,366;19,713;4
22565;"1020201004";"zona";-0,366;19,713;4
22444;"1020202001";"zona";-0,438;17,707;3
16858;"1020202001";"zona";-0,438;17,707;3
8048;"1020202002";"zona";-0,414;18,378;4
8108;"1020202002";"zona";-0,414;18,378;4
8085;"1020202002";"zona";-0,414;18,378;4
8046;"1020202003";"zona";-0,36;19,887;4
22010;"1020202004";"zona";-0,441;17,634;3
22536;"1020202004";"zona";-0,441;17,634;3
22657;"1020202006";"zona";-0,504;15,882;3
22379;"1020301001";"zona";-0,263;22,6;4
22117;"1020301001";"zona";-0,263;22,6;4
22554;"1020301001";"zona";-0,263;22,6;4
8206;"1020301001";"zona";-0,263;22,6;4
12192;"1020301001";"zona";-0,263;22,6;4
22623;"1020501001";"zona";-0,208;24,147;4
31463;"1020501001";"zona";-0,208;24,147;4
22699;"1020501001";"zona";-0,208;24,147;4
22334;"1020501001";"zona";-0,208;24,147;4
8161;"1020501002";"zona";-0,329;20,744;4
22464;"1020501002";"zona";-0,329;20,744;4
22674;"1020701001";"zona";-0,15;25,758;4
8236;"1020701001";"zona";-0,15;25,758;4
22658;"1020801001";"zona";0,169;34,672;4
22130;"1020801001";"zona";0,169;34,672;4
22533;"1020801001";"zona";0,169;34,672;4
22525;"1020801001";"zona";0,169;34,672;4
22327;"1020801002";"zona";-0,167;25,27;4
16985;"1020801002";"zona";-0,167;25,27;4
8256;"1020801002";"zona";-0,167;25,27;4
22196;"1020801002";"zona";-0,167;25,27;4
22547;"1020801002";"zona";-0,167;25,27;4
22395;"1020801002";"zona";-0,167;25,27;4
22307;"1020801003";"zona";-0,439;17,673;3
42061;"1020801003";"zona";-0,439;17,673;3
8255;"1020801004";"zona";-0,221;23,78;4
16950;"1020801004";"zona";-0,221;23,78;4
40301;"1020801005";"zona";-0,373;19,522;4
22447;"1020801005";"zona";-0,373;19,522;4
22380;"1020801005";"zona";-0,373;19,522;4
22260;"1020901001";"zona";0,064;31,718;4
40383;"1020901001";"zona";0,064;31,718;4
8111;"1020901001";"zona";0,064;31,718;4
41057;"1020903001";"zona";0,294;38,146;4
8194;"1021001001";"zona";-0,191;24,608;4
41623;"1021001001";"zona";-0,191;24,608;4
22668;"1021001001";"zona";-0,191;24,608;4
8174;"1021001001";"zona";-0,191;24,608;4
41306;"1030101001";"zona";-0,57;14,016;3
7405;"1030101001";"zona";-0,57;14,016;3
41914;"1030101001";"zona";-0,57;14,016;3
41346;"1030101002";"zona";-0,507;15,791;3
22573;"1030101002";"zona";-0,507;15,791;3
20383;"1030101002";"zona";-0,507;15,791;3
41262;"1030101003";"zona";-0,456;17,22;3
22410;"1030101003";"zona";-0,456;17,22;3
7385;"1030101003";"zona";-0,456;17,22;3
7353;"1030101004";"zona";-0,664;11,396;2
22332;"1030101004";"zona";-0,664;11,396;2
22355;"1030101005";"zona";-0,611;12,874;2
22146;"1030102001";"zona";-0,538;14,91;3
22224;"1030102001";"zona";-0,538;14,91;3
22626;"1030102001";"zona";-0,538;14,91;3
41498;"1030102001";"zona";-0,538;14,91;3
11594;"1030102001";"zona";-0,538;14,91;3
22683;"1030102002";"zona";-0,605;13,04;3
7343;"1030102002";"zona";-0,605;13,04;3
7333;"1030102003";"zona";-0,558;14,349;3
22133;"1030102003";"zona";-0,558;14,349;3
7377;"1030102003";"zona";-0,558;14,349;3
7415;"1030103001";"zona";-0,492;16,209;3
22246;"1030103001";"zona";-0,492;16,209;3
7331;"1030103001";"zona";-0,492;16,209;3
22265;"1030103001";"zona";-0,492;16,209;3
22397;"1030103001";"zona";-0,492;16,209;3
7414;"1030103001";"zona";-0,492;16,209;3
11577;"1030103001";"zona";-0,492;16,209;3
22271;"1030103001";"zona";-0,492;16,209;3
22342;"1030103001";"zona";-0,492;16,209;3
7719;"1030103001";"zona";-0,492;16,209;3
22236;"1030104001";"zona";-0,541;14,848;3
7401;"1030104001";"zona";-0,541;14,848;3
22320;"1030104001";"zona";-0,541;14,848;3
7329;"1030104001";"zona";-0,541;14,848;3
7391;"1030104001";"zona";-0,541;14,848;3
22402;"1030104001";"zona";-0,541;14,848;3
22270;"1030104001";"zona";-0,541;14,848;3
22215;"1030104001";"zona";-0,541;14,848;3
22276;"1030104001";"zona";-0,541;14,848;3
22255;"1030104001";"zona";-0,541;14,848;3
16766;"1030104001";"zona";-0,541;14,848;3
22542;"1030104001";"zona";-0,541;14,848;3
40380;"1030104002";"zona";-0,589;13,506;3
7334;"1030104002";"zona";-0,589;13,506;3
16868;"1030104002";"zona";-0,589;13,506;3
22283;"1030104002";"zona";-0,589;13,506;3
7325;"1030104002";"zona";-0,589;13,506;3
22029;"1030104002";"zona";-0,589;13,506;3
22137;"1030104002";"zona";-0,589;13,506;3
22103;"1030104002";"zona";-0,589;13,506;3
7406;"1030104002";"zona";-0,589;13,506;3
22424;"1030104002";"zona";-0,589;13,506;3
22405;"1030104002";"zona";-0,589;13,506;3
22114;"1030104002";"zona";-0,589;13,506;3
7338;"1030104002";"zona";-0,589;13,506;3
22677;"1030104002";"zona";-0,589;13,506;3
7323;"1030104002";"zona";-0,589;13,506;3
7403;"1030104002";"zona";-0,589;13,506;3
22529;"1030105001";"zona";-0,502;15,928;3
7340;"1030105001";"zona";-0,502;15,928;3
7396;"1030105001";"zona";-0,502;15,928;3
7346;"1030105001";"zona";-0,502;15,928;3
22700;"1030105002";"zona";-0,618;12,674;2
7328;"1030105002";"zona";-0,618;12,674;2
7388;"1030105003";"zona";-0,518;15,48;3
22191;"1030105003";"zona";-0,518;15,48;3
7390;"1030105003";"zona";-0,518;15,48;3
40265;"1030105006";"zona";-0,653;11,719;2
7352;"1030105007";"zona";-0,585;13,599;3
22608;"1030105007";"zona";-0,585;13,599;3
7336;"1030105008";"zona";-0,507;15,782;3
22436;"1030105011";"zona";-0,667;11,325;2
40288;"1030105011";"zona";-0,667;11,325;2
7347;"1030106001";"zona";-0,27;22,413;4
7335;"1030106002";"zona";-0,605;13,063;3
22707;"1030106002";"zona";-0,605;13,063;3
7349;"1030106003";"zona";-0,649;11,834;2
7416;"1030106004";"zona";-0,62;12,626;2
22564;"1030106004";"zona";-0,62;12,626;2
22263;"1030106004";"zona";-0,62;12,626;2
22294;"1030106004";"zona";-0,62;12,626;2
12183;"1030106004";"zona";-0,62;12,626;2
40390;"1030106006";"zona";-0,428;17,995;3
22007;"1030108001";"zona";-0,487;16,334;3
22187;"1030109002";"zona";-0,483;16,465;3
22466;"1030109002";"zona";-0,483;16,465;3
7341;"1030109003";"zona";-0,564;14,19;3
7332;"1030109004";"zona";-0,427;18,018;3
40403;"1030109005";"zona";-0,558;14,373;3
7326;"1030114001";"zona";-0,441;17,63;3
40284;"1030114001";"zona";-0,441;17,63;3
7397;"1030118001";"zona";-0,502;15,922;3
7337;"1030118001";"zona";-0,502;15,922;3
7404;"1030118001";"zona";-0,502;15,922;3
22230;"1030118003";"zona";-0,576;13,86;3
7339;"1030118004";"zona";-0,586;13,58;3
40452;"1030118004";"zona";-0,586;13,58;3
7407;"1030118004";"zona";-0,586;13,58;3
40418;"1030119001";"zona";-0,509;15,717;3
12182;"1030119001";"zona";-0,509;15,717;3
22646;"1030119001";"zona";-0,509;15,717;3
20411;"1030119003";"zona";-0,489;16,285;3
7348;"1030119003";"zona";-0,489;16,285;3
22603;"1030119003";"zona";-0,489;16,285;3
7476;"1030201001";"zona";-0,206;24,202;4
22234;"1030201001";"zona";-0,206;24,202;4
22050;"1030201001";"zona";-0,206;24,202;4
20410;"1030301001";"zona";-0,52;15,412;3
22637;"1030301001";"zona";-0,52;15,412;3
22248;"1030301002";"zona";-0,46;17,099;3
7508;"1030301002";"zona";-0,46;17,099;3
40427;"1030301002";"zona";-0,46;17,099;3
7539;"1030301002";"zona";-0,46;17,099;3
22430;"1030301002";"zona";-0,46;17,099;3
7531;"1030301002";"zona";-0,46;17,099;3
22358;"1030301003";"zona";-0,427;18,02;3
7536;"1030301003";"zona";-0,427;18,02;3
22322;"1030301003";"zona";-0,427;18,02;3
7505;"1030301003";"zona";-0,427;18,02;3
7509;"1030301003";"zona";-0,427;18,02;3
7507;"1030304001";"zona";-0,293;21,767;4
22070;"1030401001";"zona";-0,321;20,99;4
7448;"1030401001";"zona";-0,321;20,99;4
7459;"1030401001";"zona";-0,321;20,99;4
22021;"1030401001";"zona";-0,321;20,99;4
16936;"1030501001";"zona";-0,406;18,613;4
7542;"1030501001";"zona";-0,406;18,613;4
7541;"1030501001";"zona";-0,406;18,613;4
7543;"1030501002";"zona";-0,331;20,693;4
7572;"1030501002";"zona";-0,331;20,693;4
41872;"1030701001";"zona";-0,446;17,479;3
41472;"1030701001";"zona";-0,446;17,479;3
7418;"1030701001";"zona";-0,446;17,479;3
7434;"1030701001";"zona";-0,446;17,479;3
7419;"1030701001";"zona";-0,446;17,479;3
22113;"1030701001";"zona";-0,446;17,479;3
22083;"1040101001";"zona";-0,208;24,146;4
42267;"1040201001";"zona";-0,297;21,658;4
8331;"1040201001";"zona";-0,297;21,658;4
22027;"1040304001";"zona";-0,032;29,058;4
22604;"1040304001";"zona";-0,032;29,058;4
22641;"1040304001";"zona";-0,032;29,058;4
8325;"1040304001";"zona";-0,032;29,058;4
8339;"1040401001";"zona";-0,299;21,58;4
8365;"1110101001";"zona";-0,349;20,199;4
20361;"1110101001";"zona";-0,349;20,199;4
8345;"1110101002";"zona";-0,434;17,836;3
24234;"1110101002";"zona";-0,434;17,836;3
41375;"1110101002";"zona";-0,434;17,836;3
42090;"1110101002";"zona";-0,434;17,836;3
41748;"1110101004";"zona";-0,534;15,022;3
24212;"1110101004";"zona";-0,534;15,022;3
24215;"1110101005";"zona";-0,5;15,979;3
8367;"1110101005";"zona";-0,5;15,979;3
8349;"1110101005";"zona";-0,5;15,979;3
24214;"1110101006";"zona";-0,519;15,465;3
41745;"1110101006";"zona";-0,519;15,465;3
24224;"1110101007";"zona";-0,569;14,048;3
8353;"1110112002";"zona";-0,537;14,962;3
24237;"1110112002";"zona";-0,537;14,962;3
8351;"1110112003";"zona";-0,568;14,085;3
8346;"1110112004";"zona";-0,635;12,204;2
24226;"1110112008";"zona";-0,585;13,601;3
24243;"1110112008";"zona";-0,585;13,601;3
8348;"1110113001";"zona";-0,528;15,211;3
24233;"1110113002";"zona";-0,491;16,241;3
24236;"1110113002";"zona";-0,491;16,241;3
11608;"1110113003";"zona";-0,551;14,56;3
24231;"1110113003";"zona";-0,551;14,56;3
8366;"1110113004";"zona";-0,524;15,306;3
8352;"1110113004";"zona";-0,524;15,306;3
24206;"1110113004";"zona";-0,524;15,306;3
24220;"1110113005";"zona";-0,473;16,726;3
8369;"1110113006";"zona";-0,545;14,736;3
40137;"1120101001";"zona";-0,384;19,212;4
24209;"1120101001";"zona";-0,384;19,212;4
24223;"1120101001";"zona";-0,384;19,212;4
41695;"1120101001";"zona";-0,384;19,212;4
8377;"1120101001";"zona";-0,384;19,212;4
24203;"1120101001";"zona";-0,384;19,212;4
24207;"1120101002";"zona";-0,287;21,924;4
24213;"1120101002";"zona";-0,287;21,924;4
8376;"1120101002";"zona";-0,287;21,924;4
24230;"1120101002";"zona";-0,287;21,924;4
8380;"1120102001";"zona";-0,201;24,343;4
8375;"1120104001";"zona";-0,446;17,493;3
8374;"1120104001";"zona";-0,446;17,493;3
24229;"1120104002";"zona";-0,495;16,111;3
24241;"1120104003";"zona";-0,475;16,682;3
11612;"1120104003";"zona";-0,475;16,682;3
8384;"1120107001";"zona";-0,193;24,553;4
24210;"1120201001";"zona";-0,371;19,573;4
24204;"1120201001";"zona";0,092;32,514;4
8388;"1120201001";"zona";-0,371;19,573;4
8392;"1120301001";"zona";0,284;37,872;4
8408;"1130101001";"zona";-0,322;20,942;4
24201;"1130101001";"zona";-0,322;20,942;4
24216;"1140101001";"zona";-0,389;19,068;4
8394;"1140101001";"zona";-0,389;19,068;4
24313;"1210101001";"zona";-0,549;14,601;3
41451;"1210101001";"zona";-0,549;14,601;3
41654;"1210101001";"zona";-0,549;14,601;3
24320;"1210101002";"zona";-0,61;12,907;3
41358;"1210101002";"zona";-0,61;12,907;3
8464;"1210101002";"zona";-0,61;12,907;3
24319;"1210101003";"zona";-0,664;11,396;2
24321;"1210101003";"zona";-0,664;11,396;2
24303;"1210101003";"zona";-0,664;11,396;2
11678;"1210101003";"zona";-0,664;11,396;2
8457;"1210102001";"zona";-0,613;12,838;2
8438;"1210102001";"zona";-0,613;12,838;2
41461;"1210102001";"zona";-0,613;12,838;2
8443;"1210102001";"zona";-0,613;12,838;2
41454;"1210102001";"zona";-0,613;12,838;2
8429;"1210102001";"zona";-0,613;12,838;2
42215;"1210102001";"zona";-0,613;12,838;2
24331;"1210102002";"zona";-0,633;12,28;2
11680;"1210103001";"zona";-0,726;9,663;1
24338;"1210103001";"zona";-0,726;9,663;1
8439;"1210103003";"zona";-0,748;9,045;1
8442;"1210103005";"zona";-0,707;10,193;2
24307;"1210103005";"zona";-0,707;10,193;2
8436;"1210104001";"zona";-0,606;13,009;3
8454;"1210104001";"zona";-0,606;13,009;3
11681;"1210104001";"zona";-0,606;13,009;3
24324;"1210104001";"zona";-0,606;13,009;3
20327;"1210104001";"zona";-0,606;13,009;3
41711;"1210104001";"zona";-0,606;13,009;3
24327;"1210104001";"zona";-0,606;13,009;3
41453;"1210104001";"zona";-0,606;13,009;3
8432;"1210104001";"zona";-0,606;13,009;3
24314;"1210104001";"zona";-0,606;13,009;3
41755;"1210104001";"zona";-0,606;13,009;3
8437;"1210104001";"zona";-0,606;13,009;3
24336;"1210104002";"zona";-0,677;11,031;2
24312;"1210104002";"zona";-0,677;11,031;2
11687;"1210104004";"zona";-0,718;9,902;1
24316;"1210104005";"zona";-0,743;9,192;1
8444;"1210104006";"zona";-0,67;11,222;2
40360;"1210104006";"zona";-0,67;11,222;2
24339;"1210104006";"zona";-0,67;11,222;2
8463;"1210105001";"zona";-0,623;12,556;2
24329;"1210105001";"zona";-0,623;12,556;2
8424;"1210105002";"zona";-0,533;15,074;3
11685;"1210105002";"zona";-0,533;15,074;3
16892;"1210105002";"zona";-0,533;15,074;3
8430;"1210105002";"zona";-0,533;15,074;3
8455;"1210105002";"zona";-0,533;15,074;3
41858;"1210105002";"zona";-0,533;15,074;3
24342;"1210106001";"zona";-0,665;11,386;2
8441;"1210106003";"zona";-0,652;11,75;2
24305;"1210107002";"zona";-0,67;11,229;2
8434;"1210107002";"zona";-0,67;11,229;2
24311;"1210107002";"zona";-0,67;11,229;2
8427;"1210107002";"zona";-0,67;11,229;2
8433;"1210107002";"zona";-0,67;11,229;2
40124;"1210107004";"zona";-0,649;11,83;2
8458;"1210108001";"zona";-0,675;11,107;2
24330;"1210108002";"zona";-0,69;10,669;2
8435;"1210108002";"zona";-0,69;10,669;2
24335;"1210108002";"zona";-0,69;10,669;2
8425;"1210108002";"zona";-0,69;10,669;2
24318;"1210108004";"zona";-0,692;10,629;2
24302;"1210108006";"zona";-0,778;8,233;1
8450;"1210109001";"zona";-0,352;20,122;4
8426;"1210110004";"zona";-0,611;12,882;3
8483;"1220101001";"zona";-0,375;19,471;4
41377;"1220101001";"zona";-0,375;19,471;4
8475;"1230101001";"zona";-0,544;14,762;3
40217;"1230101001";"zona";-0,544;14,762;3
8474;"1230101001";"zona";-0,544;14,762;3
16895;"1230101002";"zona";-0,525;15,284;3
40311;"1230101002";"zona";-0,525;15,284;3
24300;"1240101001";"zona";-0,535;15,013;3
8411;"1240101001";"zona";-0,535;15,013;3
8422;"1240101001";"zona";-0,535;15,013;3
8416;"1240101001";"zona";-0,535;15,013;3
8415;"1240101003";"zona";-0,587;13,548;3
41452;"1240101003";"zona";-0,587;13,548;3
24333;"1240101003";"zona";-0,587;13,548;3
24317;"1240101003";"zona";-0,587;13,548;3
8421;"1240101005";"zona";-0,576;13,869;3
40262;"1240101005";"zona";-0,576;13,869;3
8413;"1240101007";"zona";-0,561;14,276;3
8412;"1240101007";"zona";-0,561;14,276;3
8417;"1240105001";"zona";-0,488;16,306;3
24332;"1240105001";"zona";-0,488;16,306;3
25099;"1310101002";"zona";-0,786;7,99;1
41596;"1310102002";"zona";-1,034;1,07;1
41153;"1310102005";"zona";-0,514;15,59;3
41352;"1310102007";"zona";-0,76;8,72;1
20310;"1310102008";"zona";-0,767;8,521;1
41163;"1310103002";"zona";-1,072;0;1
8487;"1310103004";"zona";-0,924;4,157;1
8503;"1310103006";"zona";-0,928;4,024;1
31376;"1310103007";"zona";-0,834;6,643;1
11766;"1310103007";"zona";-0,834;6,643;1
8759;"1310104001";"zona";-0,763;8,644;1
8620;"1310104001";"zona";-0,763;8,644;1
11962;"1310104003";"zona";-0,877;5,456;1
8491;"1310104004";"zona";-0,822;6,993;1
16811;"1310104005";"zona";-0,682;10,899;2
25818;"1310104005";"zona";-0,682;10,899;2
8721;"1310104005";"zona";-0,682;10,899;2
8603;"1310105001";"zona";-0,755;8,854;1
41212;"1310105001";"zona";-0,755;8,854;1
8488;"1310105002";"zona";-0,643;11,999;2
8740;"1310105002";"zona";-0,643;11,999;2
8671;"1310105002";"zona";-0,643;11,999;2
8490;"1310105002";"zona";-0,643;11,999;2
8598;"1310105002";"zona";-0,643;11,999;2
26345;"1310105002";"zona";-0,643;11,999;2
24638;"1310105003";"zona";-0,689;10,7;2
24622;"1310105003";"zona";-0,689;10,7;2
8504;"1310105003";"zona";-0,689;10,7;2
25269;"1310106001";"zona";-0,799;7,635;1
8652;"1310106001";"zona";-0,799;7,635;1
8809;"1310106001";"zona";-0,799;7,635;1
25379;"1310106001";"zona";-0,799;7,635;1
8552;"1310106002";"zona";-0,722;9,782;1
25581;"1310106002";"zona";-0,722;9,782;1
8536;"1310106002";"zona";-0,722;9,782;1
25959;"1310106002";"zona";-0,722;9,782;1
8505;"1310106002";"zona";-0,722;9,782;1
8506;"1310106002";"zona";-0,722;9,782;1
8523;"1310106002";"zona";-0,722;9,782;1
8762;"1310106003";"zona";-0,711;10,089;2
8639;"1310106003";"zona";-0,711;10,089;2
16946;"1310107003";"zona";-0,868;5,693;1
8561;"1310108001";"zona";-0,873;5,576;1
25185;"1310108001";"zona";-0,873;5,576;1
8739;"1310108002";"zona";-0,706;10,218;2
25521;"1310108003";"zona";-0,823;6,96;1
8611;"1310108003";"zona";-0,823;6,96;1
8592;"1310109001";"zona";-0,702;10,328;2
8712;"1310109002";"zona";-0,752;8,94;1
8532;"1310109002";"zona";-0,752;8,94;1
8500;"1310109002";"zona";-0,752;8,94;1
24911;"1310109002";"zona";-0,752;8,94;1
8548;"1310109003";"zona";-0,787;7,976;1
8675;"1310109003";"zona";-0,787;7,976;1
8748;"1310109003";"zona";-0,787;7,976;1
12260;"1310110010";"zona";-0,957;3,214;1
8533;"1310110010";"zona";-0,957;3,214;1
26036;"1310111001";"zona";-0,772;8,393;1
25237;"1310111005";"zona";-1,056;0,465;1
8513;"1310111009";"zona";-1,008;1,796;1
11755;"1310111012";"zona";-1,008;1,809;1
24558;"1310111013";"zona";-0,908;4,593;1
8643;"1310111013";"zona";-0,908;4,593;1
32119;"1310111013";"zona";-0,908;4,593;1
8601;"1310111018";"zona";-1,011;1,719;1
8563;"1310111018";"zona";-1,011;1,719;1
8501;"1310111019";"zona";-0,98;2,587;1
8495;"1310111019";"zona";-0,98;2,587;1
24840;"1310112001";"zona";-0,646;11,901;2
8485;"1310112001";"zona";-0,646;11,901;2
32026;"1310112001";"zona";-0,646;11,901;2
8627;"1310112005";"zona";-0,888;5,138;1
41169;"1310113003";"zona";-1,047;0,709;1
8811;"1310113007";"zona";-0,813;7,238;1
8530;"1310113009";"zona";-0,903;4,732;1
8609;"1310113009";"zona";-0,903;4,732;1
25057;"1310113009";"zona";-0,903;4,732;1
41819;"1310113009";"zona";-0,903;4,732;1
8755;"1310114001";"zona";-0,718;9,907;1
25859;"1310114001";"zona";-0,718;9,907;1
25272;"1310114001";"zona";-0,718;9,907;1
8754;"1310114001";"zona";-0,718;9,907;1
8697;"1310114001";"zona";-0,718;9,907;1
8680;"1310114003";"zona";-0,971;2,823;1
8658;"1310115001";"zona";-0,784;8,059;1
8659;"1310115001";"zona";-0,784;8,059;1
8549;"1310115003";"zona";-0,801;7,583;1
8496;"1310115003";"zona";-0,801;7,583;1
25226;"1310116001";"zona";-0,882;5,314;1
8780;"1310116001";"zona";-0,882;5,314;1
41839;"1310116003";"zona";-0,943;3,614;1
25213;"1310117001";"zona";-0,728;9,604;1
8814;"1310117001";"zona";-0,728;9,604;1
8665;"1310117002";"zona";-0,814;7,217;1
8666;"1310117003";"zona";-0,661;11,494;2
25509;"1310118001";"zona";-0,825;6,913;1
8562;"1310118001";"zona";-0,825;6,913;1
8571;"1310118001";"zona";-0,825;6,913;1
8661;"1310118001";"zona";-0,825;6,913;1
25627;"1310118002";"zona";-0,708;10,185;2
25359;"1310118002";"zona";-0,708;10,185;2
8617;"1310118002";"zona";-0,708;10,185;2
8531;"1310118002";"zona";-0,708;10,185;2
8554;"1310118002";"zona";-0,708;10,185;2
8604;"1310119001";"zona";-0,787;7,976;1
8581;"1310119002";"zona";-0,772;8,381;1
25822;"1310119002";"zona";-0,772;8,381;1
8492;"1310119003";"zona";-0,89;5,1;1
8576;"1310120001";"zona";-0,802;7,552;1
25537;"1310120003";"zona";-0,641;12,047;2
25495;"1310120003";"zona";-0,641;12,047;2
31295;"1310121001";"zona";-0,705;10,247;2
8586;"1310121001";"zona";-0,705;10,247;2
8489;"1310121001";"zona";-0,705;10,247;2
8663;"1310121002";"zona";-0,708;10,184;2
8540;"1310121002";"zona";-0,708;10,184;2
25940;"1310122001";"zona";-0,724;9,724;1
8535;"1310122001";"zona";-0,724;9,724;1
8541;"1310122001";"zona";-0,724;9,724;1
25958;"1310123001";"zona";-0,607;12,993;3
25903;"1310124001";"zona";-0,632;12,302;2
25320;"1310124001";"zona";-0,632;12,302;2
8520;"1310124001";"zona";-0,632;12,302;2
12130;"1310124002";"zona";-0,701;10,368;2
8812;"1310124002";"zona";-0,701;10,368;2
8717;"1310125001";"zona";-0,6;13,187;3
8676;"1310125001";"zona";-0,6;13,187;3
8625;"1310126001";"zona";-0,54;14,859;3
8522;"1310126001";"zona";-0,54;14,859;3
8569;"1310127001";"zona";-0,739;9,321;1
41165;"1310127002";"zona";-0,776;8,284;1
8756;"1310127002";"zona";-0,776;8,284;1
31039;"1310127002";"zona";-0,776;8,284;1
8498;"1310127004";"zona";-0,828;6,817;1
8507;"1310127004";"zona";-0,828;6,817;1
8757;"1310128001";"zona";-0,671;11,219;2
8649;"1310128001";"zona";-0,671;11,219;2
8791;"1310128002";"zona";-0,849;6,238;1
32025;"1310128002";"zona";-0,849;6,238;1
25463;"1310128002";"zona";-0,849;6,238;1
41532;"1310128003";"zona";-0,967;2,933;1
41883;"1310128003";"zona";-0,967;2,933;1
8585;"1310128004";"zona";-0,899;4,836;1
8674;"1310128005";"zona";-0,873;5,561;1
31167;"1310128005";"zona";-0,873;5,561;1
8555;"1310128006";"zona";-0,879;5,413;1
41161;"1310129001";"zona";-0,482;16,497;3
8499;"1310129001";"zona";-0,482;16,497;3
25277;"1310129001";"zona";-0,482;16,497;3
9888;"1310201001";"zona";-0,505;15,833;3
26500;"1310201001";"zona";-0,505;15,833;3
41904;"1310201001";"zona";-0,505;15,833;3
41291;"1310201001";"zona";-0,505;15,833;3
8690;"1310201002";"zona";-0,473;16,731;3
8519;"1310201002";"zona";-0,473;16,731;3
26076;"1310201003";"zona";-0,818;7,116;1
32118;"1310201003";"zona";-0,818;7,116;1
26317;"1310201003";"zona";-0,818;7,116;1
31073;"1310201004";"zona";-0,78;8,161;1
9882;"1310202001";"zona";-0,718;9,896;1
9948;"1310202002";"zona";-0,714;9,993;1
11828;"1310202002";"zona";-0,714;9,993;1
9903;"1310202002";"zona";-0,714;9,993;2
9902;"1310202003";"zona";-0,633;12,262;2
9947;"1310202003";"zona";-0,633;12,262;2
9919;"1310202003";"zona";-0,633;12,262;2
9874;"1310202004";"zona";-0,743;9,19;1
25972;"1310203002";"zona";-0,643;11,979;2
9886;"1310203002";"zona";-0,643;11,979;2
25664;"1310203002";"zona";-0,643;11,979;2
9939;"1310203002";"zona";-0,643;11,979;2
26073;"1310203003";"zona";-0,709;10,155;2
9900;"1310203003";"zona";-0,709;10,155;2
26158;"1310203003";"zona";-0,709;10,155;2
25005;"1310203003";"zona";-0,709;10,155;2
26164;"1310203003";"zona";-0,709;10,155;2
9963;"1310203004";"zona";-0,728;9,605;1
25470;"1310203004";"zona";-0,728;9,605;1
9979;"1310203004";"zona";-0,728;9,605;1
9972;"1310203004";"zona";-0,728;9,605;1
25500;"1310203006";"zona";-0,697;10,477;2
9865;"1310203007";"zona";-0,758;8,771;1
9875;"1310204001";"zona";-0,647;11,874;2
9870;"1310204001";"zona";-0,647;11,874;2
25539;"1310204005";"zona";-0,372;19,557;4
10107;"1310301002";"zona";-0,645;11,947;2
25920;"1310301003";"zona";-0,725;9,698;1
10098;"1310301004";"zona";-0,669;11,26;2
10151;"1310301004";"zona";-0,669;11,26;2
26350;"1310301005";"zona";-0,626;12,462;2
10109;"1310301005";"zona";-0,626;12,462;2
10164;"1310301005";"zona";-0,626;12,462;2
25931;"1310301005";"zona";-0,626;12,462;2
10143;"1310301005";"zona";-0,626;12,462;2
10126;"1310301006";"zona";-0,706;10,229;2
10088;"1310302001";"zona";-0,749;9,029;1
10172;"1310302001";"zona";-0,749;9,029;1
10086;"1310302001";"zona";-0,749;9,029;1
31440;"1310302003";"zona";-0,631;12,324;2
26237;"1310302003";"zona";-0,631;12,324;2
25460;"1310302003";"zona";-0,631;12,324;2
41822;"1310302004";"zona";-0,678;11,025;2
10183;"1310302004";"zona";-0,678;11,025;2
25741;"1310302004";"zona";-0,678;11,025;2
10159;"1310302005";"zona";-0,712;10,049;2
10121;"1310303001";"zona";-0,729;9,597;1
10026;"1310303002";"zona";-0,723;9,748;1
42260;"1310303002";"zona";-0,723;9,748;1
10052;"1310303002";"zona";-0,723;9,748;1
10155;"1310303002";"zona";-0,723;9,748;1
10116;"1310303003";"zona";-0,705;10,269;2
10087;"1310303003";"zona";-0,705;10,269;2
31364;"1310303003";"zona";-0,705;10,269;2
10158;"1310304001";"zona";-0,724;9,736;1
10083;"1310304001";"zona";-0,724;9,736;1
10099;"1310305001";"zona";-0,694;10,553;2
10075;"1310305001";"zona";-0,694;10,553;2
10125;"1310305001";"zona";-0,694;10,553;2
10108;"1310305002";"zona";-0,706;10,224;2
26316;"1310305002";"zona";-0,706;10,224;2
10193;"1310306002";"zona";-0,651;11,763;2
20507;"1310306004";"zona";-0,659;11,541;2
10105;"1310306004";"zona";-0,659;11,541;2
10122;"1310307001";"zona";-0,686;10,778;2
10168;"1310307002";"zona";-0,708;10,18;2
24804;"1310307002";"zona";-0,708;10,18;2
24960;"1310307002";"zona";-0,708;10,18;2
10093;"1310307003";"zona";-0,705;10,244;2
10186;"1310307005";"zona";-0,683;10,862;2
10117;"1310308001";"zona";-0,687;10,773;2
26303;"1310308001";"zona";-0,687;10,773;2
25881;"1310308002";"zona";-0,72;9,847;1
24926;"1310308003";"zona";-0,709;10,138;2
24754;"1310308003";"zona";-0,709;10,138;2
10074;"1310309001";"zona";-0,768;8,492;1
25561;"1310309003";"zona";-0,552;14,534;3
10260;"1310401001";"zona";-0,673;11,166;2
26039;"1310401001";"zona";-0,673;11,166;2
10365;"1310401002";"zona";-0,687;10,75;2
10336;"1310401003";"zona";-0,63;12,351;2
10332;"1310401003";"zona";-0,63;12,351;2
16889;"1310401003";"zona";-0,63;12,351;2
25877;"1310401003";"zona";-0,63;12,351;2
25595;"1310402001";"zona";-0,598;13,25;3
10269;"1310402002";"zona";-0,75;9,011;1
31394;"1310402002";"zona";-0,75;9,011;1
10263;"1310402003";"zona";-0,742;9,239;1
10351;"1310402003";"zona";-0,742;9,239;1
26245;"1310402004";"zona";-0,719;9,873;1
20397;"1310402004";"zona";-0,719;9,873;1
10315;"1310402004";"zona";-0,719;9,873;1
25492;"1310402004";"zona";-0,719;9,873;1
26516;"1310403001";"zona";-0,711;10,087;2
41538;"1310403001";"zona";-0,711;10,087;2
25667;"1310403001";"zona";-0,711;10,087;2
20399;"1310403002";"zona";-0,676;11,054;2
10265;"1310403002";"zona";-0,676;11,054;2
10283;"1310403003";"zona";-0,668;11,302;2
10271;"1310403004";"zona";-0,635;12,222;2
10375;"1310403004";"zona";-0,635;12,222;2
10288;"1310403005";"zona";-0,668;11,292;2
24952;"1310403005";"zona";-0,668;11,292;2
25951;"1310404001";"zona";-0,734;9,436;1
11768;"1310404001";"zona";-0,734;9,436;1
25327;"1310404001";"zona";-0,734;9,436;1
25396;"1310404002";"zona";-0,686;10,776;2
10266;"1310404004";"zona";-0,756;8,834;1
10273;"1310405001";"zona";-0,741;9,256;1
10264;"1310405001";"zona";-0,741;9,256;1
10361;"1310405002";"zona";-0,794;7,778;1
20457;"1310405004";"zona";-0,737;9,369;1
24806;"1310405005";"zona";-0,743;9,185;1
10346;"1310405005";"zona";-0,743;9,185;1
10253;"1310405005";"zona";-0,743;9,185;1
10376;"1310405005";"zona";-0,743;9,185;1
25809;"1310405005";"zona";-0,743;9,185;1
10293;"1310405006";"zona";-0,772;8,394;1
10278;"1310406003";"zona";-0,672;11,18;2
10279;"1310407002";"zona";-0,68;10,961;2
10348;"1310407004";"zona";-0,752;8,951;1
10280;"1310408002";"zona";-0,669;11,257;2
10251;"1310408004";"zona";-0,759;8,745;1
10385;"1310408004";"zona";-0,759;8,745;1
31148;"1310408004";"zona";-0,759;8,745;1
26106;"1310409001";"zona";-0,748;9,061;1
10344;"1310409001";"zona";-0,748;9,061;1
10329;"1310409001";"zona";-0,748;9,061;1
16986;"1310409001";"zona";-0,748;9,061;1
24904;"1310409001";"zona";-0,748;9,061;1
10259;"1310409003";"zona";-0,638;12,121;2
10362;"1310409003";"zona";-0,638;12,121;2
12221;"1310409003";"zona";-0,638;12,121;2
10334;"1310409003";"zona";-0,638;12,121;2
8720;"1310409003";"zona";-0,638;12,121;2
10281;"1310409003";"zona";-0,638;12,121;2
24607;"1310410003";"zona";-0,73;9,553;1
10341;"1310410003";"zona";-0,73;9,553;1
10301;"1310410003";"zona";-0,73;9,553;1
31051;"1310501001";"zona";-0,813;7,233;1
25645;"1310501002";"zona";-0,711;10,08;2
26255;"1310501002";"zona";-0,711;10,08;2
10619;"1310501002";"zona";-0,711;10,08;2
25610;"1310501002";"zona";-0,711;10,08;2
10604;"1310501002";"zona";-0,711;10,08;2
10573;"1310501002";"zona";-0,711;10,08;2
24972;"1310501003";"zona";-0,378;19,397;4
26409;"1310501004";"zona";-0,701;10,371;2
25655;"1310501004";"zona";-0,701;10,371;2
25529;"1310501004";"zona";-0,701;10,371;2
10626;"1310501004";"zona";-0,701;10,371;2
10568;"1310501005";"zona";-0,819;7,065;1
9714;"1310502001";"zona";-0,664;11,415;2
10572;"1310502001";"zona";-0,664;11,415;2
9850;"1310502002";"zona";-0,729;9,599;1
25305;"1310502003";"zona";-0,727;9,648;1
26494;"1310502003";"zona";-0,727;9,648;1
9687;"1310503001";"zona";-0,685;10,822;2
9803;"1310503001";"zona";-0,685;10,822;2
9852;"1310503001";"zona";-0,685;10,822;2
9768;"1310503001";"zona";-0,685;10,822;2
26544;"1310503001";"zona";-0,685;10,822;2
25249;"1310503001";"zona";-0,685;10,822;2
25256;"1310503001";"zona";-0,685;10,822;2
9688;"1310503001";"zona";-0,685;10,822;2
25607;"1310503002";"zona";-0,646;11,903;2
9824;"1310503002";"zona";-0,646;11,903;2
26344;"1310504001";"zona";-0,689;10,697;2
25354;"1310504001";"zona";-0,689;10,697;2
9816;"1310504001";"zona";-0,689;10,697;2
31075;"1310504001";"zona";-0,689;10,697;2
25517;"1310504001";"zona";-0,689;10,697;2
25883;"1310504002";"zona";-0,72;9,839;1
9728;"1310504002";"zona";-0,72;9,839;1
9698;"1310504002";"zona";-0,72;9,839;1
25158;"1310505001";"zona";-0,706;10,231;2
26393;"1310505001";"zona";-0,706;10,231;2
9717;"1310505002";"zona";-0,726;9,664;1
25298;"1310505003";"zona";-0,807;7,402;1
25280;"1310505004";"zona";-0,743;9,208;1
9780;"1310505004";"zona";-0,743;9,208;1
9805;"1310505005";"zona";-0,784;8,041;1
9778;"1310505005";"zona";-0,784;8,041;1
25504;"1310505005";"zona";-0,784;8,041;1
9713;"1310505005";"zona";-0,784;8,041;1
26481;"1310506001";"zona";-0,713;10,044;2
9702;"1310506001";"zona";-0,713;10,044;2
25260;"1310506001";"zona";-0,713;10,044;2
25554;"1310506001";"zona";-0,713;10,044;2
9715;"1310506002";"zona";-0,712;10,056;2
9718;"1310506003";"zona";-0,759;8,743;1
11818;"1310506004";"zona";-0,741;9,258;1
24657;"1310506004";"zona";-0,741;9,258;1
24937;"1310506005";"zona";-0,772;8,379;1
9721;"1310506005";"zona";-0,772;8,379;1
25710;"1310506005";"zona";-0,772;8,379;1
24822;"1310507002";"zona";-0,852;6,164;1
9834;"1310507003";"zona";-0,711;10,078;2
9844;"1310507003";"zona";-0,711;10,078;2
26025;"1310507003";"zona";-0,711;10,078;2
26239;"1310507004";"zona";-0,751;8,986;1
25464;"1310508001";"zona";-0,728;9,611;1
10622;"1310508001";"zona";-0,728;9,611;1
25413;"1310508001";"zona";-0,728;9,611;1
31275;"1310508001";"zona";-0,728;9,611;1
10561;"1310508001";"zona";-0,728;9,611;1
10553;"1310508002";"zona";-0,764;8,622;1
26222;"1310508002";"zona";-0,764;8,622;1
11865;"1310508002";"zona";-0,764;8,622;1
26148;"1310508002";"zona";-0,764;8,622;1
25358;"1310508003";"zona";-0,821;7,013;1
25304;"1310508003";"zona";-0,821;7,013;1
10625;"1310508003";"zona";-0,821;7,013;1
10632;"1310508003";"zona";-0,821;7,013;1
10559;"1310508004";"zona";-0,747;9,098;1
8685;"1310508005";"zona";-0,761;8,688;1
10555;"1310509001";"zona";-0,712;10,051;2
10557;"1310509002";"zona";-0,812;7,275;1
10623;"1310509002";"zona";-0,812;7,275;1
26240;"1310509004";"zona";-0,706;10,232;2
25743;"1310509004";"zona";-0,706;10,232;2
10629;"1310509004";"zona";-0,706;10,232;2
25551;"1310509004";"zona";-0,706;10,232;2
31334;"1310509004";"zona";-0,706;10,232;2
9841;"1310510001";"zona";-0,789;7,913;1
26138;"1310510001";"zona";-0,789;7,913;1
25263;"1310510001";"zona";-0,789;7,913;1
26016;"1310510001";"zona";-0,789;7,913;1
26341;"1310510001";"zona";-0,789;7,913;1
12251;"1310510002";"zona";-0,83;6,774;1
25384;"1310510002";"zona";-0,83;6,774;1
8678;"1310601001";"zona";-0,462;17,05;3
25405;"1310601001";"zona";-0,462;17,05;3
8556;"1310603003";"zona";-0,707;10,211;2
26354;"1310604001";"zona";-0,685;10,803;2
8657;"1310604002";"zona";-0,664;11,395;2
8558;"1310604002";"zona";-0,664;11,395;2
31287;"1310604002";"zona";-0,664;11,395;2
16826;"1310604002";"zona";-0,664;11,395;2
31142;"1310605001";"zona";-0,614;12,795;2
8579;"1310605002";"zona";-0,572;13,976;3
25977;"1310605003";"zona";-0,656;11,619;2
9866;"1310606001";"zona";-0,724;9,724;1
9872;"1310606001";"zona";-0,724;9,724;1
9862;"1310606001";"zona";-0,724;9,724;1
9930;"1310606002";"zona";-0,749;9,029;1
31256;"1310606002";"zona";-0,749;9,029;1
26047;"1310606002";"zona";-0,749;9,029;1
11862;"1310606002";"zona";-0,749;9,029;1
9912;"1310606002";"zona";-0,749;9,029;1
9880;"1310606004";"zona";-0,637;12,166;2
26195;"1310607001";"zona";-0,745;9,134;1
26448;"1310607002";"zona";-0,787;7,969;1
9869;"1310607003";"zona";-0,587;13,555;3
9879;"1310607003";"zona";-0,587;13,555;3
31329;"1310608001";"zona";-0,686;10,792;2
26079;"1310608001";"zona";-0,686;10,792;2
9928;"1310608003";"zona";-0,714;10,013;2
9861;"1310608003";"zona";-0,714;10,013;2
41536;"1310608003";"zona";-0,714;10,013;2
26224;"1310608003";"zona";-0,714;10,013;2
9922;"1310608003";"zona";-0,714;10,013;2
31180;"1310608003";"zona";-0,714;10,013;2
24685;"1310608004";"zona";-0,736;9,406;1
31038;"1310608004";"zona";-0,736;9,406;1
25399;"1310608004";"zona";-0,736;9,406;1
25001;"1310608005";"zona";-0,838;6,554;1
42137;"1310608005";"zona";-0,838;6,554;1
9940;"1310609001";"zona";-0,732;9,5;1
9916;"1310609001";"zona";-0,732;9,5;1
9873;"1310609001";"zona";-0,732;9,5;1
25905;"1310610001";"zona";-0,876;5,497;1
8521;"1310610001";"zona";-0,876;5,497;1
25971;"1310610003";"zona";-0,948;3,461;1
8715;"1310610003";"zona";-0,948;3,461;1
8537;"1310610003";"zona";-0,948;3,461;1
8544;"1310610004";"zona";-0,781;8,127;1
25575;"1310610004";"zona";-0,781;8,127;1
9960;"1310610004";"zona";-0,781;8,127;1
8518;"1310610004";"zona";-0,781;8,127;1
8587;"1310610004";"zona";-0,781;8,127;1
32060;"1310610004";"zona";-0,781;8,127;1
10019;"1310611002";"zona";-1,068;0,117;1
16972;"1310611002";"zona";-1,068;0,117;1
31061;"1310611002";"zona";-1,068;0,117;1
25754;"1310611004";"zona";-0,871;5,612;1
10058;"1310611004";"zona";-0,871;5,612;1
8634;"1310613001";"zona";-0,89;5,104;1
26082;"1310613002";"zona";-0,729;9,585;1
32027;"1310613002";"zona";-0,729;9,585;1
8613;"1310613003";"zona";-0,585;13,617;3
9942;"1310614001";"zona";-0,714;9,996;2
8631;"1310614002";"zona";-0,696;10,501;2
10305;"1310701001";"zona";-0,4;18,777;4
25918;"1310701002";"zona";-0,647;11,884;2
31373;"1310701005";"zona";-0,854;6,106;1
41485;"1310701005";"zona";-0,854;6,106;1
41949;"1310701005";"zona";-0,854;6,106;1
16879;"1310701005";"zona";-0,854;6,106;1
31276;"1310701006";"zona";-0,686;10,788;2
26476;"1310701006";"zona";-0,686;10,788;2
25143;"1310701007";"zona";-0,775;8,311;1
26297;"1310701007";"zona";-0,775;8,311;1
41513;"1310701008";"zona";-0,709;10,139;2
25202;"1310701008";"zona";-0,709;10,139;2
25502;"1310701009";"zona";-0,695;10,549;2
10285;"1310701009";"zona";-0,695;10,549;2
10337;"1310701009";"zona";-0,695;10,549;2
25899;"1310701009";"zona";-0,695;10,549;2
31498;"1310701009";"zona";-0,695;10,549;2
10324;"1310701009";"zona";-0,695;10,549;2
26241;"1310701010";"zona";-0,806;7,45;1
16866;"1310701010";"zona";-0,806;7,45;1
26355;"1310702001";"zona";-0,679;10,974;2
10359;"1310702001";"zona";-0,679;10,974;2
10277;"1310702002";"zona";-0,705;10,261;2
24882;"1310702002";"zona";-0,705;10,261;2
10272;"1310702003";"zona";-0,675;11,101;2
24407;"1310703001";"zona";-0,721;9,824;1
10250;"1310704001";"zona";-0,684;10,836;2
24722;"1310704002";"zona";-0,631;12,315;2
25820;"1310704002";"zona";-0,631;12,315;2
25757;"1310704002";"zona";-0,631;12,315;2
10290;"1310704003";"zona";-0,628;12,396;2
41694;"1310705001";"zona";-0,582;13,702;3
8572;"1310801001";"zona";-0,748;9,057;1
8623;"1310801003";"zona";-0,77;8,43;1
8515;"1310801004";"zona";-0,92;4,245;1
8728;"1310801004";"zona";-0,92;4,245;1
8644;"1310801004";"zona";-0,92;4,245;1
8616;"1310801004";"zona";-0,92;4,245;1
10220;"1310802002";"zona";-0,75;9,002;1
26081;"1310802002";"zona";-0,75;9,002;1
8529;"1310802003";"zona";-0,748;9,071;1
8547;"1310802003";"zona";-0,748;9,071;1
10224;"1310802004";"zona";-0,896;4,921;1
31158;"1310802004";"zona";-0,896;4,921;1
10199;"1310802004";"zona";-0,896;4,921;1
10223;"1310803001";"zona";-0,652;11,728;2
10327;"1310803002";"zona";-0,698;10,449;2
10321;"1310803003";"zona";-0,711;10,085;2
10282;"1310803004";"zona";-0,708;10,173;2
10372;"1310803004";"zona";-0,708;10,173;2
10350;"1310803005";"zona";-0,726;9,677;1
10335;"1310803005";"zona";-0,726;9,677;1
10355;"1310803005";"zona";-0,726;9,677;1
8542;"1310804002";"zona";-0,872;5,6;1
25015;"1310804002";"zona";-0,872;5,6;1
24763;"1310804002";"zona";-0,872;5,6;1
8514;"1310804002";"zona";-0,872;5,6;1
8726;"1310805001";"zona";-0,794;7,776;1
8684;"1310805001";"zona";-0,794;7,776;1
11959;"1310805002";"zona";-0,751;8,962;1
24931;"1310805002";"zona";-0,751;8,962;1
20519;"1310805002";"zona";-0,751;8,962;1
8769;"1310805003";"zona";-0,882;5,317;1
8654;"1310805003";"zona";-0,882;5,317;1
25204;"1310805005";"zona";-0,847;6,28;1
8497;"1310805005";"zona";-0,847;6,28;1
24647;"1310806001";"zona";-0,747;9,073;1
41006;"1310806001";"zona";-0,747;9,073;1
41741;"1310806001";"zona";-0,747;9,073;1
8589;"1310806002";"zona";-0,907;4,623;1
8703;"1310806002";"zona";-0,907;4,623;1
25953;"1310806002";"zona";-0,907;4,623;1
24815;"1310807001";"zona";-0,69;10,667;2
8621;"1310807002";"zona";-0,723;9,769;1
9699;"1310901001";"zona";-0,728;9,605;1
9809;"1310901002";"zona";-0,709;10,157;2
25017;"1310901003";"zona";-0,706;10,229;2
9706;"1310901004";"zona";-0,749;9,031;1
9767;"1310901004";"zona";-0,749;9,031;1
9789;"1310901004";"zona";-0,749;9,031;1
26536;"1310901004";"zona";-0,749;9,031;1
25480;"1310901004";"zona";-0,749;9,031;1
26278;"1310901004";"zona";-0,749;9,031;1
9758;"1310901004";"zona";-0,749;9,031;1
24618;"1310902002";"zona";-0,712;10,069;2
9855;"1310902002";"zona";-0,712;10,069;2
25629;"1310902002";"zona";-0,712;10,069;2
26102;"1310902002";"zona";-0,712;10,069;2
25869;"1310902002";"zona";-0,712;10,069;2
31518;"1310902002";"zona";-0,712;10,069;2
9703;"1310902003";"zona";-0,743;9,202;1
9807;"1310902004";"zona";-0,784;8,052;1
9804;"1310902004";"zona";-0,784;8,052;1
9860;"1310903001";"zona";-0,819;7,079;1
9757;"1310903001";"zona";-0,819;7,079;1
26230;"1310903001";"zona";-0,819;7,079;1
9499;"1310903001";"zona";-0,819;7,079;1
9859;"1310903001";"zona";-0,819;7,079;1
9771;"1310903001";"zona";-0,819;7,079;1
9700;"1310903002";"zona";-0,834;6,659;1
41130;"1310903002";"zona";-0,834;6,659;1
9826;"1310903002";"zona";-0,834;6,659;1
25075;"1310903002";"zona";-0,834;6,659;1
9808;"1310903003";"zona";-0,768;8,502;1
24868;"1310903003";"zona";-0,768;8,502;1
9722;"1310903003";"zona";-0,768;8,502;1
31283;"1310904001";"zona";-0,736;9,387;1
25727;"1310904001";"zona";-0,736;9,387;1
26359;"1310904001";"zona";-0,736;9,387;1
9786;"1310904001";"zona";-0,736;9,387;1
41662;"1310904001";"zona";-0,736;9,387;1
16821;"1310904002";"zona";-0,707;10,203;2
9801;"1310904002";"zona";-0,707;10,203;2
11914;"1310904002";"zona";-0,707;10,203;2
25437;"1310904002";"zona";-0,707;10,203;2
9784;"1310904002";"zona";-0,707;10,203;2
26384;"1310904003";"zona";-0,756;8,847;1
9779;"1310904004";"zona";-0,677;11,027;2
11980;"1310904004";"zona";-0,677;11,027;2
9759;"1310905001";"zona";-0,789;7,916;1
16827;"1310905001";"zona";-0,789;7,916;1
9827;"1310905001";"zona";-0,789;7,916;1
31030;"1310905001";"zona";-0,789;7,916;1
9781;"1310905001";"zona";-0,789;7,916;1
9693;"1310905001";"zona";-0,789;7,916;1
11997;"1310905001";"zona";-0,789;7,916;1
9825;"1310905002";"zona";-0,787;7,972;1
9701;"1310905002";"zona";-0,787;7,972;1
25995;"1310905002";"zona";-0,787;7,972;1
9829;"1310905003";"zona";-0,784;8,041;1
26459;"1310905003";"zona";-0,784;8,041;1
26351;"1310906001";"zona";-0,689;10,699;2
11918;"1310906003";"zona";-0,756;8,828;1
9754;"1310906003";"zona";-0,756;8,828;1
9788;"1310906003";"zona";-0,756;8,828;1
9811;"1310906003";"zona";-0,756;8,828;1
9797;"1310906003";"zona";-0,756;8,828;1
25265;"1310906004";"zona";-0,831;6,752;1
9730;"1310906004";"zona";-0,831;6,752;1
9766;"1310906004";"zona";-0,831;6,752;1
26337;"1310906004";"zona";-0,831;6,752;1
24414;"1311001001";"zona";-0,896;4,922;1
9283;"1311001001";"zona";-0,896;4,922;1
25703;"1311001001";"zona";-0,896;4,922;1
20663;"1311001002";"zona";-0,74;9,285;1
41762;"1311001003";"zona";-0,761;8,7;1
11956;"1311001003";"zona";-0,761;8,7;1
26089;"1311001005";"zona";-0,852;6,166;1
24968;"1311002002";"zona";-0,729;9,602;1
24431;"1311002002";"zona";-0,729;9,602;1
9369;"1311002002";"zona";-0,729;9,602;1
9292;"1311002002";"zona";-0,729;9,602;1
26292;"1311002005";"zona";-0,858;5,994;1
24649;"1311002005";"zona";-0,858;5,994;1
9281;"1311002006";"zona";-0,908;4,582;1
25704;"1311002006";"zona";-0,908;4,582;1
9312;"1311003001";"zona";-0,793;7,796;1
41688;"1311003001";"zona";-0,793;7,796;1
9377;"1311003001";"zona";-0,793;7,796;1
9362;"1311003002";"zona";-0,847;6,286;1
25511;"1311003002";"zona";-0,847;6,286;1
25196;"1311003003";"zona";-0,813;7,244;1
25342;"1311003003";"zona";-0,813;7,244;1
24800;"1311003003";"zona";-0,813;7,244;1
25724;"1311003005";"zona";-0,871;5,615;1
25712;"1311003005";"zona";-0,871;5,615;1
26028;"1311003005";"zona";-0,871;5,615;1
24629;"1311003006";"zona";-0,827;6,857;1
9285;"1311003007";"zona";-0,866;5,773;1
26182;"1311004001";"zona";-0,736;9,38;1
25994;"1311004001";"zona";-0,736;9,38;1
25644;"1311004001";"zona";-0,736;9,38;1
9284;"1311004001";"zona";-0,736;9,38;1
26361;"1311004001";"zona";-0,736;9,38;1
31261;"1311004001";"zona";-0,736;9,38;1
24766;"1311004002";"zona";-0,726;9,683;1
25574;"1311004002";"zona";-0,726;9,683;1
25826;"1311004002";"zona";-0,726;9,683;1
8718;"1311004002";"zona";-0,726;9,683;1
25923;"1311004002";"zona";-0,726;9,683;1
31326;"1311004002";"zona";-0,726;9,683;1
26065;"1311004002";"zona";-0,726;9,683;1
25199;"1311004002";"zona";-0,726;9,683;1
9345;"1311005001";"zona";-0,703;10,306;2
31252;"1311005001";"zona";-0,703;10,306;2
9289;"1311005001";"zona";-0,703;10,306;2
11793;"1311005001";"zona";-0,703;10,306;2
11794;"1311005001";"zona";-0,703;10,306;2
9339;"1311005001";"zona";-0,703;10,306;2
9333;"1311005003";"zona";-0,703;10,303;2
12085;"1311005004";"zona";-0,798;7,652;1
9288;"1311005004";"zona";-0,798;7,652;1
9363;"1311006001";"zona";-0,661;11,483;2
20444;"1311006003";"zona";-0,781;8,133;1
26208;"1311006003";"zona";-0,781;8,133;1
42010;"1311006004";"zona";-0,81;7,323;1
25713;"1311006004";"zona";-0,81;7,323;1
25650;"1311006004";"zona";-0,81;7,323;1
25722;"1311006004";"zona";-0,81;7,323;1
9299;"1311006004";"zona";-0,81;7,323;1
26053;"1311006004";"zona";-0,81;7,323;1
26236;"1311006004";"zona";-0,81;7,323;1
25134;"1311006004";"zona";-0,81;7,323;1
25474;"1311006004";"zona";-0,81;7,323;1
26304;"1311006004";"zona";-0,81;7,323;1
25586;"1311006006";"zona";-0,833;6,693;1
26091;"1311006006";"zona";-0,833;6,693;1
42240;"1311006006";"zona";-0,833;6,693;1
25322;"1311006007";"zona";-0,74;9,276;1
31152;"1311007001";"zona";-0,406;18,616;4
9304;"1311007001";"zona";-0,406;18,616;4
25366;"1311007001";"zona";-0,406;18,616;4
31387;"1311007002";"zona";-0,721;9,812;1
26328;"1311007002";"zona";-0,721;9,812;1
25221;"1311007003";"zona";-0,296;21,672;4
9302;"1311007004";"zona";-0,598;13,235;3
25334;"1311007004";"zona";-0,598;13,235;3
24798;"1311007004";"zona";-0,598;13,235;3
25950;"1311007005";"zona";-0,71;10,115;2
25271;"1311008001";"zona";-0,759;8,737;1
26001;"1311008003";"zona";-0,756;8,848;1
26189;"1311008003";"zona";-0,756;8,848;1
41058;"1311008003";"zona";-0,756;8,848;1
26491;"1311009002";"zona";-0,838;6,535;1
26493;"1311009002";"zona";-0,838;6,535;1
13212;"1311009004";"zona";-0,711;10,077;2
9317;"1311009004";"zona";-0,711;10,077;2
25709;"1311009004";"zona";-0,711;10,077;2
25393;"1311009005";"zona";-0,838;6,533;1
25831;"1311009005";"zona";-0,838;6,533;1
25153;"1311010002";"zona";-0,737;9,359;1
41157;"1311010003";"zona";-0,807;7,4;1
8724;"1311010003";"zona";-0,807;7,4;1
31175;"1311010003";"zona";-0,807;7,4;1
31282;"1311010004";"zona";-0,688;10,722;2
25751;"1311010004";"zona";-0,688;10,722;2
26259;"1311010004";"zona";-0,688;10,722;2
9282;"1311010005";"zona";-0,77;8,444;1
24684;"1311010005";"zona";-0,77;8,444;1
26438;"1311011001";"zona";-0,823;6,967;1
26221;"1311011002";"zona";-0,849;6,224;1
26183;"1311011002";"zona";-0,849;6,224;1
24448;"1311011003";"zona";-0,748;9,048;1
31171;"1311011003";"zona";-0,748;9,048;1
24864;"1311011003";"zona";-0,748;9,048;1
9337;"1311011003";"zona";-0,748;9,048;1
25408;"1311011003";"zona";-0,748;9,048;1
9334;"1311011004";"zona";-0,804;7,482;1
26070;"1311011004";"zona";-0,804;7,482;1
26411;"1311011004";"zona";-0,804;7,482;1
9296;"1311011004";"zona";-0,804;7,482;1
24756;"1311011004";"zona";-0,804;7,482;1
20338;"1311011004";"zona";-0,804;7,482;1
26223;"1311011005";"zona";-0,839;6,511;1
9376;"1311011005";"zona";-0,839;6,511;1
26121;"1311012002";"zona";-0,74;9,279;1
31432;"1311012002";"zona";-0,74;9,279;1
25428;"1311012003";"zona";-0,738;9,339;1
26469;"1311012004";"zona";-0,652;11,728;2
9328;"1311012004";"zona";-0,652;11,728;2
24405;"1311012004";"zona";-0,652;11,728;2
12095;"1311012004";"zona";-0,652;11,728;2
9335;"1311012004";"zona";-0,652;11,728;2
11949;"1311012004";"zona";-0,652;11,728;2
24920;"1311012004";"zona";-0,652;11,728;2
24736;"1311012004";"zona";-0,652;11,728;2
25609;"1311012004";"zona";-0,652;11,728;2
9331;"1311013001";"zona";-0,74;9,295;1
9294;"1311013001";"zona";-0,74;9,295;1
25871;"1311013001";"zona";-0,74;9,295;1
9393;"1311013001";"zona";-0,74;9,295;1
16790;"1311013001";"zona";-0,74;9,295;1
25073;"1311013002";"zona";-0,765;8,591;1
9306;"1311013002";"zona";-0,765;8,591;1
9332;"1311013002";"zona";-0,765;8,591;1
25979;"1311013003";"zona";-0,781;8,127;1
25897;"1311014001";"zona";-0,812;7,263;1
26509;"1311014004";"zona";-0,719;9,87;1
25041;"1311014004";"zona";-0,719;9,87;1
24716;"1311014005";"zona";-0,758;8,792;1
11792;"1311015002";"zona";-0,795;7,738;1
24401;"1311015004";"zona";-0,825;6,915;1
9366;"1311016001";"zona";-0,743;9,191;1
26064;"1311016001";"zona";-0,743;9,191;1
25367;"1311016001";"zona";-0,743;9,191;1
9373;"1311016002";"zona";-0,803;7,516;1
24426;"1311016002";"zona";-0,803;7,516;1
9298;"1311016002";"zona";-0,803;7,516;1
9385;"1311016002";"zona";-0,803;7,516;1
16904;"1311016002";"zona";-0,803;7,516;1
25087;"1311016003";"zona";-0,742;9,23;1
9347;"1311016003";"zona";-0,742;9,23;1
25631;"1311016003";"zona";-0,742;9,23;1
31441;"1311016003";"zona";-0,742;9,23;1
9324;"1311016004";"zona";-0,815;7,184;1
11791;"1311016005";"zona";-0,732;9,51;1
31034;"1311016005";"zona";-0,732;9,51;1
9307;"1311016005";"zona";-0,732;9,51;1
26104;"1311016005";"zona";-0,732;9,51;1
9375;"1311016006";"zona";-0,715;9,97;1
25807;"1311016006";"zona";-0,715;9,97;1
9356;"1311016006";"zona";-0,715;9,97;1
25932;"1311016006";"zona";-0,715;9,97;1
25983;"1311017002";"zona";-0,791;7,848;1
9340;"1311017002";"zona";-0,791;7,848;1
9293;"1311017002";"zona";-0,791;7,848;1
13220;"1311017003";"zona";-0,716;9,959;1
25774;"1311017003";"zona";-0,716;9,959;1
26226;"1311017003";"zona";-0,716;9,959;1
25842;"1311017003";"zona";-0,716;9,959;1
9341;"1311017003";"zona";-0,716;9,959;1
26068;"1311017004";"zona";-0,745;9,128;1
11797;"1311017005";"zona";-0,806;7,436;1
25577;"1311017005";"zona";-0,806;7,436;1
26180;"1311017005";"zona";-0,806;7,436;1
26483;"1311018001";"zona";-0,731;9,523;1
9342;"1311018001";"zona";-0,731;9,523;1
9311;"1311018001";"zona";-0,731;9,523;1
25426;"1311018002";"zona";-0,775;8,291;1
20432;"1311018004";"zona";-0,75;9,012;1
11795;"1311018004";"zona";-0,75;9,012;1
9368;"1311019002";"zona";-0,787;7,966;1
9358;"1311019002";"zona";-0,787;7,966;1
11789;"1311019003";"zona";-0,762;8,677;1
12097;"1311019003";"zona";-0,762;8,677;1
9534;"1311019003";"zona";-0,762;8,677;1
25772;"1311019003";"zona";-0,762;8,677;1
25034;"1311019003";"zona";-0,762;8,677;1
25382;"1311019003";"zona";-0,762;8,677;1
9348;"1311019003";"zona";-0,762;8,677;1
26087;"1311019003";"zona";-0,762;8,677;1
26519;"1311019003";"zona";-0,762;8,677;1
9308;"1311019004";"zona";-0,726;9,671;1
25333;"1311019004";"zona";-0,726;9,671;1
16958;"1311020002";"zona";-0,735;9,427;1
11952;"1311020004";"zona";-0,725;9,709;1
9290;"1311020004";"zona";-0,725;9,709;1
25563;"1311021001";"zona";-0,768;8,488;1
24758;"1311021001";"zona";-0,768;8,488;1
26262;"1311021002";"zona";-0,789;7,899;1
31328;"1311021002";"zona";-0,789;7,899;1
41918;"1311021003";"zona";-0,858;5,999;1
9318;"1311021003";"zona";-0,858;5,999;1
9396;"1311021004";"zona";-0,929;3,993;1
26103;"1311021004";"zona";-0,929;3,993;1
25867;"1311101001";"zona";-0,699;10,43;2
11994;"1311101001";"zona";-0,699;10,43;2
9635;"1311101001";"zona";-0,699;10,43;2
9612;"1311101003";"zona";-0,743;9,201;1
9588;"1311102001";"zona";-0,699;10,414;2
24880;"1311102001";"zona";-0,699;10,414;2
26342;"1311102002";"zona";-0,711;10,09;2
9642;"1311102002";"zona";-0,711;10,09;2
9590;"1311102003";"zona";-0,689;10,698;2
9653;"1311102004";"zona";-0,676;11,073;2
26318;"1311103001";"zona";-0,628;12,396;2
9685;"1311103001";"zona";-0,628;12,396;2
24459;"1311103001";"zona";-0,628;12,396;2
25616;"1311103001";"zona";-0,628;12,396;2
24803;"1311103002";"zona";-0,609;12,935;3
9587;"1311103003";"zona";-0,642;12,029;2
25154;"1311103003";"zona";-0,642;12,029;2
9610;"1311103003";"zona";-0,642;12,029;2
26534;"1311103003";"zona";-0,642;12,029;2
9605;"1311103003";"zona";-0,642;12,029;2
25377;"1311103003";"zona";-0,642;12,029;2
9655;"1311104001";"zona";-0,784;8,047;1
9609;"1311104002";"zona";-0,774;8,322;1
9582;"1311104002";"zona";-0,774;8,322;1
26512;"1311104003";"zona";-0,754;8,898;1
9638;"1311104003";"zona";-0,754;8,898;1
9607;"1311104003";"zona";-0,754;8,898;1
9443;"1311105003";"zona";-0,783;8,078;1
31502;"1311105004";"zona";-0,76;8,721;1
9585;"1311105004";"zona";-0,76;8,721;1
25604;"1311105004";"zona";-0,76;8,721;1
9626;"1311106001";"zona";-0,71;10,131;2
9606;"1311106001";"zona";-0,71;10,131;2
31366;"1311106002";"zona";-0,688;10,734;2
16987;"1311106002";"zona";-0,688;10,734;2
25344;"1311106002";"zona";-0,688;10,734;2
9684;"1311106003";"zona";-0,681;10,917;2
11977;"1311107001";"zona";-0,812;7,28;1
25890;"1311107001";"zona";-0,812;7,28;1
41797;"1311107001";"zona";-0,812;7,28;1
20404;"1311107001";"zona";-0,812;7,28;1
41293;"1311107001";"zona";-0,812;7,28;1
25705;"1311107001";"zona";-0,812;7,28;1
25103;"1311107001";"zona";-0,812;7,28;1
41506;"1311107001";"zona";-0,812;7,28;1
25220;"1311107002";"zona";-0,782;8,121;1
24717;"1311107002";"zona";-0,782;8,121;1
31177;"1311107002";"zona";-0,782;8,121;1
31161;"1311107002";"zona";-0,782;8,121;1
9637;"1311108002";"zona";-0,737;9,372;1
31371;"1311108002";"zona";-0,737;9,372;1
9676;"1311108002";"zona";-0,737;9,372;1
9617;"1311108002";"zona";-0,737;9,372;1
9618;"1311108002";"zona";-0,737;9,372;1
26464;"1311108003";"zona";-0,813;7,255;1
26501;"1311108003";"zona";-0,813;7,255;1
26356;"1311108004";"zona";-0,799;7,64;1
25415;"1311201001";"zona";-0,274;22,291;4
24879;"1311201001";"zona";-0,274;22,291;4
11998;"1311201001";"zona";-0,274;22,291;4
26410;"1311201001";"zona";-0,274;22,291;4
25573;"1311201002";"zona";-0,381;19,292;4
25287;"1311201002";"zona";-0,381;19,292;4
24428;"1311201002";"zona";-0,381;19,292;4
16893;"1311201002";"zona";-0,381;19,292;4
25544;"1311201002";"zona";-0,381;19,292;4
24885;"1311201002";"zona";-0,381;19,292;4
25365;"1311201002";"zona";-0,381;19,292;4
11805;"1311201002";"zona";-0,381;19,292;4
26063;"1311201002";"zona";-0,381;19,292;4
25671;"1311201002";"zona";-0,381;19,292;4
24508;"1311201002";"zona";-0,381;19,292;4
20313;"1311201002";"zona";-0,381;19,292;4
25845;"1311201002";"zona";-0,381;19,292;4
26044;"1311201002";"zona";-0,381;19,292;4
12269;"1311201002";"zona";-0,381;19,292;4
26250;"1311201002";"zona";-0,381;19,292;4
25425;"1311201002";"zona";-0,381;19,292;4
26013;"1311201002";"zona";-0,381;19,292;4
9583;"1311202001";"zona";-0,642;12,017;2
11804;"1311202001";"zona";-0,642;12,017;2
9616;"1311202002";"zona";-0,808;7,396;1
16963;"1311203001";"zona";-0,689;10,714;2
9595;"1311203001";"zona";-0,689;10,714;2
9604;"1311203002";"zona";-0,706;10,226;2
12105;"1311203003";"zona";-0,677;11,028;2
9598;"1311203003";"zona";-0,677;11,028;2
9597;"1311203003";"zona";-0,677;11,028;2
9602;"1311203004";"zona";-0,717;9,924;1
9664;"1311203004";"zona";-0,717;9,924;1
26231;"1311203005";"zona";-0,717;9,936;1
24445;"1311204004";"zona";-0,56;14,311;3
25824;"1311204004";"zona";-0,56;14,311;3
25562;"1311204007";"zona";-0,865;5,804;1
24946;"1311205003";"zona";-0,837;6,571;1
24714;"1311205003";"zona";-0,837;6,571;1
25779;"1311205003";"zona";-0,837;6,571;1
25938;"1311205003";"zona";-0,837;6,571;1
11979;"1311205005";"zona";-0,538;14,913;3
31274;"1311205005";"zona";-0,538;14,913;3
9665;"1311205005";"zona";-0,538;14,913;3
25027;"1311205005";"zona";-0,538;14,913;3
24957;"1311205005";"zona";-0,538;14,913;3
25462;"1311205005";"zona";-0,538;14,913;3
25114;"1311205005";"zona";-0,538;14,913;3
12126;"1311205005";"zona";-0,538;14,913;3
11800;"1311205005";"zona";-0,538;14,913;3
25191;"1311205005";"zona";-0,538;14,913;3
25082;"1311205006";"zona";-0,831;6,733;1
24876;"1311205009";"zona";-0,862;5,879;1
9591;"1311206001";"zona";-0,742;9,239;1
9656;"1311206002";"zona";-0,702;10,336;2
9636;"1311207002";"zona";-0,794;7,769;1
9666;"1311207003";"zona";-0,774;8,332;1
16823;"1311207003";"zona";-0,774;8,332;1
31433;"1311207003";"zona";-0,774;8,332;1
26323;"1311207005";"zona";-0,876;5,493;1
31176;"1311207005";"zona";-0,876;5,493;1
20429;"1311208003";"zona";-0,194;24,527;4
24956;"1311208003";"zona";-0,194;24,527;4
25250;"1311208003";"zona";-0,194;24,527;4
24689;"1311208003";"zona";-0,194;24,527;4
9668;"1311208004";"zona";-0,75;8,998;1
9634;"1311208004";"zona";-0,75;8,998;1
9620;"1311208004";"zona";-0,75;8,998;1
9680;"1311208007";"zona";-0,743;9,208;1
24403;"1311208009";"zona";-0,781;8,125;1
26000;"1311301002";"zona";-0,718;9,898;1
25443;"1311301002";"zona";-0,718;9,898;1
9032;"1311301002";"zona";-0,718;9,898;1
9036;"1311301003";"zona";-0,775;8,302;1
25461;"1311301003";"zona";-0,775;8,302;1
9043;"1311301003";"zona";-0,775;8,302;1
9008;"1311301004";"zona";-0,821;7,029;1
9025;"1311301004";"zona";-0,821;7,029;1
9039;"1311301004";"zona";-0,821;7,029;1
9042;"1311302001";"zona";-0,757;8,793;1
9053;"1311302001";"zona";-0,757;8,793;1
32023;"1311302002";"zona";-0,78;8,16;1
9020;"1311302002";"zona";-0,78;8,16;1
9010;"1311302003";"zona";-0,764;8,617;1
24690;"1311302003";"zona";-0,764;8,617;1
9013;"1311302003";"zona";-0,764;8,617;1
25373;"1311303001";"zona";-0,678;11,012;2
9046;"1311303001";"zona";-0,678;11,012;2
9052;"1311303002";"zona";-0,773;8,373;1
12090;"1311303003";"zona";-0,788;7,94;1
25111;"1311303003";"zona";-0,788;7,94;1
41164;"1311303003";"zona";-0,788;7,94;1
9056;"1311303003";"zona";-0,788;7,94;1
31381;"1311303004";"zona";-0,769;8,479;1
9054;"1311303004";"zona";-0,769;8,479;1
24944;"1311304001";"zona";-0,772;8,378;1
25594;"1311304002";"zona";-0,741;9,264;1
41953;"1311304003";"zona";-0,783;8,092;1
24671;"1311305001";"zona";-0,689;10,707;2
42084;"1311305001";"zona";-0,689;10,707;2
41877;"1311305001";"zona";-0,689;10,707;2
41625;"1311305002";"zona";-0,758;8,765;1
25868;"1311305003";"zona";-0,758;8,789;1
42219;"1311305003";"zona";-0,758;8,789;1
9035;"1311305003";"zona";-0,758;8,789;1
9051;"1311305003";"zona";-0,758;8,789;1
31273;"1311305003";"zona";-0,758;8,789;1
9007;"1311305004";"zona";-0,745;9,139;1
9017;"1311306001";"zona";-0,698;10,467;2
24627;"1311306001";"zona";-0,698;10,467;2
24817;"1311306001";"zona";-0,698;10,467;2
12087;"1311306002";"zona";-0,678;11,02;2
11971;"1311306002";"zona";-0,678;11,02;2
26353;"1311307001";"zona";-0,67;11,239;2
25372;"1311307001";"zona";-0,67;11,239;2
9012;"1311307001";"zona";-0,67;11,239;2
9033;"1311307001";"zona";-0,67;11,239;2
9011;"1311307002";"zona";-0,666;11,353;2
9006;"1311307003";"zona";-0,751;8,976;1
26267;"1311307004";"zona";-0,584;13,648;3
31189;"1311307004";"zona";-0,584;13,648;3
25101;"1311307005";"zona";-0,749;9,03;1
25520;"1311307005";"zona";-0,749;9,03;1
8979;"1311401001";"zona";-0,771;8,426;1
24721;"1311401002";"zona";-0,859;5,968;1
8911;"1311401002";"zona";-0,859;5,968;1
8893;"1311401002";"zona";-0,859;5,968;1
41167;"1311401004";"zona";-0,806;7,442;1
41586;"1311401007";"zona";-0,916;4,36;1
24884;"1311401009";"zona";-0,885;5,246;1
42175;"1311402001";"zona";-0,909;4,549;1
41534;"1311402001";"zona";-0,909;4,549;1
26080;"1311402002";"zona";-0,776;8,284;1
42197;"1311402003";"zona";-0,835;6,64;1
8819;"1311402003";"zona";-0,835;6,64;1
25376;"1311402004";"zona";-0,891;5,068;1
24630;"1311403001";"zona";-0,821;7,018;1
42052;"1311403001";"zona";-0,821;7,018;1
24795;"1311403001";"zona";-0,821;7,018;1
8827;"1311403001";"zona";-0,821;7,018;1
24850;"1311403002";"zona";-0,751;8,98;1
41273;"1311403003";"zona";-0,839;6,526;1
8900;"1311403003";"zona";-0,839;6,526;1
31512;"1311403005";"zona";-0,978;2,628;1
41045;"1311403005";"zona";-0,978;2,628;1
24908;"1311404001";"zona";-0,611;12,877;2
12265;"1311404001";"zona";-0,611;12,877;2
41620;"1311404002";"zona";-0,777;8,243;1
8921;"1311404002";"zona";-0,777;8,243;1
25825;"1311404002";"zona";-0,777;8,243;1
42184;"1311404002";"zona";-0,777;8,243;1
41751;"1311404003";"zona";-0,689;10,707;2
24826;"1311404003";"zona";-0,689;10,707;2
42098;"1311404003";"zona";-0,689;10,707;2
41925;"1311404003";"zona";-0,689;10,707;2
42183;"1311404003";"zona";-0,689;10,707;2
8978;"1311404003";"zona";-0,689;10,707;2
41331;"1311405001";"zona";-0,859;5,965;1
12266;"1311405001";"zona";-0,859;5,965;1
8892;"1311405001";"zona";-0,859;5,965;1
8870;"1311405003";"zona";-0,833;6,688;1
41311;"1311405003";"zona";-0,833;6,688;1
31047;"1311405003";"zona";-0,833;6,688;1
25093;"1311406001";"zona";-0,784;8,056;1
8878;"1311406002";"zona";-0,759;8,764;1
42156;"1311406002";"zona";-0,759;8,764;1
25767;"1311406002";"zona";-0,759;8,764;1
41617;"1311407001";"zona";-0,7;10,39;2
25281;"1311407001";"zona";-0,7;10,39;2
8872;"1311407002";"zona";-0,659;11,53;2
42025;"1311407002";"zona";-0,659;11,53;2
8832;"1311407003";"zona";-0,815;7,187;1
8991;"1311407004";"zona";-0,7;10,41;2
24487;"1311408002";"zona";-0,784;8,056;1
25928;"1311408002";"zona";-0,784;8,056;1
41080;"1311408003";"zona";-0,841;6,468;1
41366;"1311408005";"zona";-0,812;7,276;1
8828;"1311409002";"zona";-0,774;8,32;1
8818;"1311409002";"zona";-0,774;8,32;1
25055;"1311409002";"zona";-0,774;8,32;1
24494;"1311409003";"zona";-0,792;7,833;1
24473;"1311409003";"zona";-0,792;7,833;1
25683;"1311409003";"zona";-0,792;7,833;1
41774;"1311409003";"zona";-0,792;7,833;1
24857;"1311409003";"zona";-0,792;7,833;1
24768;"1311409003";"zona";-0,792;7,833;1
41396;"1311409004";"zona";-0,999;2,056;1
26134;"1311410002";"zona";-0,874;5,54;1
41999;"1311410002";"zona";-0,874;5,54;1
41663;"1311410003";"zona";-1,027;1,255;1
25142;"1311410004";"zona";-0,817;7,143;1
8912;"1311410004";"zona";-0,817;7,143;1
8868;"1311410004";"zona";-0,817;7,143;1
8883;"1311410005";"zona";-0,834;6,657;1
9038;"1311410005";"zona";-0,834;6,657;1
41355;"1311411001";"zona";-0,938;3,76;1
24832;"1311411001";"zona";-0,938;3,76;1
41937;"1311411002";"zona";-0,883;5,283;1
26171;"1311411002";"zona";-0,883;5,283;1
24925;"1311411002";"zona";-0,883;5,283;1
42141;"1311411003";"zona";-0,873;5,561;1
41967;"1311411006";"zona";-0,868;5,699;1
8861;"1311411007";"zona";-0,943;3,604;1
41698;"1311411007";"zona";-0,943;3,604;1
25833;"1311412001";"zona";-0,796;7,727;1
8873;"1311412001";"zona";-0,796;7,727;1
8888;"1311412001";"zona";-0,796;7,727;1
41313;"1311412002";"zona";-0,879;5,389;1
12086;"1311412002";"zona";-0,879;5,389;1
24761;"1311412002";"zona";-0,879;5,389;1
42159;"1311412002";"zona";-0,879;5,389;1
8895;"1311412007";"zona";-0,968;2,91;1
41170;"1311413004";"zona";-0,926;4,084;1
8854;"1311413007";"zona";-0,854;6,104;1
41815;"1311413008";"zona";-0,801;7,59;1
41959;"1311413009";"zona";-0,718;9,882;1
8822;"1311414001";"zona";-0,783;8,088;1
26439;"1311414002";"zona";-0,7;10,406;2
8835;"1311414004";"zona";-0,696;10,512;2
24409;"1311415001";"zona";-0,768;8,493;1
8867;"1311415001";"zona";-0,768;8,493;1
11966;"1311415001";"zona";-0,768;8,493;1
11968;"1311415002";"zona";-0,627;12,446;2
8863;"1311415002";"zona";-0,627;12,446;2
8902;"1311415003";"zona";-0,77;8,431;1
41724;"1311415003";"zona";-0,77;8,431;1
41443;"1311416001";"zona";-0,731;9,532;1
41921;"1311416002";"zona";-0,612;12,852;2
8914;"1311416002";"zona";-0,612;12,852;2
8815;"1311416003";"zona";-0,641;12,048;2
8885;"1311416003";"zona";-0,641;12,048;2
8849;"1311416004";"zona";-0,778;8,233;1
8869;"1311501001";"zona";-0,667;11,319;2
42277;"1311501001";"zona";-0,667;11,319;2
24979;"1311501002";"zona";-0,744;9,174;1
41668;"1311501002";"zona";-0,744;9,174;1
25224;"1311501002";"zona";-0,744;9,174;1
8917;"1311501003";"zona";-0,829;6,792;1
25430;"1311501004";"zona";-0,735;9,431;1
20311;"1311501005";"zona";-0,626;12,47;2
41687;"1311501006";"zona";-0,738;9,335;1
41878;"1311501008";"zona";-0,627;12,43;2
8995;"1311501009";"zona";-0,683;10,863;2
41561;"1311501009";"zona";-0,683;10,863;2
41535;"1311501009";"zona";-0,683;10,863;2
24624;"1311501011";"zona";-0,575;13,885;3
25654;"1311501012";"zona";-0,593;13,398;3
8903;"1311502001";"zona";-0,755;8,859;1
9237;"1311502001";"zona";-0,755;8,859;1
25107;"1311502002";"zona";-0,14;26,032;4
8845;"1311502002";"zona";-0,14;26,032;4
8860;"1311502002";"zona";-0,14;26,032;4
25643;"1311502002";"zona";-0,14;26,032;4
31499;"1311502003";"zona";-0,827;6,854;1
26037;"1311502003";"zona";-0,827;6,854;1
8840;"1311502004";"zona";-0,589;13,497;3
25395;"1311502005";"zona";-0,684;10,856;2
20428;"1311502005";"zona";-0,684;10,856;2
41261;"1311504001";"zona";-0,692;10,633;2
8837;"1311504001";"zona";-0,692;10,633;2
8839;"1311504002";"zona";-0,682;10,909;2
12225;"1311504002";"zona";-0,682;10,909;2
8841;"1311504002";"zona";-0,682;10,909;2
25614;"1311504002";"zona";-0,682;10,909;2
24718;"1311504003";"zona";-0,456;17,224;3
24486;"1311504003";"zona";-0,456;17,224;3
11776;"1311504003";"zona";-0,456;17,224;3
8880;"1311504003";"zona";-0,456;17,224;3
31405;"1311504003";"zona";-0,456;17,224;3
26372;"1311601001";"zona";-0,727;9,648;1
9817;"1311601002";"zona";-0,644;11,96;2
9828;"1311601002";"zona";-0,644;11,96;2
25227;"1311601002";"zona";-0,644;11,96;2
9741;"1311601003";"zona";-0,707;10,206;2
25440;"1311601005";"zona";-0,581;13,714;3
9726;"1311601005";"zona";-0,581;13,714;3
24489;"1311601005";"zona";-0,581;13,714;3
26462;"1311601005";"zona";-0,581;13,714;3
9720;"1311602001";"zona";-0,658;11,563;2
9750;"1311602001";"zona";-0,658;11,563;2
31292;"1311602001";"zona";-0,658;11,563;2
20509;"1311602002";"zona";-0,704;10,296;2
9740;"1311602002";"zona";-0,704;10,296;2
12103;"1311603001";"zona";-0,753;8,906;1
31437;"1311603001";"zona";-0,753;8,906;1
31430;"1311603001";"zona";-0,753;8,906;1
9709;"1311603002";"zona";-0,709;10,133;2
9705;"1311603003";"zona";-0,677;11,041;2
9736;"1311604001";"zona";-0,726;9,672;1
9800;"1311604002";"zona";-0,707;10,208;2
31048;"1311604002";"zona";-0,707;10,208;2
9796;"1311604002";"zona";-0,707;10,208;2
9690;"1311604002";"zona";-0,707;10,208;2
42113;"1311604002";"zona";-0,707;10,208;2
9734;"1311604004";"zona";-0,698;10,463;2
26100;"1311605002";"zona";-0,72;9,833;1
26258;"1311605002";"zona";-0,72;9,833;1
9710;"1311606002";"zona";-0,704;10,295;2
31332;"1311606003";"zona";-0,776;8,265;1
9810;"1311607001";"zona";-0,659;11,543;2
9697;"1311607001";"zona";-0,659;11,543;2
9842;"1311607001";"zona";-0,659;11,543;2
11915;"1311607001";"zona";-0,659;11,543;2
26398;"1311607001";"zona";-0,659;11,543;2
9733;"1311607002";"zona";-0,673;11,166;2
9719;"1311607003";"zona";-0,708;10,174;2
25510;"1311607003";"zona";-0,708;10,174;2
9716;"1311607004";"zona";-0,729;9,598;1
9853;"1311607005";"zona";0,097;32,641;4
10076;"1311701001";"zona";-0,687;10,75;2
31277;"1311701002";"zona";-0,717;9,915;1
41301;"1311701004";"zona";-0,69;10,663;2
10156;"1311701004";"zona";-0,69;10,663;2
10149;"1311701004";"zona";-0,69;10,663;2
41303;"1311702002";"zona";-0,712;10,049;2
10089;"1311702002";"zona";-0,712;10,049;2
25838;"1311702002";"zona";-0,712;10,049;2
10010;"1311702005";"zona";-0,784;8,039;1
26005;"1311703002";"zona";-0,636;12,199;2
25433;"1311703002";"zona";-0,636;12,199;2
10114;"1311703002";"zona";-0,636;12,199;2
10176;"1311703002";"zona";-0,636;12,199;2
10147;"1311703005";"zona";-0,774;8,328;1
10092;"1311703005";"zona";-0,774;8,328;1
25839;"1311703005";"zona";-0,774;8,328;1
11835;"1311704001";"zona";-0,763;8,639;1
10162;"1311704002";"zona";-0,749;9,036;1
10140;"1311704003";"zona";-0,732;9,497;1
24730;"1311704003";"zona";-0,732;9,497;1
41913;"1311704004";"zona";-0,755;8,853;1
42120;"1311704004";"zona";-0,755;8,853;1
32107;"1311704004";"zona";-0,755;8,853;1
10106;"1311704005";"zona";-0,77;8,434;1
26370;"1311704005";"zona";-0,77;8,434;1
10171;"1311705003";"zona";-0,725;9,705;1
10119;"1311705003";"zona";-0,725;9,705;1
10095;"1311706001";"zona";-0,725;9,701;1
10128;"1311706001";"zona";-0,725;9,701;1
10195;"1311706002";"zona";-0,801;7,584;1
10103;"1311706002";"zona";-0,801;7,584;1
10097;"1311706003";"zona";-0,684;10,855;2
10160;"1311707001";"zona";-0,569;14,061;3
10142;"1311707001";"zona";-0,569;14,061;3
10091;"1311707002";"zona";-0,735;9,415;1
10127;"1311707004";"zona";-0,765;8,58;1
9116;"1311801001";"zona";-0,871;5,611;1
25904;"1311801001";"zona";-0,871;5,611;1
9277;"1311801001";"zona";-0,871;5,611;1
26225;"1311801002";"zona";-0,695;10,536;2
9212;"1311801002";"zona";-0,695;10,536;2
25693;"1311801003";"zona";-0,777;8,259;1
25525;"1311801003";"zona";-0,777;8,259;1
41360;"1311802001";"zona";-0,93;3,981;1
9150;"1311802002";"zona";-0,724;9,728;1
25625;"1311802002";"zona";-0,724;9,728;1
9162;"1311802002";"zona";-0,724;9,728;1
9122;"1311802004";"zona";-0,757;8,799;1
9218;"1311802004";"zona";-0,757;8,799;1
9190;"1311802004";"zona";-0,757;8,799;1
25232;"1311802004";"zona";-0,757;8,799;1
9104;"1311802004";"zona";-0,757;8,799;1
25169;"1311803002";"zona";-0,716;9,96;1
24427;"1311803003";"zona";-0,735;9,414;1
26306;"1311803003";"zona";-0,735;9,414;1
9185;"1311803004";"zona";-0,819;7,085;1
9125;"1311803005";"zona";-0,746;9,113;1
42099;"1311803005";"zona";-0,746;9,113;1
9187;"1311803005";"zona";-0,746;9,113;1
26031;"1311804003";"zona";-0,735;9,434;1
9142;"1311804003";"zona";-0,735;9,434;1
9208;"1311804004";"zona";-0,716;9,962;1
9075;"1311804005";"zona";-0,737;9,362;1
25862;"1311804005";"zona";-0,737;9,362;1
41435;"1311805002";"zona";-0,787;7,967;1
9268;"1311805002";"zona";-0,787;7,967;1
9085;"1311805003";"zona";-0,757;8,815;1
9072;"1311805004";"zona";-0,804;7,49;1
31361;"1311805004";"zona";-0,804;7,49;1
25514;"1311805004";"zona";-0,804;7,49;1
24762;"1311805005";"zona";-0,801;7,579;1
9090;"1311806001";"zona";-0,707;10,216;2
9069;"1311806002";"zona";-0,738;9,329;1
25187;"1311806005";"zona";-0,752;8,935;1
26118;"1311806005";"zona";-0,752;8,935;1
9172;"1311806005";"zona";-0,752;8,935;1
9205;"1311806005";"zona";-0,752;8,935;1
9168;"1311806006";"zona";-0,778;8,228;1
31259;"1311806006";"zona";-0,778;8,228;1
31178;"1311901001";"zona";-0,699;10,431;2
26371;"1311901001";"zona";-0,699;10,431;2
25482;"1311901001";"zona";-0,699;10,431;2
9910;"1311901002";"zona";-0,757;8,809;1
25569;"1311901002";"zona";-0,757;8,809;1
9891;"1311901002";"zona";-0,757;8,809;1
24954;"1311901003";"zona";-0,747;9,084;1
9863;"1311901004";"zona";-0,739;9,297;1
9937;"1311901004";"zona";-0,739;9,297;1
22719;"1311901004";"zona";-0,739;9,297;1
9867;"1311901004";"zona";-0,739;9,297;1
25385;"1311901004";"zona";-0,739;9,297;1
31363;"1311901004";"zona";-0,739;9,297;1
25429;"1311901004";"zona";-0,739;9,297;1
25677;"1311901004";"zona";-0,739;9,297;1
25823;"1311901005";"zona";-0,671;11,221;2
25179;"1311901005";"zona";-0,671;11,221;2
41172;"1311901005";"zona";-0,671;11,221;2
25328;"1311901005";"zona";-0,671;11,221;2
25481;"1311901005";"zona";-0,671;11,221;2
25286;"1311901005";"zona";-0,671;11,221;2
24626;"1311901005";"zona";-0,671;11,221;2
25466;"1311901005";"zona";-0,671;11,221;2
25175;"1311901005";"zona";-0,671;11,221;2
25112;"1311901005";"zona";-0,671;11,221;2
41109;"1311901005";"zona";-0,671;11,221;2
9897;"1311902001";"zona";-0,736;9,384;1
9943;"1311902001";"zona";-0,736;9,384;1
25197;"1311902002";"zona";-0,697;10,49;2
20585;"1311902003";"zona";-0,879;5,393;1
25501;"1311902004";"zona";-0,862;5,88;1
25765;"1311902004";"zona";-0,862;5,88;1
31508;"1311902005";"zona";-0,785;8,03;1
24765;"1311902006";"zona";-0,819;7,075;1
31035;"1311902006";"zona";-0,819;7,075;1
25420;"1311902010";"zona";-0,832;6,708;1
8681;"1311902010";"zona";-0,832;6,708;1
9881;"1311903002";"zona";-0,708;10,178;2
9887;"1311903002";"zona";-0,708;10,178;2
25473;"1311903003";"zona";-0,682;10,9;2
42249;"1311903003";"zona";-0,682;10,9;2
9973;"1311903003";"zona";-0,682;10,9;2
26465;"1311903005";"zona";-0,588;13,535;3
25817;"1311903005";"zona";-0,588;13,535;3
25674;"1311903005";"zona";-0,588;13,535;3
9981;"1311903005";"zona";-0,588;13,535;3
9967;"1311903005";"zona";-0,588;13,535;3
26495;"1311905003";"zona";-0,34;20,443;4
26535;"1311905003";"zona";-0,34;20,443;4
31077;"1311905004";"zona";-0,665;11,365;2
11830;"1311905006";"zona";-0,844;6,375;1
31139;"1311905008";"zona";-0,599;13,224;3
26340;"1311905008";"zona";-0,599;13,224;3
25850;"1311905008";"zona";-0,599;13,224;3
26137;"1311905009";"zona";-0,903;4,731;1
9892;"1311905009";"zona";-0,903;4,731;1
31060;"1311905009";"zona";-0,903;4,731;1
24939;"1311906001";"zona";-0,768;8,512;1
9946;"1311906001";"zona";-0,768;8,512;1
9920;"1311906002";"zona";-0,759;8,743;1
9878;"1311906002";"zona";-0,759;8,743;1
20447;"1311906002";"zona";-0,759;8,743;1
9926;"1311906002";"zona";-0,759;8,743;1
12102;"1311906002";"zona";-0,759;8,743;1
24883;"1311907001";"zona";-0,838;6,558;1
25467;"1311907002";"zona";-0,86;5,924;1
25186;"1311907002";"zona";-0,86;5,924;1
9889;"1311907004";"zona";-0,82;7,058;1
26445;"1311907005";"zona";-0,813;7,245;1
25368;"1311907008";"zona";-0,841;6,454;1
26209;"1311907009";"zona";-0,878;5,432;1
31185;"1311907010";"zona";-0,889;5,129;1
25331;"1311907011";"zona";-0,838;6,532;1
25790;"1311907011";"zona";-0,838;6,532;1
26113;"1311907012";"zona";-0,814;7,202;1
26436;"1311907014";"zona";-0,841;6,455;1
31164;"1311907014";"zona";-0,841;6,455;1
9917;"1311908001";"zona";-0,692;10,616;2
25658;"1311908001";"zona";-0,692;10,616;2
25946;"1311908002";"zona";-0,697;10,474;2
25530;"1311908002";"zona";-0,697;10,474;2
26200;"1311908002";"zona";-0,697;10,474;2
25160;"1311908002";"zona";-0,697;10,474;2
9893;"1311908003";"zona";-0,715;9,984;1
25967;"1311908003";"zona";-0,715;9,984;1
9959;"1311908004";"zona";-0,738;9,347;1
25046;"1311908004";"zona";-0,738;9,347;1
25427;"1311908004";"zona";-0,738;9,347;1
9913;"1311908004";"zona";-0,738;9,347;1
25532;"1311908004";"zona";-0,738;9,347;1
25668;"1311908004";"zona";-0,738;9,347;1
26214;"1311909001";"zona";-0,662;11,469;2
9941;"1311909001";"zona";-0,662;11,469;2
9907;"1311909001";"zona";-0,662;11,469;2
26412;"1311909001";"zona";-0,662;11,469;2
41960;"1311909001";"zona";-0,662;11,469;2
9957;"1311909001";"zona";-0,662;11,469;2
9909;"1311909001";"zona";-0,662;11,469;2
25775;"1311909001";"zona";-0,662;11,469;2
25756;"1311909001";"zona";-0,662;11,469;2
9877;"1311909001";"zona";-0,662;11,469;2
9876;"1311909001";"zona";-0,662;11,469;2
9911;"1311909001";"zona";-0,662;11,469;2
25739;"1311909001";"zona";-0,662;11,469;2
25206;"1311909001";"zona";-0,662;11,469;2
9968;"1311909001";"zona";-0,662;11,469;2
9901;"1311909002";"zona";-0,728;9,608;1
26273;"1311909002";"zona";-0,728;9,608;1
26126;"1311910001";"zona";-0,712;10,068;2
31155;"1311910001";"zona";-0,712;10,068;2
26107;"1311910001";"zona";-0,712;10,068;2
9924;"1311910001";"zona";-0,712;10,068;2
26434;"1311910001";"zona";-0,712;10,068;2
24406;"1311910001";"zona";-0,712;10,068;2
25565;"1311910001";"zona";-0,712;10,068;2
9905;"1311910001";"zona";-0,712;10,068;2
24986;"1311910001";"zona";-0,712;10,068;2
25885;"1311910001";"zona";-0,712;10,068;2
25785;"1311910002";"zona";-0,705;10,265;2
25301;"1311910002";"zona";-0,705;10,265;2
26405;"1311910002";"zona";-0,705;10,265;2
25681;"1311910002";"zona";-0,705;10,265;2
31407;"1311911001";"zona";-0,588;13,536;3
9864;"1311911001";"zona";-0,588;13,536;3
26085;"1311911003";"zona";-0,642;12,017;2
9906;"1311911003";"zona";-0,642;12,017;2
25300;"1311911003";"zona";-0,642;12,017;2
25528;"1311911003";"zona";-0,642;12,017;2
9950;"1311911003";"zona";-0,642;12,017;2
9945;"1311911003";"zona";-0,642;12,017;2
25129;"1311911003";"zona";-0,642;12,017;2
25270;"1311911003";"zona";-0,642;12,017;2
25633;"1311912001";"zona";-0,796;7,723;1
9890;"1311912001";"zona";-0,796;7,723;1
26395;"1311912003";"zona";-0,704;10,3;2
9884;"1311912003";"zona";-0,704;10,3;2
9883;"1311912003";"zona";-0,704;10,3;2
26392;"1311914001";"zona";-0,852;6,162;1
25921;"1311914001";"zona";-0,852;6,162;1
26147;"1311914003";"zona";-0,85;6,213;1
41487;"1311914003";"zona";-0,85;6,213;1
25404;"1311914003";"zona";-0,85;6,213;1
25406;"1311914004";"zona";-0,877;5,457;1
26050;"1311914005";"zona";-0,831;6,739;1
31074;"1311914009";"zona";-0,82;7,046;1
25749;"1311914009";"zona";-0,82;7,046;1
25873;"1311914010";"zona";-0,858;5,995;1
25550;"1311914010";"zona";-0,858;5,995;1
16888;"1311914011";"zona";-0,877;5,454;1
9896;"1311915001";"zona";-0,409;18,517;4
25383;"1311916001";"zona";-0,798;7,654;1
25766;"1311916001";"zona";-0,798;7,654;1
24461;"1311916001";"zona";-0,798;7,654;1
25258;"1311916001";"zona";-0,798;7,654;1
25290;"1311916002";"zona";-0,755;8,864;1
24510;"1311916002";"zona";-0,755;8,864;1
25042;"1311916002";"zona";-0,755;8,864;1
41554;"1311916002";"zona";-0,755;8,864;1
9955;"1311916002";"zona";-0,755;8,864;1
26457;"1311917001";"zona";-0,837;6,562;1
25471;"1311917002";"zona";-0,776;8,283;1
41553;"1311917003";"zona";-0,832;6,725;1
24932;"1311917004";"zona";-0,836;6,59;1
25155;"1311917005";"zona";-0,793;7,808;1
26538;"1311918001";"zona";-0,894;4,979;1
25770;"1311918001";"zona";-0,894;4,979;1
31507;"1311918002";"zona";-0,852;6,143;1
20359;"1311918003";"zona";-0,82;7,045;1
11936;"1311918003";"zona";-0,82;7,045;1
31065;"1311918005";"zona";-0,843;6,408;1
31492;"1311918005";"zona";-0,843;6,408;1
31070;"1311918007";"zona";-0,849;6,25;1
26298;"1311918007";"zona";-0,849;6,25;1
25808;"1311918008";"zona";-0,841;6,46;1
26322;"1311919002";"zona";-0,821;7,016;1
25314;"1311919003";"zona";-0,853;6,118;1
25279;"1311919003";"zona";-0,853;6,118;1
26201;"1311919003";"zona";-0,853;6,118;1
26330;"1311919004";"zona";-0,839;6,518;1
26057;"1311919006";"zona";-0,776;8,289;1
26051;"1311919006";"zona";-0,776;8,289;1
41847;"1311919006";"zona";-0,776;8,289;1
25656;"1311919007";"zona";-0,851;6,178;1
31290;"1311919010";"zona";-0,842;6,427;1
25091;"1311920001";"zona";-0,839;6,503;1
25649;"1311920001";"zona";-0,839;6,503;1
25369;"1311920003";"zona";-0,78;8,176;1
25350;"1311920003";"zona";-0,78;8,176;1
24670;"1311920005";"zona";-0,691;10,647;2
9953;"1311920005";"zona";-0,691;10,647;2
26090;"1311920008";"zona";-0,829;6,789;1
9895;"1311920009";"zona";-0,856;6,035;1
25490;"1311920011";"zona";-0,839;6,517;1
31172;"1311921001";"zona";-0,818;7,101;1
26228;"1311921003";"zona";-0,79;7,872;1
25851;"1311921003";"zona";-0,79;7,872;1
41486;"1311921004";"zona";-0,738;9,336;1
25198;"1311921004";"zona";-0,738;9,336;1
42194;"1311921004";"zona";-0,738;9,336;1
26280;"1311922001";"zona";-0,802;7,544;1
12083;"1311922001";"zona";-0,802;7,544;1
26052;"1311922002";"zona";-0,839;6,514;1
24732;"1311922004";"zona";-0,809;7,366;1
12255;"1311923001";"zona";-0,826;6,869;1
41156;"1311923001";"zona";-0,826;6,869;1
16789;"1311923002";"zona";-0,849;6,232;1
25700;"1311923002";"zona";-0,849;6,232;1
26368;"1311923005";"zona";-0,847;6,296;1
26268;"1311923007";"zona";-0,792;7,84;1
25513;"1311923008";"zona";-0,857;6,008;1
24898;"1311923008";"zona";-0,857;6,008;1
31257;"1311923008";"zona";-0,857;6,008;1
9230;"1312001001";"zona";-0,874;5,533;1
9217;"1312001002";"zona";-0,88;5,373;1
31426;"1312001002";"zona";-0,88;5,373;1
41869;"1312001004";"zona";-0,905;4,664;1
9086;"1312001004";"zona";-0,905;4,664;1
9263;"1312001004";"zona";-0,905;4,664;1
12092;"1312001004";"zona";-0,905;4,664;1
8969;"1312001005";"zona";-0,942;3,642;1
41704;"1312001006";"zona";-0,906;4,634;1
24723;"1312001006";"zona";-0,906;4,634;1
9240;"1312001006";"zona";-0,906;4,634;1
24801;"1312001006";"zona";-0,906;4,634;1
9065;"1312001006";"zona";-0,906;4,634;1
9267;"1312001006";"zona";-0,906;4,634;1
41458;"1312001007";"zona";-0,878;5,418;1
9270;"1312002001";"zona";-0,859;5,971;1
9128;"1312002001";"zona";-0,859;5,971;1
9262;"1312002002";"zona";-0,847;6,293;1
42239;"1312002004";"zona";-0,909;4,569;1
41367;"1312002004";"zona";-0,909;4,569;1
31391;"1312002004";"zona";-0,909;4,569;1
9179;"1312002005";"zona";-0,84;6,495;1
9083;"1312002006";"zona";-0,836;6,604;1
9078;"1312003001";"zona";-0,881;5,347;1
42252;"1312003001";"zona";-0,881;5,347;1
9259;"1312003001";"zona";-0,881;5,347;1
42268;"1312003001";"zona";-0,881;5,347;1
12268;"1312003002";"zona";-0,825;6,9;1
9064;"1312003002";"zona";-0,825;6,9;1
9250;"1312003002";"zona";-0,825;6,9;1
24842;"1312003003";"zona";-0,899;4,854;1
24830;"1312004001";"zona";-0,955;3,283;1
9100;"1312004001";"zona";-0,955;3,283;1
9246;"1312004002";"zona";-0,834;6,659;1
9071;"1312004003";"zona";-0,743;9,198;1
9070;"1312004003";"zona";-0,743;9,198;1
9084;"1312004003";"zona";-0,743;9,198;1
41416;"1312005001";"zona";-0,917;4,348;1
42075;"1312005001";"zona";-0,917;4,348;1
9228;"1312005001";"zona";-0,917;4,348;1
9137;"1312005001";"zona";-0,917;4,348;1
42050;"1312005002";"zona";-0,824;6,93;1
41844;"1312005002";"zona";-0,824;6,93;1
31503;"1312005002";"zona";-0,824;6,93;1
12226;"1312005002";"zona";-0,824;6,93;1
26514;"1312005002";"zona";-0,824;6,93;1
9089;"1312005004";"zona";-0,849;6,249;1
9278;"1312005004";"zona";-0,849;6,249;1
42133;"1312005004";"zona";-0,849;6,249;1
9097;"1312005004";"zona";-0,849;6,249;1
9194;"1312005004";"zona";-0,849;6,249;1
9063;"1312005004";"zona";-0,849;6,249;1
9209;"1312006001";"zona";-0,779;8,182;1
9131;"1312006002";"zona";-0,788;7,953;1
9206;"1312006003";"zona";-0,785;8,021;1
12217;"1312006004";"zona";-0,786;7,992;1
9147;"1312006005";"zona";-0,779;8,195;1
9249;"1312007001";"zona";-0,876;5,481;1
25852;"1312007001";"zona";-0,876;5,481;1
9184;"1312007001";"zona";-0,876;5,481;1
41831;"1312007002";"zona";-0,924;4,13;1
9177;"1312007002";"zona";-0,924;4,13;1
32103;"1312007002";"zona";-0,924;4,13;1
41240;"1312007003";"zona";-0,97;2,851;1
31258;"1312007003";"zona";-0,97;2,851;1
26406;"1312007004";"zona";-0,875;5,523;1
12133;"1312007004";"zona";-0,875;5,523;1
25716;"1312007005";"zona";-0,832;6,709;1
24959;"1312008001";"zona";-0,765;8,575;1
9091;"1312008003";"zona";-0,556;14,416;3
25192;"1312008003";"zona";-0,556;14,416;3
9073;"1312008003";"zona";-0,556;14,416;3
9061;"1312008003";"zona";-0,556;14,416;3
9060;"1312008003";"zona";-0,556;14,416;3
9058;"1312008003";"zona";-0,556;14,416;3
9077;"1312009002";"zona";-0,827;6,863;1
24517;"1312009003";"zona";-0,819;7,062;1
9102;"1312009003";"zona";-0,819;7,062;1
25828;"1312010001";"zona";-0,848;6,262;1
9082;"1312010001";"zona";-0,848;6,262;1
9145;"1312010003";"zona";-0,895;4,955;1
42011;"1312010003";"zona";-0,895;4,955;1
41257;"1312010003";"zona";-0,895;4,955;1
41860;"1312010003";"zona";-0,895;4,955;1
9074;"1312010004";"zona";-0,981;2,561;1
41511;"1312010004";"zona";-0,981;2,561;1
41769;"1312010005";"zona";-0,925;4,129;1
9135;"1312010006";"zona";-0,87;5,656;1
9216;"1312010006";"zona";-0,87;5,656;1
41264;"1312010007";"zona";-0,76;8,733;1
9156;"1312010007";"zona";-0,76;8,733;1
25058;"1312010007";"zona";-0,76;8,733;1
9231;"1312010007";"zona";-0,76;8,733;1
25302;"1312010007";"zona";-0,76;8,733;1
25836;"1312011001";"zona";-0,952;3,356;1
9151;"1312011001";"zona";-0,952;3,356;1
9276;"1312011002";"zona";-0,922;4,203;1
9153;"1312011002";"zona";-0,922;4,203;1
8793;"1312011002";"zona";-0,922;4,203;1
42271;"1312011006";"zona";-0,87;5,646;1
31281;"1312011006";"zona";-0,87;5,646;1
31265;"1312011007";"zona";-0,903;4,726;1
9512;"1312101001";"zona";-0,74;9,288;1
9419;"1312101001";"zona";-0,74;9,288;1
9446;"1312101002";"zona";-0,736;9,381;1
9503;"1312102001";"zona";-0,455;17,23;3
9558;"1312102001";"zona";-0,455;17,23;3
9416;"1312102002";"zona";-0,731;9,521;1
26289;"1312102003";"zona";-0,755;8,871;1
9508;"1312102004";"zona";-0,634;12,235;2
9551;"1312103001";"zona";-0,663;11,427;2
25297;"1312103001";"zona";-0,663;11,427;2
9556;"1312103002";"zona";-0,694;10,566;2
25998;"1312103002";"zona";-0,694;10,566;2
9544;"1312103002";"zona";-0,694;10,566;2
9422;"1312103002";"zona";-0,694;10,566;2
25421;"1312103002";"zona";-0,694;10,566;2
26324;"1312103003";"zona";-0,734;9,444;1
9543;"1312103003";"zona";-0,734;9,444;1
26143;"1312103004";"zona";-0,669;11,25;2
9510;"1312103004";"zona";-0,669;11,25;2
9540;"1312104002";"zona";-0,706;10,237;2
9505;"1312104002";"zona";-0,706;10,237;2
26517;"1312104003";"zona";-0,766;8,558;1
9458;"1312104003";"zona";-0,766;8,558;1
12136;"1312104003";"zona";-0,766;8,558;1
9410;"1312104003";"zona";-0,766;8,558;1
9506;"1312104003";"zona";-0,766;8,558;1
24740;"1312104003";"zona";-0,766;8,558;1
9418;"1312105001";"zona";-0,738;9,337;1
25289;"1312105002";"zona";-0,755;8,862;1
9518;"1312105004";"zona";-0,729;9,579;1
25601;"1312106002";"zona";-0,666;11,343;2
25296;"1312106002";"zona";-0,666;11,343;2
9428;"1312106002";"zona";-0,666;11,343;2
9695;"1312106002";"zona";-0,666;11,343;2
25173;"1312106003";"zona";-0,741;9,264;1
9772;"1312107001";"zona";-0,749;9,019;1
9727;"1312107001";"zona";-0,749;9,019;1
9847;"1312107002";"zona";-0,693;10,585;2
9738;"1312107002";"zona";-0,693;10,585;2
9845;"1312107003";"zona";-0,687;10,748;2
10881;"1312107003";"zona";-0,687;10,748;2
25119;"1312107003";"zona";-0,687;10,748;2
9799;"1312107003";"zona";-0,687;10,748;2
9704;"1312107004";"zona";-0,729;9,598;1
9686;"1312108001";"zona";-0,763;8,645;1
9729;"1312108001";"zona";-0,763;8,645;1
31041;"1312108001";"zona";-0,763;8,645;1
9694;"1312108001";"zona";-0,763;8,645;1
9531;"1312108002";"zona";-0,749;9,044;1
9747;"1312108002";"zona";-0,749;9,044;1
9140;"1312201001";"zona";-0,598;13,244;3
9107;"1312201002";"zona";-0,7;10,407;2
24700;"1312201003";"zona";-0,679;10,976;2
9213;"1312201003";"zona";-0,679;10,976;2
25793;"1312201003";"zona";-0,679;10,976;2
9239;"1312201004";"zona";-0,647;11,886;2
9182;"1312201004";"zona";-0,647;11,886;2
25316;"1312202002";"zona";-0,706;10,221;2
11950;"1312202003";"zona";-0,793;7,789;1
42077;"1312202004";"zona";-0,757;8,811;1
31389;"1312202004";"zona";-0,757;8,811;1
25212;"1312203001";"zona";-0,763;8,636;1
42037;"1312203001";"zona";-0,763;8,636;1
24948;"1312203002";"zona";-0,783;8,092;1
25717;"1312203002";"zona";-0,783;8,092;1
9221;"1312203003";"zona";-0,797;7,687;1
25723;"1312203003";"zona";-0,797;7,687;1
24971;"1312203004";"zona";-0,723;9,768;1
11783;"1312203004";"zona";-0,723;9,768;1
26155;"1312203004";"zona";-0,723;9,768;1
42121;"1312203006";"zona";-0,821;7,028;1
25804;"1312203006";"zona";-0,821;7,028;1
31082;"1312203007";"zona";-0,824;6,941;1
26116;"1312203007";"zona";-0,824;6,941;1
41484;"1312203007";"zona";-0,824;6,941;1
41194;"1312203007";"zona";-0,824;6,941;1
25478;"1312203008";"zona";-0,724;9,737;1
25172;"1312203008";"zona";-0,724;9,737;1
25157;"1312203009";"zona";-0,791;7,852;1
26419;"1312203010";"zona";-0,313;21,19;4
26305;"1312203010";"zona";-0,313;21,19;4
31271;"1312203011";"zona";-0,645;11,927;2
26498;"1312203011";"zona";-0,645;11,927;2
9175;"1312204001";"zona";-0,746;9,11;1
25782;"1312204001";"zona";-0,746;9,11;1
26075;"1312204001";"zona";-0,746;9,11;1
9164;"1312204002";"zona";-0,757;8,807;1
16773;"1312204003";"zona";-0,784;8,065;1
9201;"1312204003";"zona";-0,784;8,065;1
9197;"1312204003";"zona";-0,784;8,065;1
9158;"1312204004";"zona";-0,753;8,909;1
25065;"1312205001";"zona";-0,741;9,246;1
26019;"1312205002";"zona";-0,697;10,469;2
9244;"1312205003";"zona";-0,642;12,004;2
25589;"1312206001";"zona";-0,725;9,713;1
9106;"1312206001";"zona";-0,725;9,713;1
11788;"1312206002";"zona";-0,75;9,012;1
26286;"1312206002";"zona";-0,75;9,012;1
9127;"1312206003";"zona";-0,728;9,609;1
9121;"1312206003";"zona";-0,728;9,609;1
9144;"1312206004";"zona";-0,724;9,721;1
9165;"1312206004";"zona";-0,724;9,721;1
25901;"1312207001";"zona";-0,72;9,841;1
9110;"1312207002";"zona";-0,744;9,162;1
9111;"1312207003";"zona";-0,765;8,57;1
25247;"1312207004";"zona";-0,696;10,496;2
12249;"1312207005";"zona";-0,722;9,779;1
24861;"1312208001";"zona";-0,703;10,32;2
25545;"1312208001";"zona";-0,703;10,32;2
9103;"1312208002";"zona";-0,71;10,119;2
9171;"1312208002";"zona";-0,71;10,119;2
9098;"1312208003";"zona";-0,786;7,997;1
24930;"1312208003";"zona";-0,786;7,997;1
9117;"1312209001";"zona";-0,721;9,801;1
16905;"1312209002";"zona";-0,505;15,852;3
20299;"1312209002";"zona";-0,505;15,852;3
24873;"1312209002";"zona";-0,505;15,852;3
25611;"1312209002";"zona";-0,505;15,852;3
31419;"1312209003";"zona";-0,604;13,075;3
9087;"1312209004";"zona";-0,685;10,823;2
31254;"1312209004";"zona";-0,685;10,823;2
9105;"1312210002";"zona";-0,717;9,931;1
9200;"1312210002";"zona";-0,717;9,931;1
24997;"1312211001";"zona";-0,898;4,869;1
9088;"1312211002";"zona";-0,74;9,268;1
25028;"1312211002";"zona";-0,74;9,268;1
41228;"1312301001";"zona";-0,658;11,574;2
26030;"1312301001";"zona";-0,658;11,574;2
25541;"1312301004";"zona";-0,799;7,623;1
25054;"1312301004";"zona";-0,799;7,623;1
8927;"1312301005";"zona";-0,706;10,239;2
11993;"1312301005";"zona";-0,706;10,239;2
25392;"1312301005";"zona";-0,706;10,239;2
8997;"1312301005";"zona";-0,706;10,239;2
26129;"1312301006";"zona";-0,802;7,545;1
8938;"1312301006";"zona";-0,802;7,545;1
8933;"1312301008";"zona";-0,849;6,225;1
8928;"1312301008";"zona";-0,849;6,225;1
26426;"1312302001";"zona";-0,885;5,244;1
41958;"1312302002";"zona";-0,828;6,833;1
8974;"1312302003";"zona";-0,842;6,421;1
8998;"1312302005";"zona";-0,784;8,062;1
8934;"1312302006";"zona";-0,883;5,295;1
41069;"1312302006";"zona";-0,883;5,295;1
41678;"1312302007";"zona";-0,832;6,723;1
11871;"1312302007";"zona";-0,832;6,723;1
8956;"1312302007";"zona";-0,832;6,723;1
8992;"1312303001";"zona";-0,799;7,638;1
8761;"1312303001";"zona";-0,799;7,638;1
24464;"1312303003";"zona";-0,828;6,835;1
8930;"1312303003";"zona";-0,828;6,835;1
41497;"1312303003";"zona";-0,828;6,835;1
41004;"1312303007";"zona";-0,877;5,447;1
8984;"1312303009";"zona";-0,857;6,011;1
32040;"1312303009";"zona";-0,857;6,011;1
25866;"1312303010";"zona";-0,917;4,352;1
8967;"1312303011";"zona";-0,888;5,142;1
41601;"1312304002";"zona";-0,911;4,495;1
41670;"1312304002";"zona";-0,911;4,495;1
8996;"1312304003";"zona";-0,791;7,869;1
8966;"1312304003";"zona";-0,791;7,869;1
41195;"1312304003";"zona";-0,791;7,869;1
24985;"1312304003";"zona";-0,791;7,869;1
41079;"1312304003";"zona";-0,791;7,869;1
8988;"1312304004";"zona";-0,856;6,051;1
42230;"1312304004";"zona";-0,856;6,051;1
8931;"1312304004";"zona";-0,856;6,051;1
41868;"1312304005";"zona";-0,917;4,337;1
9271;"1312304005";"zona";-0,917;4,337;1
41758;"1312304005";"zona";-0,917;4,337;1
41005;"1312304006";"zona";-0,894;4,981;1
41175;"1312304006";"zona";-0,894;4,981;1
41550;"1312304006";"zona";-0,894;4,981;1
24896;"1312304007";"zona";-0,905;4,683;1
41970;"1312304008";"zona";-0,922;4,208;1
41750;"1312304010";"zona";-0,853;6,133;1
42087;"1312304012";"zona";-0,904;4,71;1
9003;"1312304012";"zona";-0,904;4,71;1
41950;"1312304012";"zona";-0,904;4,71;1
8981;"1312305001";"zona";-0,753;8,916;1
8944;"1312305001";"zona";-0,753;8,916;1
8950;"1312306001";"zona";-0,698;10,453;2
8959;"1312306001";"zona";-0,698;10,453;2
24818;"1312306001";"zona";-0,698;10,453;2
41825;"1312306001";"zona";-0,698;10,453;2
8925;"1312306002";"zona";-0,738;9,329;1
42040;"1312306002";"zona";-0,738;9,329;1
42205;"1312306002";"zona";-0,738;9,329;1
25666;"1312306002";"zona";-0,738;9,329;1
41827;"1312306004";"zona";-0,816;7,154;1
41775;"1312307001";"zona";-0,611;12,888;3
8945;"1312307001";"zona";-0,611;12,888;3
25402;"1312307001";"zona";-0,611;12,888;3
8954;"1312307001";"zona";-0,611;12,888;3
41759;"1312307002";"zona";-0,577;13,827;3
13215;"1312307002";"zona";-0,577;13,827;3
26112;"1312307003";"zona";-0,607;12,995;3
41600;"1312307003";"zona";-0,607;12,995;3
24933;"1312307003";"zona";-0,607;12,995;3
31438;"1312307003";"zona";-0,607;12,995;3
41155;"1312308001";"zona";-0,828;6,822;1
25652;"1312308002";"zona";-0,679;10,972;2
32022;"1312308002";"zona";-0,679;10,972;2
8926;"1312308002";"zona";-0,679;10,972;2
9004;"1312308003";"zona";-0,802;7,555;1
25719;"1312401001";"zona";-0,681;10,92;2
10157;"1312401001";"zona";-0,681;10,92;2
10100;"1312401001";"zona";-0,681;10,92;2
25375;"1312401001";"zona";-0,681;10,92;2
10077;"1312401001";"zona";-0,681;10,92;2
10104;"1312401004";"zona";-0,661;11,495;2
25922;"1312402001";"zona";-0,784;8,05;1
26139;"1312402001";"zona";-0,784;8,05;1
24843;"1312402001";"zona";-0,784;8,05;1
10182;"1312402002";"zona";-0,763;8,626;1
10124;"1312402002";"zona";-0,763;8,626;1
42198;"1312402002";"zona";-0,763;8,626;1
10173;"1312402002";"zona";-0,763;8,626;1
10085;"1312402003";"zona";-0,72;9,845;1
25965;"1312402004";"zona";-0,684;10,856;2
31166;"1312402004";"zona";-0,684;10,856;2
10191;"1312403001";"zona";-0,643;11,976;2
25031;"1312403001";"zona";-0,643;11,976;2
25098;"1312403001";"zona";-0,643;11,976;2
10187;"1312403002";"zona";-0,719;9,857;1
10120;"1312403003";"zona";-0,583;13,657;3
10152;"1312403003";"zona";-0,583;13,657;3
25564;"1312403003";"zona";-0,583;13,657;3
25576;"1312403003";"zona";-0,583;13,657;3
25079;"1312403004";"zona";-0,668;11,297;2
12242;"1312403004";"zona";-0,668;11,297;2
25397;"1312404001";"zona";-0,799;7,64;1
25390;"1312404001";"zona";-0,799;7,64;1
10102;"1312404002";"zona";-0,766;8,553;1
12778;"1312404002";"zona";-0,766;8,553;1
10080;"1312404004";"zona";-0,719;9,866;1
24875;"1312404005";"zona";-0,716;9,95;1
24424;"1312404005";"zona";-0,716;9,95;1
10123;"1312405001";"zona";-0,759;8,754;1
10167;"1312405003";"zona";-0,719;9,862;1
10081;"1312405003";"zona";-0,719;9,862;1
31429;"1312405003";"zona";-0,719;9,862;1
41241;"1312406001";"zona";-0,773;8,357;1
20455;"1312406001";"zona";-0,773;8,357;1
26452;"1312406002";"zona";-0,859;5,948;1
31424;"1312406002";"zona";-0,859;5,948;1
26130;"1312406004";"zona";-0,856;6,032;1
25208;"1312406007";"zona";-0,824;6,934;1
24790;"1312406007";"zona";-0,824;6,934;1
25294;"1312406008";"zona";-0,876;5,497;1
25496;"1312406009";"zona";-0,857;6,024;1
25047;"1312406009";"zona";-0,857;6,024;1
26365;"1312406010";"zona";-0,878;5,431;1
24889;"1312406011";"zona";-0,855;6,065;1
26260;"1312406013";"zona";-0,868;5,706;1
25895;"1312406014";"zona";-0,857;6,006;1
24809;"1312406015";"zona";-0,866;5,764;1
24961;"1312406015";"zona";-0,866;5,764;1
25215;"1312406015";"zona";-0,866;5,764;1
24966;"1312406019";"zona";-0,84;6,484;1
25315;"1312406021";"zona";-0,866;5,749;1
26046;"1312407001";"zona";-0,779;8,199;1
16921;"1312407002";"zona";-0,799;7,625;1
41298;"1312407002";"zona";-0,799;7,625;1
41838;"1312407002";"zona";-0,799;7,625;1
10113;"1312409001";"zona";-0,703;10,309;2
25583;"1312409002";"zona";-0,752;8,944;1
24412;"1312409004";"zona";-0,788;7,952;1
12122;"1312409005";"zona";-0,745;9,155;1
10090;"1312410003";"zona";-0,743;9,209;1
25593;"1312501001";"zona";-0,708;10,184;2
41907;"1312501001";"zona";-0,708;10,184;2
24881;"1312501001";"zona";-0,708;10,184;2
41680;"1312501001";"zona";-0,708;10,184;2
25542;"1312501002";"zona";-0,767;8,528;1
20458;"1312501004";"zona";-0,742;9,233;1
25317;"1312501006";"zona";-0,766;8,546;1
41749;"1312501006";"zona";-0,766;8,546;1
26083;"1312501006";"zona";-0,766;8,546;1
25487;"1312501007";"zona";-0,723;9,764;1
25797;"1312501007";"zona";-0,723;9,764;1
25387;"1312502001";"zona";-0,81;7,323;1
25030;"1312502001";"zona";-0,81;7,323;1
25929;"1312502002";"zona";-0,805;7,477;1
25194;"1312502002";"zona";-0,805;7,477;1
25235;"1312502002";"zona";-0,805;7,477;1
10241;"1312502003";"zona";-0,453;17,297;3
25733;"1312502004";"zona";-0,849;6,228;1
25969;"1312502004";"zona";-0,849;6,228;1
25599;"1312502007";"zona";-0,845;6,351;1
8645;"1312502010";"zona";-0,891;5,056;1
26490;"1312502015";"zona";-0,877;5,447;1
25988;"1312502018";"zona";-0,538;14,912;3
24999;"1312502019";"zona";-0,756;8,837;1
25182;"1312503001";"zona";0,516;44,361;4
10247;"1312504001";"zona";-0,68;10,961;2
10246;"1312504001";"zona";-0,68;10,961;2
25792;"1312504001";"zona";-0,68;10,961;2
10239;"1312504001";"zona";-0,68;10,961;2
10386;"1312504001";"zona";-0,68;10,961;2
25117;"1312504001";"zona";-0,68;10,961;2
12117;"1312504001";"zona";-0,68;10,961;2
31299;"1312504001";"zona";-0,68;10,961;2
26357;"1312504001";"zona";-0,68;10,961;2
26310;"1312504001";"zona";-0,68;10,961;2
25225;"1312504001";"zona";-0,68;10,961;2
31083;"1312504001";"zona";-0,68;10,961;2
31285;"1312504002";"zona";-0,825;6,91;1
25386;"1312504002";"zona";-0,825;6,91;1
31173;"1312504002";"zona";-0,825;6,91;1
41823;"1312504002";"zona";-0,825;6,91;1
24520;"1312504003";"zona";-0,805;7,454;1
10240;"1312504003";"zona";-0,805;7,454;1
25109;"1312504003";"zona";-0,805;7,454;1
25961;"1312504005";"zona";-0,855;6,072;1
26168;"1312504005";"zona";-0,855;6,072;1
20323;"1312504005";"zona";-0,855;6,072;1
26396;"1312504005";"zona";-0,855;6,072;1
25788;"1312504005";"zona";-0,855;6,072;1
25853;"1312504006";"zona";-0,794;7,771;1
41143;"1312504006";"zona";-0,794;7,771;1
26033;"1312504006";"zona";-0,794;7,771;1
26272;"1312504008";"zona";-0,812;7,269;1
26110;"1312504009";"zona";-0,893;5,023;1
24769;"1312504009";"zona";-0,893;5,023;1
31436;"1312504011";"zona";-0,821;7,017;1
25829;"1312504012";"zona";-0,823;6,954;1
31251;"1312504012";"zona";-0,823;6,954;1
41699;"1312504013";"zona";-0,756;8,823;1
31378;"1312504013";"zona";-0,756;8,823;1
25349;"1312504015";"zona";-0,796;7,706;1
41296;"1312504015";"zona";-0,796;7,706;1
10245;"1312504015";"zona";-0,796;7,706;1
31046;"1312504015";"zona";-0,796;7,706;1
25786;"1312504015";"zona";-0,796;7,706;1
12241;"1312601001";"zona";-0,687;10,766;2
9986;"1312601001";"zona";-0,687;10,766;2
9998;"1312601001";"zona";-0,687;10,766;2
10056;"1312601001";"zona";-0,687;10,766;2
9992;"1312601001";"zona";-0,687;10,766;2
11831;"1312601002";"zona";-0,667;11,319;2
31140;"1312601002";"zona";-0,667;11,319;2
10005;"1312601002";"zona";-0,667;11,319;2
25912;"1312601002";"zona";-0,667;11,319;2
10028;"1312601003";"zona";-0,614;12,809;2
9987;"1312602001";"zona";-0,667;11,315;2
26531;"1312602001";"zona";-0,667;11,315;2
25566;"1312602001";"zona";-0,667;11,315;2
10021;"1312602003";"zona";-0,724;9,716;1
26520;"1312602003";"zona";-0,724;9,716;1
31291;"1312602003";"zona";-0,724;9,716;1
10042;"1312602004";"zona";-0,747;9,073;1
31149;"1312602004";"zona";-0,747;9,073;1
8508;"1312603001";"zona";-0,936;3,815;1
8511;"1312603001";"zona";-0,936;3,815;1
8564;"1312603001";"zona";-0,936;3,815;1
25508;"1312603002";"zona";-0,787;7,979;1
8629;"1312603002";"zona";-0,787;7,979;1
10032;"1312604002";"zona";-0,787;7,969;1
10069;"1312605001";"zona";-0,728;9,613;1
25906;"1312605001";"zona";-0,728;9,613;1
9993;"1312605001";"zona";-0,728;9,613;1
25636;"1312605001";"zona";-0,728;9,613;1
10044;"1312605002";"zona";-0,733;9,479;1
10046;"1312605002";"zona";-0,733;9,479;1
10006;"1312605002";"zona";-0,733;9,479;1
10014;"1312605002";"zona";-0,733;9,479;1
25403;"1312605002";"zona";-0,733;9,479;1
10073;"1312605002";"zona";-0,733;9,479;1
9985;"1312605002";"zona";-0,733;9,479;1
25451;"1312605002";"zona";-0,733;9,479;1
10023;"1312605002";"zona";-0,733;9,479;1
31250;"1312606001";"zona";-0,733;9,464;1
25092;"1312606001";"zona";-0,733;9,464;1
10001;"1312606001";"zona";-0,733;9,464;1
26352;"1312606002";"zona";-0,714;10,005;2
25036;"1312606002";"zona";-0,714;10,005;2
24755;"1312606003";"zona";-0,705;10,245;2
10036;"1312607001";"zona";-0,662;11,464;2
9995;"1312607001";"zona";-0,662;11,464;2
25381;"1312607001";"zona";-0,662;11,464;2
26172;"1312607001";"zona";-0,662;11,464;2
25516;"1312607001";"zona";-0,662;11,464;2
9991;"1312607001";"zona";-0,662;11,464;2
9994;"1312607001";"zona";-0,662;11,464;2
9982;"1312607001";"zona";-0,662;11,464;2
10030;"1312607001";"zona";-0,662;11,464;2
25458;"1312607001";"zona";-0,662;11,464;2
10018;"1312607002";"zona";-0,678;11,022;2
10035;"1312607002";"zona";-0,678;11,022;2
26484;"1312607002";"zona";-0,678;11,022;2
41077;"1312608001";"zona";-0,709;10,134;2
10041;"1312608001";"zona";-0,709;10,134;2
10064;"1312608001";"zona";-0,709;10,134;2
9999;"1312608002";"zona";-0,777;8,254;1
10000;"1312608003";"zona";-0,65;11,789;2
31170;"1312608003";"zona";-0,65;11,789;2
25394;"1312608003";"zona";-0,65;11,789;2
25856;"1312608003";"zona";-0,65;11,789;2
10015;"1312608003";"zona";-0,65;11,789;2
10012;"1312609001";"zona";-0,707;10,202;2
10063;"1312609002";"zona";-0,733;9,486;1
20511;"1312609002";"zona";-0,733;9,486;1
25236;"1312609003";"zona";-0,686;10,779;2
9996;"1312609003";"zona";-0,686;10,779;2
8494;"1312701002";"zona";-0,662;11,461;2
8546;"1312701002";"zona";-0,662;11,461;2
31494;"1312701002";"zona";-0,662;11,461;2
8510;"1312701002";"zona";-0,662;11,461;2
8813;"1312701002";"zona";-0,662;11,461;2
8682;"1312701002";"zona";-0,662;11,461;2
8502;"1312702002";"zona";-0,765;8,596;1
26420;"1312702002";"zona";-0,765;8,596;1
11761;"1312702002";"zona";-0,765;8,596;1
8800;"1312702002";"zona";-0,765;8,596;1
41558;"1312702003";"zona";-0,787;7,978;1
8750;"1312702003";"zona";-0,787;7,978;1
41142;"1312702003";"zona";-0,787;7,978;1
8553;"1312702003";"zona";-0,787;7,978;1
25138;"1312703001";"zona";-0,573;13,956;3
8632;"1312703001";"zona";-0,573;13,956;3
8725;"1312703001";"zona";-0,573;13,956;3
10309;"1312703001";"zona";-0,573;13,956;3
10313;"1312703001";"zona";-0,573;13,956;3
20510;"1312703001";"zona";-0,573;13,956;3
8650;"1312703002";"zona";-0,508;15,757;3
26004;"1312703002";"zona";-0,508;15,757;3
8706;"1312703002";"zona";-0,508;15,757;3
26022;"1312703002";"zona";-0,508;15,757;3
11965;"1312704001";"zona";-0,733;9,487;1
10257;"1312704002";"zona";-0,761;8,699;1
24738;"1312704003";"zona";-0,711;10,079;2
24742;"1312704003";"zona";-0,711;10,079;2
24739;"1312704003";"zona";-0,711;10,079;2
26264;"1312704004";"zona";-0,706;10,24;2
10254;"1312705002";"zona";-0,706;10,219;2
10267;"1312705002";"zona";-0,706;10,219;2
25125;"1312706001";"zona";-0,796;7,711;1
25663;"1312706002";"zona";-0,744;9,16;1
10353;"1312706002";"zona";-0,744;9,16;1
10262;"1312706003";"zona";-0,643;11,987;2
10333;"1312706003";"zona";-0,643;11,987;2
41344;"1312706003";"zona";-0,643;11,987;2
25546;"1312706005";"zona";-0,693;10,58;2
10306;"1312706006";"zona";-0,707;10,204;2
10268;"1312707001";"zona";-0,687;10,747;2
10291;"1312707002";"zona";-0,778;8,233;1
10255;"1312707003";"zona";-0,763;8,642;1
10363;"1312707004";"zona";-0,727;9,631;1
8714;"1312708001";"zona";-0,651;11,76;2
26309;"1312708001";"zona";-0,651;11,76;2
10345;"1312708001";"zona";-0,651;11,76;2
8614;"1312708002";"zona";-0,623;12,556;2
8699;"1312708003";"zona";-0,667;11,308;2
26299;"1312708003";"zona";-0,667;11,308;2
25572;"1312709002";"zona";-0,596;13,308;3
10300;"1312709002";"zona";-0,596;13,308;3
10248;"1312709002";"zona";-0,596;13,308;3
10307;"1312709002";"zona";-0,596;13,308;3
25582;"1312709002";"zona";-0,596;13,308;3
10302;"1312709003";"zona";-0,605;13,051;3
20440;"1312710001";"zona";-0,483;16,462;3
8636;"1312710001";"zona";-0,483;16,462;3
10338;"1312711001";"zona";-0,77;8,434;1
10397;"1312711003";"zona";-0,736;9,396;1
10352;"1312711004";"zona";-0,812;7,269;1
10326;"1312711005";"zona";-0,803;7,527;1
25414;"1312711005";"zona";-0,803;7,527;1
10396;"1312711005";"zona";-0,803;7,527;1
10320;"1312712001";"zona";-0,742;9,232;1
10364;"1312712001";"zona";-0,742;9,232;1
10384;"1312712002";"zona";-0,712;10,07;2
10270;"1312712003";"zona";-0,745;9,134;1
24423;"1312712003";"zona";-0,745;9,134;1
25596;"1312713001";"zona";-0,512;15,658;3
10252;"1312713002";"zona";-0,573;13,948;3
24454;"1312713003";"zona";-0,717;9,931;1
10331;"1312713003";"zona";-0,717;9,931;1
24612;"1312801001";"zona";-0,686;10,797;2
10233;"1312801001";"zona";-0,686;10,797;2
10219;"1312801001";"zona";-0,686;10,797;2
31037;"1312801001";"zona";-0,686;10,797;2
12115;"1312801002";"zona";-0,692;10,634;2
11926;"1312801002";"zona";-0,692;10,634;2
10234;"1312801002";"zona";-0,692;10,634;2
24828;"1312801003";"zona";-0,702;10,348;2
25303;"1312801003";"zona";-0,702;10,348;2
26521;"1312801003";"zona";-0,702;10,348;2
10228;"1312801003";"zona";-0,702;10,348;2
10200;"1312801003";"zona";-0,702;10,348;2
26061;"1312801003";"zona";-0,702;10,348;2
26523;"1312801003";"zona";-0,702;10,348;2
10202;"1312801003";"zona";-0,702;10,348;2
16956;"1312802003";"zona";-0,694;10,554;2
10201;"1312802004";"zona";-0,7;10,39;2
10210;"1312802006";"zona";-0,737;9,356;1
10196;"1312803001";"zona";-0,698;10,441;2
10235;"1312803002";"zona";-0,631;12,334;2
10221;"1312803002";"zona";-0,631;12,334;2
10232;"1312803002";"zona";-0,631;12,334;2
10205;"1312804002";"zona";-0,634;12,231;2
10212;"1312804003";"zona";-0,583;13,651;3
24482;"1312805001";"zona";-0,672;11,171;2
25085;"1312806001";"zona";-0,678;11,018;2
10225;"1312806002";"zona";-0,762;8,665;1
10197;"1312806002";"zona";-0,762;8,665;1
10226;"1312806003";"zona";-0,687;10,75;2
10204;"1312806003";"zona";-0,687;10,75;2
26216;"1312806003";"zona";-0,687;10,75;2
25219;"1312806003";"zona";-0,687;10,75;2
26246;"1312807001";"zona";-0,703;10,308;2
25639;"1312807001";"zona";-0,703;10,308;2
26219;"1312807001";"zona";-0,703;10,308;2
20456;"1312807001";"zona";-0,703;10,308;2
10207;"1312807001";"zona";-0,703;10,308;2
10216;"1312807001";"zona";-0,703;10,308;2
26532;"1312807003";"zona";-0,75;8,999;1
26360;"1312807003";"zona";-0,75;8,999;1
26391;"1312807004";"zona";-0,669;11,254;2
31153;"1312807005";"zona";-0,545;14,732;3
26084;"1312807006";"zona";-0,789;7,908;1
25362;"1312807006";"zona";-0,789;7,908;1
12113;"1312807006";"zona";-0,789;7,908;1
16957;"1312807008";"zona";-0,884;5,262;1
20436;"1312807009";"zona";-0,446;17,476;3
24498;"1312808001";"zona";-0,528;15,195;3
24812;"1312808002";"zona";-0,543;14,769;3
31072;"1312808002";"zona";-0,543;14,769;3
10217;"1312808002";"zona";-0,543;14,769;3
10229;"1312808003";"zona";-0,742;9,215;1
25436;"1312808004";"zona";-0,809;7,349;1
26441;"1312808004";"zona";-0,809;7,349;1
25217;"1312809002";"zona";-0,742;9,227;1
24623;"1312809004";"zona";-0,803;7,508;1
12243;"1312810002";"zona";-0,729;9,595;1
12273;"1312810004";"zona";-0,71;10,119;2
9430;"1312901001";"zona";-0,721;9,799;1
31184;"1312901002";"zona";-0,652;11,73;2
25638;"1312901002";"zona";-0,652;11,73;2
9500;"1312901003";"zona";-0,837;6,563;1
31053;"1312901004";"zona";-0,666;11,339;2
25784;"1312902001";"zona";-0,71;10,129;2
9414;"1312902002";"zona";-0,82;7,038;1
9183;"1312902002";"zona";-0,82;7,038;1
9486;"1312902004";"zona";-0,771;8,428;1
9421;"1312902004";"zona";-0,771;8,428;1
25900;"1312903001";"zona";-0,748;9,06;1
25400;"1312903001";"zona";-0,748;9,06;1
9536;"1312903002";"zona";-0,764;8,614;1
11811;"1312903002";"zona";-0,764;8,614;1
11814;"1312903003";"zona";-0,731;9,533;1
9424;"1312903004";"zona";-0,716;9,956;1
26348;"1312904002";"zona";-0,701;10,375;2
11870;"1312904003";"zona";-0,72;9,838;1
25622;"1312904003";"zona";-0,72;9,838;1
25776;"1312905003";"zona";-0,731;9,529;1
26032;"1312905003";"zona";-0,731;9,529;1
9467;"1312905003";"zona";-0,731;9,529;1
26242;"1312905003";"zona";-0,731;9,529;1
9572;"1312905003";"zona";-0,731;9,529;1
26480;"1312905004";"zona";-0,729;9,583;1
9457;"1312905004";"zona";-0,729;9,583;1
9547;"1312906001";"zona";-0,693;10,583;2
11909;"1312906001";"zona";-0,693;10,583;2
9502;"1312906001";"zona";-0,693;10,583;2
26276;"1312906002";"zona";-0,699;10,438;2
9579;"1312906002";"zona";-0,699;10,438;2
9533;"1312906002";"zona";-0,699;10,438;2
25284;"1312906003";"zona";-0,776;8,286;1
9411;"1312906003";"zona";-0,776;8,286;1
9429;"1312906003";"zona";-0,776;8,286;1
11921;"1312906003";"zona";-0,776;8,286;1
12108;"1312906003";"zona";-0,776;8,286;1
25783;"1312907001";"zona";-0,676;11,081;2
9026;"1312907001";"zona";-0,676;11,081;2
9408;"1312907001";"zona";-0,676;11,081;2
9507;"1312907002";"zona";-0,656;11,616;2
9437;"1312907003";"zona";-0,686;10,778;2
25131;"1313001001";"zona";-0,824;6,926;1
9474;"1313001002";"zona";-0,881;5,335;1
9570;"1313001002";"zona";-0,881;5,335;1
31505;"1313001002";"zona";-0,881;5,335;1
42195;"1313001002";"zona";-0,881;5,335;1
9409;"1313001002";"zona";-0,881;5,335;1
11813;"1313001002";"zona";-0,881;5,335;1
9564;"1313001002";"zona";-0,881;5,335;1
41807;"1313001002";"zona";-0,881;5,335;1
9484;"1313002001";"zona";-0,926;4,075;1
31249;"1313002002";"zona";-0,757;8,806;1
9490;"1313002002";"zona";-0,757;8,806;1
9504;"1313002002";"zona";-0,757;8,806;1
9461;"1313002003";"zona";-0,757;8,816;1
11906;"1313002003";"zona";-0,757;8,816;1
9581;"1313002003";"zona";-0,757;8,816;1
42015;"1313002003";"zona";-0,757;8,816;1
24625;"1313002003";"zona";-0,757;8,816;1
11812;"1313003001";"zona";-0,883;5,283;1
25264;"1313003001";"zona";-0,883;5,283;1
9433;"1313003001";"zona";-0,883;5,283;1
25718;"1313003001";"zona";-0,883;5,283;1
9519;"1313003001";"zona";-0,883;5,283;1
9539;"1313003002";"zona";-0,791;7,861;1
9473;"1313003003";"zona";-0,82;7,05;1
9553;"1313003003";"zona";-0,82;7,05;1
25798;"1313003003";"zona";-0,82;7,05;1
26062;"1313003003";"zona";-0,82;7,05;1
9511;"1313004001";"zona";-0,936;3,797;1
41158;"1313004001";"zona";-0,936;3,797;1
25874;"1313004001";"zona";-0,936;3,797;1
9472;"1313004001";"zona";-0,936;3,797;1
41818;"1313004002";"zona";-0,924;4,144;1
25894;"1313004003";"zona";-0,813;7,255;1
41295;"1313004003";"zona";-0,813;7,255;1
9485;"1313004003";"zona";-0,813;7,255;1
16878;"1313004004";"zona";-0,8;7,613;1
25497;"1313004004";"zona";-0,8;7,613;1
9415;"1313004004";"zona";-0,8;7,613;1
9487;"1313005002";"zona";-0,887;5,19;1
26502;"1313005002";"zona";-0,887;5,19;1
16820;"1313005002";"zona";-0,887;5,19;1
25675;"1313005002";"zona";-0,887;5,19;1
26066;"1313005002";"zona";-0,887;5,19;1
25632;"1313005002";"zona";-0,887;5,19;1
9431;"1313005003";"zona";-0,884;5,27;1
9527;"1313005004";"zona";-0,92;4,261;1
25941;"1313005004";"zona";-0,92;4,261;1
41335;"1313005004";"zona";-0,92;4,261;1
25878;"1313005004";"zona";-0,92;4,261;1
32139;"1313005004";"zona";-0,92;4,261;1
41821;"1313005004";"zona";-0,92;4,261;1
9509;"1313006001";"zona";-0,843;6,409;1
24782;"1313006001";"zona";-0,843;6,409;1
9426;"1313006002";"zona";-0,801;7,588;1
25211;"1313006002";"zona";-0,801;7,588;1
9405;"1313006002";"zona";-0,801;7,588;1
25209;"1313006002";"zona";-0,801;7,588;1
31165;"1313006002";"zona";-0,801;7,588;1
9407;"1313006002";"zona";-0,801;7,588;1
42274;"1313006003";"zona";-0,943;3,619;1
25832;"1313006003";"zona";-0,943;3,619;1
41794;"1313006003";"zona";-0,943;3,619;1
25115;"1313006003";"zona";-0,943;3,619;1
9444;"1313006003";"zona";-0,943;3,619;1
9406;"1313006003";"zona";-0,943;3,619;1
9460;"1313006003";"zona";-0,943;3,619;1
41456;"1313006004";"zona";-0,918;4,313;1
41650;"1313006004";"zona";-0,918;4,313;1
9520;"1313007002";"zona";-0,662;11,457;2
9489;"1313007002";"zona";-0,662;11,457;2
9528;"1313007002";"zona";-0,662;11,457;2
9413;"1313007002";"zona";-0,662;11,457;2
31439;"1313007003";"zona";-0,905;4,662;1
25688;"1313101001";"zona";-0,564;14,188;3
9608;"1313101001";"zona";-0,564;14,188;3
9674;"1313101001";"zona";-0,564;14,188;3
9659;"1313101001";"zona";-0,564;14,188;3
24400;"1313101001";"zona";-0,564;14,188;3
26227;"1313101002";"zona";-0,695;10,533;2
9646;"1313101004";"zona";-0,685;10,803;2
9592;"1313101004";"zona";-0,685;10,803;2
9667;"1313102001";"zona";-0,53;15,153;3
9639;"1313102001";"zona";-0,53;15,153;3
9663;"1313102001";"zona";-0,53;15,153;3
9648;"1313102001";"zona";-0,53;15,153;3
9669;"1313102001";"zona";-0,53;15,153;3
9654;"1313102001";"zona";-0,53;15,153;3
31330;"1313102002";"zona";-0,668;11,298;2
11809;"1313102002";"zona";-0,668;11,298;2
9586;"1313102002";"zona";-0,668;11,298;2
12143;"1313103001";"zona";-0,657;11,596;2
16812;"1313103001";"zona";-0,657;11,596;2
9599;"1313103002";"zona";-0,686;10,79;2
9593;"1313103002";"zona";-0,686;10,79;2
9584;"1313103002";"zona";-0,686;10,79;2
9611;"1313104002";"zona";-0,645;11,921;2
9625;"1313104003";"zona";-0,713;10,037;2
9614;"1313105001";"zona";-0,616;12,746;2
9673;"1313105002";"zona";-0,665;11,373;2
9629;"1313105003";"zona";-0,654;11,691;2
25014;"1313105003";"zona";-0,654;11,691;2
9601;"1313105003";"zona";-0,654;11,691;2
9660;"1313106001";"zona";-0,641;12,037;2
25787;"1313106001";"zona";-0,641;12,037;2
31365;"1313106002";"zona";-0,675;11,104;2
11806;"1313106002";"zona";-0,675;11,104;2
25417;"1313107002";"zona";-0,671;11,208;2
9631;"1313107002";"zona";-0,671;11,208;2
9647;"1313107002";"zona";-0,671;11,208;2
9600;"1313107003";"zona";-0,684;10,847;2
20631;"1313107004";"zona";-0,706;10,24;2
8904;"1313201001";"zona";-0,671;11,204;2
32068;"1313201003";"zona";-0,754;8,89;1
41162;"1313201003";"zona";-0,754;8,89;1
8846;"1313201004";"zona";-0,883;5,28;1
42106;"1313202002";"zona";-0,893;5,022;1
8894;"1313202003";"zona";-0,747;9,085;1
42193;"1313202003";"zona";-0,747;9,085;1
8905;"1313202003";"zona";-0,747;9,085;1
8909;"1313202003";"zona";-0,747;9,085;1
8923;"1313202004";"zona";-0,774;8,337;1
8833;"1313202005";"zona";-0,741;9,263;1
8919;"1313202005";"zona";-0,741;9,263;1
26418;"1313203001";"zona";-0,522;15,381;3
8906;"1313203002";"zona";-0,523;15,339;3
8953;"1313203002";"zona";-0,523;15,339;3
8972;"1313203002";"zona";-0,523;15,339;3
12094;"1313204001";"zona";-0,825;6,913;1
41756;"1313204001";"zona";-0,825;6,913;1
8862;"1313204003";"zona";-0,749;9,022;1
8871;"1313204003";"zona";-0,749;9,022;1
8877;"1313204004";"zona";-0,819;7,089;1
25768;"1313204005";"zona";-0,676;11,057;2
24642;"1313205001";"zona";-0,736;9,384;1
20471;"1313205001";"zona";-0,736;9,384;1
8825;"1313205002";"zona";-0,751;8,973;1
8821;"1313205003";"zona";-0,746;9,106;1
25190;"1313205003";"zona";-0,746;9,106;1
10493;"1320101002";"zona";-0,585;13,602;3
25084;"1320101002";"zona";-0,585;13,602;3
10449;"1320101002";"zona";-0,585;13,602;3
10480;"1320101002";"zona";-0,585;13,602;3
25094;"1320101002";"zona";-0,585;13,602;3
10491;"1320101003";"zona";-0,6;13,184;3
24916;"1320101003";"zona";-0,6;13,184;3
26333;"1320101003";"zona";-0,6;13,184;3
12237;"1320101003";"zona";-0,6;13,184;3
31388;"1320101003";"zona";-0,6;13,184;3
10450;"1320101003";"zona";-0,6;13,184;3
41460;"1320101003";"zona";-0,6;13,184;3
10478;"1320101003";"zona";-0,6;13,184;3
10513;"1320101003";"zona";-0,6;13,184;3
20493;"1320101004";"zona";-0,737;9,376;1
25571;"1320101004";"zona";-0,737;9,376;1
26334;"1320101004";"zona";-0,737;9,376;1
26373;"1320101004";"zona";-0,737;9,376;1
10462;"1320101004";"zona";-0,737;9,376;1
10492;"1320101005";"zona";-0,616;12,743;2
10482;"1320101005";"zona";-0,616;12,743;2
26388;"1320101005";"zona";-0,616;12,743;2
11928;"1320101005";"zona";-0,616;12,743;2
26101;"1320101005";"zona";-0,616;12,743;2
25475;"1320101006";"zona";-0,779;8,204;1
25646;"1320102001";"zona";-0,813;7,243;1
26188;"1320102001";"zona";-0,813;7,243;1
25740;"1320102003";"zona";-0,369;19,642;4
24442;"1320102003";"zona";-0,369;19,642;4
25621;"1320102004";"zona";-0,75;9,003;1
26211;"1320102004";"zona";-0,75;9,003;1
10470;"1320102005";"zona";-0,706;10,244;2
25640;"1320102006";"zona";-0,629;12,38;2
16834;"1320102007";"zona";-0,833;6,675;1
42103;"1320102008";"zona";-0,822;6,993;1
26485;"1320102008";"zona";-0,822;6,993;1
31289;"1320102008";"zona";-0,822;6,993;1
25071;"1320102008";"zona";-0,822;6,993;1
26479;"1320102009";"zona";-0,815;7,19;1
31327;"1320103003";"zona";-0,764;8,602;1
42038;"1320103003";"zona";-0,764;8,602;1
20317;"1320103005";"zona";-0,736;9,392;1
31421;"1320103006";"zona";-0,722;9,783;1
10472;"1320103006";"zona";-0,722;9,783;1
25216;"1320103006";"zona";-0,722;9,783;1
31500;"1320103006";"zona";-0,722;9,783;1
10495;"1320103007";"zona";-0,398;18,843;4
24988;"1320103009";"zona";-0,577;13,82;3
24491;"1320103009";"zona";-0,577;13,82;3
25641;"1320104001";"zona";-0,496;16,104;3
10460;"1320104001";"zona";-0,496;16,104;3
31069;"1320104001";"zona";-0,496;16,104;3
24892;"1320104001";"zona";-0,496;16,104;3
26386;"1320104002";"zona";-0,699;10,434;2
26397;"1320104002";"zona";-0,699;10,434;2
26088;"1320104003";"zona";-0,785;8,037;1
26478;"1320104003";"zona";-0,785;8,037;1
31333;"1320104003";"zona";-0,785;8,037;1
25618;"1320104003";"zona";-0,785;8,037;1
10461;"1320104004";"zona";-0,68;10,953;2
25282;"1320104005";"zona";-0,867;5,725;1
25043;"1320105002";"zona";-0,808;7,385;1
25615;"1320105006";"zona";-0,812;7,261;1
24980;"1320105006";"zona";-0,812;7,261;1
25222;"1320105006";"zona";-0,812;7,261;1
24935;"1320105006";"zona";-0,812;7,261;1
12076;"1320105006";"zona";-0,812;7,261;1
26151;"1320105006";"zona";-0,812;7,261;1
16808;"1320105007";"zona";-0,741;9,264;1
25523;"1320105007";"zona";-0,741;9,264;1
31337;"1320105008";"zona";-0,805;7,479;1
25556;"1320105009";"zona";-0,723;9,751;1
25540;"1320105011";"zona";-0,824;6,938;1
25735;"1320106001";"zona";-0,52;15,437;3
41859;"1320106001";"zona";-0,52;15,437;3
20298;"1320106001";"zona";-0,52;15,437;3
25136;"1320106001";"zona";-0,52;15,437;3
24978;"1320106001";"zona";-0,52;15,437;3
25750;"1320106002";"zona";-0,801;7,582;1
26163;"1320106003";"zona";-0,717;9,926;1
10465;"1320106003";"zona";-0,717;9,926;1
24893;"1320106004";"zona";-0,803;7,526;1
10500;"1320107001";"zona";-0,756;8,842;1
25936;"1320107005";"zona";-0,834;6,655;1
25062;"1320107006";"zona";-0,834;6,644;1
25162;"1320107006";"zona";-0,834;6,644;1
42284;"1320107007";"zona";-0,786;8,01;1
25389;"1320107007";"zona";-0,786;8,01;1
25002;"1320107008";"zona";-0,797;7,68;1
16953;"1320108001";"zona";-0,698;10,454;2
10505;"1320108001";"zona";-0,698;10,454;2
24894;"1320108001";"zona";-0,698;10,454;2
10474;"1320108001";"zona";-0,698;10,454;2
25753;"1320108001";"zona";-0,698;10,454;2
24648;"1320108001";"zona";-0,698;10,454;2
25801;"1320108001";"zona";-0,698;10,454;2
10501;"1320108001";"zona";-0,698;10,454;2
26174;"1320108002";"zona";-0,837;6,576;1
26187;"1320108002";"zona";-0,837;6,576;1
25223;"1320108003";"zona";-0,83;6,771;1
26054;"1320108003";"zona";-0,83;6,771;1
26338;"1320108003";"zona";-0,83;6,771;1
25050;"1320108003";"zona";-0,83;6,771;1
25070;"1320108005";"zona";-0,768;8,49;1
31049;"1320108005";"zona";-0,768;8,49;1
10515;"1320108006";"zona";-0,897;4,89;1
26415;"1320108007";"zona";-0,849;6,251;1
25218;"1320108008";"zona";-0,871;5,61;1
25210;"1320109001";"zona";-0,755;8,871;1
26141;"1320109004";"zona";-0,82;7,058;1
25059;"1320109004";"zona";-0,82;7,058;1
26541;"1320110002";"zona";-0,858;5,989;1
12244;"1320110004";"zona";-0,855;6,062;1
25507;"1320111002";"zona";-0,819;7,064;1
11878;"1320111003";"zona";-0,852;6,152;1
24438;"1320112002";"zona";-0,855;6,077;1
24987;"1320112002";"zona";-0,855;6,077;1
12077;"1320112003";"zona";-0,865;5,787;1
42244;"1320112005";"zona";-0,82;7,057;1
24977;"1320112005";"zona";-0,82;7,057;1
26256;"1320112005";"zona";-0,82;7,057;1
26212;"1320112005";"zona";-0,82;7,057;1
10458;"1320113001";"zona";-0,684;10,851;2
10457;"1320113002";"zona";-0,703;10,309;2
26429;"1320113002";"zona";-0,703;10,309;2
35904;"1320113002";"zona";-0,703;10,309;2
31435;"1320113002";"zona";-0,703;10,309;2
10456;"1320113004";"zona";-0,644;11,954;2
25534;"1320113004";"zona";-0,644;11,954;2
25909;"1320113004";"zona";-0,644;11,954;2
26513;"1320113004";"zona";-0,644;11,954;2
25061;"1320113005";"zona";-0,749;9,039;1
31138;"1320114001";"zona";-0,682;10,913;2
10464;"1320114002";"zona";-0,683;10,866;2
25876;"1320114002";"zona";-0,683;10,866;2
31179;"1320114003";"zona";-0,83;6,781;1
25613;"1320114003";"zona";-0,83;6,781;1
31141;"1320114004";"zona";-0,526;15,269;3
25799;"1320114004";"zona";-0,526;15,269;3
10455;"1320114004";"zona";-0,526;15,269;3
26518;"1320114004";"zona";-0,526;15,269;3
26114;"1320114004";"zona";-0,526;15,269;3
31078;"1320114004";"zona";-0,526;15,269;3
25330;"1320114004";"zona";-0,526;15,269;3
31080;"1320114004";"zona";-0,526;15,269;3
26477;"1320114004";"zona";-0,526;15,269;3
24995;"1320114004";"zona";-0,526;15,269;3
25201;"1320114004";"zona";-0,526;15,269;3
10473;"1320114006";"zona";-0,824;6,945;1
24713;"1320115001";"zona";-0,789;7,906;1
26381;"1320115001";"zona";-0,789;7,906;1
25558;"1320115001";"zona";-0,789;7,906;1
26115;"1320115001";"zona";-0,789;7,906;1
25166;"1320115001";"zona";-0,789;7,906;1
25653;"1320115001";"zona";-0,789;7,906;1
10459;"1320115002";"zona";-0,727;9,636;1
10479;"1320115002";"zona";-0,727;9,636;1
20480;"1320115002";"zona";-0,727;9,636;1
31263;"1320115002";"zona";-0,727;9,636;1
26428;"1320115002";"zona";-0,727;9,636;1
41152;"1320115002";"zona";-0,727;9,636;1
10452;"1320115003";"zona";-0,675;11,109;2
10489;"1320115003";"zona";-0,675;11,109;2
10476;"1320115003";"zona";-0,675;11,109;2
10453;"1320115003";"zona";-0,675;11,109;2
10484;"1320115003";"zona";-0,675;11,109;2
10487;"1320115003";"zona";-0,675;11,109;2
31427;"1320115003";"zona";-0,675;11,109;2
10512;"1320115003";"zona";-0,675;11,109;2
26529;"1320115003";"zona";-0,675;11,109;2
10488;"1320115003";"zona";-0,675;11,109;2
25781;"1320116001";"zona";-0,723;9,756;1
25860;"1320116002";"zona";-0,685;10,806;2
26165;"1320116003";"zona";-0,781;8,128;1
10475;"1320116003";"zona";-0,781;8,128;1
12121;"1320116003";"zona";-0,781;8,128;1
25459;"1320116007";"zona";-0,797;7,699;1
10506;"1320116007";"zona";-0,797;7,699;1
24878;"1320116008";"zona";-0,795;7,752;1
25736;"1320116008";"zona";-0,795;7,752;1
24410;"1320117002";"zona";-0,841;6,473;1
26058;"1320117003";"zona";-0,852;6,147;1
26166;"1320117003";"zona";-0,852;6,147;1
25171;"1320117004";"zona";-0,837;6,582;1
10503;"1320117006";"zona";-0,769;8,465;1
10496;"1320117006";"zona";-0,769;8,465;1
26097;"1320117006";"zona";-0,769;8,465;1
16994;"1320117006";"zona";-0,769;8,465;1
10507;"1320117006";"zona";-0,769;8,465;1
42167;"1320117006";"zona";-0,769;8,465;1
10502;"1320117006";"zona";-0,769;8,465;1
10497;"1320117006";"zona";-0,769;8,465;1
25999;"1320117007";"zona";-0,856;6,048;1
26421;"1320117008";"zona";-0,852;6,142;1
25324;"1320118007";"zona";-0,8;7,619;1
25803;"1320118008";"zona";-0,831;6,738;1
25676;"1320118009";"zona";-0,834;6,665;1
24443;"1320118009";"zona";-0,834;6,665;1
24983;"1320119001";"zona";-0,811;7,294;1
25450;"1320119002";"zona";-0,814;7,222;1
25737;"1320119003";"zona";-0,895;4,944;1
25580;"1320119004";"zona";-0,878;5,425;1
25791;"1320119005";"zona";-0,876;5,494;1
42276;"1320119006";"zona";-0,771;8,422;1
25439;"1320119006";"zona";-0,771;8,422;1
26191;"1320119008";"zona";-0,881;5,345;1
31169;"1320119008";"zona";-0,881;5,345;1
25306;"1320119009";"zona";-0,838;6,551;1
24752;"1320119009";"zona";-0,838;6,551;1
24821;"1320119009";"zona";-0,838;6,551;1
26099;"1320119011";"zona";-0,882;5,322;1
31390;"1320119011";"zona";-0,882;5,322;1
24783;"1320201001";"zona";-0,385;19,202;4
10524;"1320202001";"zona";0,009;30,19;4
10520;"1320203001";"zona";-0,003;29,871;4
10527;"1320301001";"zona";-0,418;18,283;4
31168;"1320301001";"zona";-0,418;18,283;4
10526;"1320301001";"zona";-0,418;18,283;4
10540;"1320301001";"zona";-0,418;18,283;4
10537;"1320303001";"zona";0,091;32,496;4
10529;"1320303001";"zona";0,091;32,496;4
10528;"1320306001";"zona";0,007;30,143;4
16995;"1330101001";"zona";-0,674;11,112;2
25884;"1330101001";"zona";-0,674;11,112;2
10415;"1330101001";"zona";-0,674;11,112;2
25855;"1330101001";"zona";-0,674;11,112;2
41813;"1330101001";"zona";-0,674;11,112;2
10413;"1330101001";"zona";-0,674;11,112;2
25485;"1330101001";"zona";-0,674;11,112;2
25283;"1330101003";"zona";-0,634;12,24;2
10404;"1330101003";"zona";-0,634;12,24;2
25255;"1330101003";"zona";-0,634;12,24;2
24733;"1330101003";"zona";-0,634;12,24;2
31262;"1330101003";"zona";-0,634;12,24;2
25917;"1330101003";"zona";-0,634;12,24;2
11838;"1330101003";"zona";-0,634;12,24;2
31181;"1330101003";"zona";-0,634;12,24;2
24616;"1330101003";"zona";-0,634;12,24;2
10400;"1330101003";"zona";-0,634;12,24;2
25916;"1330101003";"zona";-0,634;12,24;2
25547;"1330101004";"zona";-0,545;14,715;3
26271;"1330101004";"zona";-0,545;14,715;3
31163;"1330101004";"zona";-0,545;14,715;3
11942;"1330101004";"zona";-0,545;14,715;3
26526;"1330101004";"zona";-0,545;14,715;3
10399;"1330101005";"zona";-0,751;8,979;1
10403;"1330101005";"zona";-0,751;8,979;1
25585;"1330101005";"zona";-0,751;8,979;1
20441;"1330101005";"zona";-0,751;8,979;1
25121;"1330101006";"zona";-0,7;10,387;2
25431;"1330101010";"zona";-0,649;11,828;2
26274;"1330101012";"zona";-0,657;11,61;2
31154;"1330101014";"zona";-0,845;6,339;1
31068;"1330101015";"zona";-0,835;6,629;1
16829;"1330102002";"zona";-0,698;10,443;2
25348;"1330102003";"zona";-0,597;13,269;3
41198;"1330102004";"zona";-0,691;10,646;2
32080;"1330102005";"zona";-0,708;10,181;2
16776;"1330102005";"zona";-0,708;10,181;2
10412;"1330103001";"zona";-0,281;22,105;4
25332;"1330103004";"zona";-0,19;24,639;4
10401;"1330106001";"zona";-0,602;13,145;3
25032;"1330106002";"zona";-0,427;18,021;3
26077;"1330106002";"zona";-0,427;18,021;3
10409;"1330106002";"zona";-0,427;18,021;3
24900;"1330106002";"zona";-0,427;18,021;3
11837;"1330106002";"zona";-0,427;18,021;3
10405;"1330106003";"zona";-0,652;11,725;2
10402;"1330106003";"zona";-0,652;11,725;2
41544;"1330106003";"zona";-0,652;11,725;2
25914;"1330106003";"zona";-0,652;11,725;2
10407;"1330106003";"zona";-0,652;11,725;2
10408;"1330106003";"zona";-0,652;11,725;2
10398;"1330106003";"zona";-0,652;11,725;2
25118;"1330106004";"zona";-0,435;17,806;3
20487;"1330106004";"zona";-0,435;17,806;3
25592;"1330106004";"zona";-0,435;17,806;3
26003;"1330106004";"zona";-0,435;17,806;3
24484;"1330106005";"zona";-0,327;20,803;4
26311;"1330106005";"zona";-0,327;20,803;4
26335;"1330106006";"zona";-0,359;19,91;4
25669;"1330106006";"zona";-0,359;19,91;4
20401;"1330201001";"zona";-0,523;15,352;3
25398;"1330201001";"zona";-0,523;15,352;3
26424;"1330201001";"zona";-0,523;15,352;3
26249;"1330201002";"zona";-0,239;23,274;4
26293;"1330201002";"zona";-0,239;23,274;4
10425;"1330201002";"zona";-0,239;23,274;4
25484;"1330201002";"zona";-0,239;23,274;4
25926;"1330201002";"zona";-0,239;23,274;4
26035;"1330201002";"zona";-0,239;23,274;4
10419;"1330201002";"zona";-0,239;23,274;4
10420;"1330201002";"zona";-0,239;23,274;4
26527;"1330201002";"zona";-0,239;23,274;4
26432;"1330201003";"zona";-0,7;10,395;2
31064;"1330201003";"zona";-0,7;10,395;2
31297;"1330201004";"zona";-0,738;9,326;1
26235;"1330201004";"zona";-0,738;9,326;1
26450;"1330201004";"zona";-0,738;9,326;1
42196;"1330201004";"zona";-0,738;9,326;1
20426;"1330201005";"zona";-0,811;7,31;1
26474;"1330201005";"zona";-0,811;7,31;1
16955;"1330201006";"zona";-0,364;19,777;4
31193;"1330201007";"zona";-0,652;11,73;2
20419;"1330201008";"zona";-0,653;11,717;2
26408;"1330201008";"zona";-0,653;11,717;2
26275;"1330201008";"zona";-0,653;11,717;2
41245;"1330201008";"zona";-0,653;11,717;2
26135;"1330201008";"zona";-0,653;11,717;2
25465;"1330201009";"zona";0,025;30,639;4
10429;"1330201009";"zona";0,025;30,639;4
10422;"1330201010";"zona";0,091;32,481;4
10430;"1330203001";"zona";-0,625;12,5;2
25506;"1330203001";"zona";-0,625;12,5;2
25288;"1330203002";"zona";-0,366;19,735;4
25812;"1330203002";"zona";-0,366;19,735;4
25964;"1330203002";"zona";-0,366;19,735;4
16785;"1330203002";"zona";-0,366;19,735;4
10421;"1330203002";"zona";-0,366;19,735;4
25132;"1330203002";"zona";-0,366;19,735;4
41597;"1330203002";"zona";-0,366;19,735;4
25991;"1330203002";"zona";-0,366;19,735;4
31192;"1330203003";"zona";-0,666;11,337;2
20321;"1330203003";"zona";-0,666;11,337;2
20294;"1330204002";"zona";-0,66;11,518;2
16832;"1330204002";"zona";-0,66;11,518;2
20445;"1330204003";"zona";-0,748;9,054;1
41488;"1330204004";"zona";-0,619;12,66;2
26045;"1330204004";"zona";-0,619;12,66;2
20502;"1330204005";"zona";-0,683;10,866;2
26379;"1330204005";"zona";-0,683;10,866;2
10447;"1330301001";"zona";-0,409;18,519;4
10432;"1330301001";"zona";-0,409;18,519;4
25819;"1330301002";"zona";-0,382;19,266;4
20329;"1330301002";"zona";-0,382;19,266;4
16837;"1330301002";"zona";-0,382;19,266;4
13204;"1330302001";"zona";-0,046;28,669;4
31187;"1330302001";"zona";-0,046;28,669;4
20324;"1330302001";"zona";-0,046;28,669;4
10433;"1330302001";"zona";-0,046;28,669;4
26503;"1330302002";"zona";-0,715;9,966;1
10577;"1340101001";"zona";-0,672;11,193;2
10563;"1340101001";"zona";-0,672;11,193;2
20343;"1340101001";"zona";-0,672;11,193;2
11845;"1340101001";"zona";-0,672;11,193;2
10545;"1340101001";"zona";-0,672;11,193;2
25773;"1340101001";"zona";-0,672;11,193;2
24686;"1340101001";"zona";-0,672;11,193;2
32024;"1340101002";"zona";-0,622;12,562;2
11843;"1340101002";"zona";-0,622;12,562;2
26144;"1340101002";"zona";-0,622;12,562;2
25355;"1340101002";"zona";-0,622;12,562;2
42020;"1340101002";"zona";-0,622;12,562;2
10541;"1340101002";"zona";-0,622;12,562;2
10546;"1340101002";"zona";-0,622;12,562;2
42171;"1340101002";"zona";-0,622;12,562;2
10610;"1340101002";"zona";-0,622;12,562;2
10608;"1340101002";"zona";-0,622;12,562;2
16894;"1340101002";"zona";-0,622;12,562;2
10635;"1340101002";"zona";-0,622;12,562;2
25695;"1340101002";"zona";-0,622;12,562;2
10594;"1340101002";"zona";-0,622;12,562;2
10584;"1340101002";"zona";-0,622;12,562;2
10581;"1340102001";"zona";-0,685;10,828;2
25555;"1340102001";"zona";-0,685;10,828;2
10574;"1340102002";"zona";-0,655;11,646;2
10542;"1340103001";"zona";-0,766;8,549;1
26449;"1340103002";"zona";-0,722;9,795;1
10560;"1340103002";"zona";-0,722;9,795;1
31380;"1340103002";"zona";-0,722;9,795;1
10621;"1340103003";"zona";-0,712;10,067;2
10607;"1340104001";"zona";-0,707;10,214;2
10554;"1340104001";"zona";-0,707;10,214;2
31369;"1340104001";"zona";-0,707;10,214;2
10569;"1340104004";"zona";-0,716;9,964;1
25370;"1340105001";"zona";-0,696;10,519;2
26453;"1340105002";"zona";-0,803;7,532;1
8942;"1340105002";"zona";-0,803;7,532;1
20562;"1340105003";"zona";-0,783;8,071;1
10550;"1340105004";"zona";-0,463;17,014;3
24444;"1340105004";"zona";-0,463;17,014;3
12079;"1340105004";"zona";-0,463;17,014;3
16816;"1340105004";"zona";-0,463;17,014;3
10548;"1340105004";"zona";-0,463;17,014;3
9574;"1340105004";"zona";-0,463;17,014;3
32168;"1340105004";"zona";-0,463;17,014;3
25662;"1340105004";"zona";-0,463;17,014;3
16810;"1340105005";"zona";-0,829;6,807;1
16799;"1340106003";"zona";-0,721;9,809;1
26454;"1340106003";"zona";-0,721;9,809;1
10592;"1340106003";"zona";-0,721;9,809;1
25423;"1340106004";"zona";-0,804;7,49;1
10578;"1340106004";"zona";-0,804;7,49;1
26098;"1340106004";"zona";-0,804;7,49;1
25319;"1340106004";"zona";-0,804;7,49;1
25418;"1340106005";"zona";-0,846;6,318;1
25698;"1340106006";"zona";-0,859;5,972;1
25009;"1340106008";"zona";-0,798;7,669;1
25078;"1340106011";"zona";-0,9;4,802;1
26466;"1340106013";"zona";-0,798;7,657;1
25960;"1340106014";"zona";-0,797;7,681;1
25882;"1340106014";"zona";-0,797;7,681;1
10576;"1340106014";"zona";-0,797;7,681;1
10565;"1340107002";"zona";-0,822;6,992;1
42279;"1340107002";"zona";-0,822;6,992;1
26367;"1340107002";"zona";-0,822;6,992;1
16783;"1340107002";"zona";-0,822;6,992;1
26320;"1340108001";"zona";-0,679;10,981;2
26252;"1340108001";"zona";-0,679;10,981;2
16886;"1340108002";"zona";-0,701;10,374;2
26347;"1340108002";"zona";-0,701;10,374;2
26362;"1340108004";"zona";-0,904;4,698;1
31495;"1340108005";"zona";-0,608;12,969;3
10628;"1340108006";"zona";-0,679;10,992;2
25865;"1340108007";"zona";-0,829;6,788;1
10570;"1340108009";"zona";-0,61;12,919;3
25714;"1340109001";"zona";-0,656;11,631;2
10567;"1340109001";"zona";-0,656;11,631;2
31278;"1340109002";"zona";-0,678;11,017;2
20315;"1340109002";"zona";-0,678;11,017;2
10543;"1340109002";"zona";-0,678;11,017;2
10600;"1340109002";"zona";-0,678;11,017;2
20592;"1340109002";"zona";-0,678;11,017;2
10547;"1340109002";"zona";-0,678;11,017;2
10618;"1340109002";"zona";-0,678;11,017;2
10564;"1340109002";"zona";-0,678;11,017;2
10544;"1340109002";"zona";-0,678;11,017;2
12775;"1340109002";"zona";-0,678;11,017;2
16971;"1340109002";"zona";-0,678;11,017;2
31144;"1340109002";"zona";-0,678;11,017;2
25952;"1340109002";"zona";-0,678;11,017;2
10615;"1340109002";"zona";-0,678;11,017;2
10611;"1340109002";"zona";-0,678;11,017;2
25273;"1340109002";"zona";-0,678;11,017;2
25997;"1340109002";"zona";-0,678;11,017;2
10601;"1340109002";"zona";-0,678;11,017;2
31293;"1340109003";"zona";-0,647;11,876;2
26446;"1340109003";"zona";-0,647;11,876;2
10571;"1340109003";"zona";-0,647;11,876;2
26263;"1340109004";"zona";-0,633;12,258;2
25764;"1340109004";"zona";-0,633;12,258;2
10606;"1340109004";"zona";-0,633;12,258;2
10595;"1340109004";"zona";-0,633;12,258;2
20593;"1340109004";"zona";-0,633;12,258;2
25347;"1340109004";"zona";-0,633;12,258;2
10558;"1340110001";"zona";-0,669;11,274;2
10556;"1340110002";"zona";-0,713;10,028;2
25854;"1340110002";"zona";-0,713;10,028;2
10551;"1340110003";"zona";-0,707;10,215;2
25661;"1340110006";"zona";-0,73;9,556;1
31360;"1340110006";"zona";-0,73;9,556;1
26390;"1340111001";"zona";-0,612;12,853;2
10631;"1340111002";"zona";-0,714;10,007;2
12111;"1340111004";"zona";-0,298;21,624;4
13218;"1340111004";"zona";-0,298;21,624;4
10590;"1340111004";"zona";-0,298;21,624;4
25872;"1340111005";"zona";-0,841;6,466;1
10588;"1340111005";"zona";-0,841;6,466;1
25557;"1340111006";"zona";-0,77;8,446;1
31302;"1340111006";"zona";-0,77;8,446;1
25834;"1340112001";"zona";-0,347;20,251;4
10586;"1340112001";"zona";-0,347;20,251;4
25747;"1340113003";"zona";-0,729;9,582;1
25907;"1340113003";"zona";-0,729;9,582;1
26071;"1340113003";"zona";-0,729;9,582;1
25527;"1340113003";"zona";-0,729;9,582;1
25913;"1340113003";"zona";-0,729;9,582;1
11931;"1340113004";"zona";-0,735;9,434;1
10580;"1340114001";"zona";-0,611;12,895;3
26321;"1340114001";"zona";-0,611;12,895;3
26150;"1340114001";"zona";-0,611;12,895;3
10579;"1340114001";"zona";-0,611;12,895;3
10589;"1340114003";"zona";-0,546;14,689;3
20308;"1340114003";"zona";-0,546;14,689;3
31190;"1340114003";"zona";-0,546;14,689;3
26443;"1340114003";"zona";-0,546;14,689;3
31331;"1340114003";"zona";-0,546;14,689;3
31392;"1340114003";"zona";-0,546;14,689;3
31379;"1340114003";"zona";-0,546;14,689;3
31423;"1340114004";"zona";-0,817;7,13;1
26017;"1340114004";"zona";-0,817;7,13;1
24654;"1340114005";"zona";-0,552;14,523;3
10658;"1340201001";"zona";-0,658;11,581;2
10638;"1340201002";"zona";-0,608;12,966;3
25602;"1340201002";"zona";-0,608;12,966;3
25080;"1340201002";"zona";-0,608;12,966;3
16809;"1340201002";"zona";-0,608;12,966;3
25353;"1340201002";"zona";-0,608;12,966;3
41824;"1340201002";"zona";-0,608;12,966;3
41849;"1340201003";"zona";-0,55;14,594;3
31182;"1340201003";"zona";-0,55;14,594;3
10662;"1340201003";"zona";-0,55;14,594;3
26111;"1340201003";"zona";-0,55;14,594;3
31040;"1340201004";"zona";-0,765;8,572;1
26043;"1340201004";"zona";-0,765;8,572;1
31267;"1340201004";"zona";-0,765;8,572;1
25241;"1340201004";"zona";-0,765;8,572;1
10661;"1340201004";"zona";-0,765;8,572;1
20402;"1340201005";"zona";-0,658;11,559;2
26349;"1340201005";"zona";-0,658;11,559;2
10648;"1340201005";"zona";-0,658;11,559;2
25591;"1340201006";"zona";-0,738;9,351;1
26117;"1340201006";"zona";-0,738;9,351;1
16880;"1340201006";"zona";-0,738;9,351;1
10651;"1340201006";"zona";-0,738;9,351;1
31054;"1340201008";"zona";-0,682;10,909;2
16815;"1340201008";"zona";-0,682;10,909;2
24719;"1340201008";"zona";-0,682;10,909;2
16788;"1340202002";"zona";-0,577;13,842;3
10641;"1340202002";"zona";-0,577;13,842;3
42162;"1340202003";"zona";-0,784;8,046;1
24836;"1340203001";"zona";-0,725;9,701;1
31081;"1340203001";"zona";-0,725;9,701;1
10643;"1340203001";"zona";-0,725;9,701;1
10645;"1340203002";"zona";-0,553;14,499;3
31036;"1340203002";"zona";-0,553;14,499;3
20295;"1340203002";"zona";-0,553;14,499;3
25278;"1340203002";"zona";-0,553;14,499;3
26269;"1340204001";"zona";-0,504;15,871;3
10640;"1340204001";"zona";-0,504;15,871;3
26414;"1340204001";"zona";-0,504;15,871;3
26270;"1340204001";"zona";-0,504;15,871;3
26202;"1340204003";"zona";-0,677;11,039;2
10646;"1340205001";"zona";-0,131;26,285;4
10649;"1340205002";"zona";0,013;30,31;4
26364;"1340206001";"zona";-0,149;25,79;4
24976;"1340302003";"zona";-0,076;27,827;4
16828;"1340305001";"zona";-0,69;10,665;2
25996;"1340305002";"zona";-0,607;13,005;3
16830;"1340305002";"zona";-0,607;13,005;3
26152;"1340401001";"zona";-0,721;9,825;1
25371;"1340401001";"zona";-0,721;9,825;1
25725;"1340401002";"zona";-0,436;17,769;3
16980;"1340401002";"zona";-0,436;17,769;3
25976;"1340401003";"zona";-0,7;10,394;2
26012;"1340401003";"zona";-0,7;10,394;2
31264;"1340401003";"zona";-0,7;10,394;2
10671;"1340404001";"zona";-0,026;29,209;4
10676;"1340404003";"zona";0,104;32,854;4
25886;"1340406001";"zona";-0,522;15,355;3
26507;"1340406001";"zona";-0,522;15,355;3
25364;"1340406001";"zona";-0,522;15,355;3
25887;"1340406002";"zona";-0,634;12,227;2
10665;"1340406002";"zona";-0,634;12,227;2
41272;"1340406002";"zona";-0,634;12,227;2
10685;"1340406002";"zona";-0,634;12,227;2
25339;"1340406002";"zona";-0,634;12,227;2
26197;"1340406003";"zona";-0,67;11,225;2
26094;"1340406003";"zona";-0,67;11,225;2
11932;"1340406003";"zona";-0,67;11,225;2
26522;"1340406003";"zona";-0,67;11,225;2
25145;"1340406004";"zona";-0,576;13,847;3
25711;"1340406004";"zona";-0,576;13,847;3
10663;"1340406004";"zona";-0,576;13,847;3
26006;"1340408001";"zona";-0,081;27,668;4
10666;"1340408001";"zona";-0,081;27,668;4
31260;"1340408002";"zona";-0,037;28,898;4
10668;"1340408002";"zona";-0,037;28,898;4
10778;"1350101002";"zona";-0,631;12,331;2
10834;"1350101002";"zona";-0,631;12,331;2
25902;"1350101002";"zona";-0,631;12,331;2
41307;"1350101002";"zona";-0,631;12,331;2
25697;"1350101002";"zona";-0,631;12,331;2
25738;"1350101002";"zona";-0,631;12,331;2
20586;"1350101003";"zona";-0,571;14,01;3
12119;"1350101003";"zona";-0,571;14,01;3
10828;"1350101003";"zona";-0,571;14,01;3
24675;"1350101003";"zona";-0,571;14,01;3
10780;"1350101003";"zona";-0,571;14,01;3
24420;"1350101003";"zona";-0,571;14,01;3
25847;"1350101003";"zona";-0,571;14,01;3
24912;"1350101003";"zona";-0,571;14,01;3
20345;"1350101004";"zona";-0,714;10,009;2
12118;"1350101004";"zona";-0,714;10,009;2
10829;"1350101005";"zona";-0,683;10,876;2
25089;"1350101007";"zona";-0,726;9,659;1
26257;"1350102001";"zona";-0,546;14,708;3
10783;"1350102001";"zona";-0,546;14,708;3
24617;"1350102001";"zona";-0,546;14,708;3
10782;"1350102001";"zona";-0,546;14,708;3
10830;"1350102001";"zona";-0,546;14,708;3
20449;"1350102003";"zona";-0,609;12,947;3
26243;"1350102003";"zona";-0,609;12,947;3
24913;"1350102004";"zona";-0,578;13,813;3
26407;"1350102004";"zona";-0,578;13,813;3
31428;"1350102004";"zona";-0,578;13,813;3
26471;"1350102004";"zona";-0,578;13,813;3
31279;"1350102004";"zona";-0,578;13,813;3
10827;"1350102004";"zona";-0,578;13,813;3
10832;"1350102004";"zona";-0,578;13,813;3
41667;"1350102004";"zona";-0,578;13,813;3
10790;"1350102005";"zona";-0,416;18,33;4
42019;"1350102005";"zona";-0,416;18,33;4
25814;"1350102006";"zona";-0,582;13,682;3
10781;"1350102006";"zona";-0,582;13,682;3
25038;"1350102006";"zona";-0,582;13,682;3
25692;"1350102007";"zona";-0,719;9,865;1
25012;"1350102007";"zona";-0,719;9,865;1
10831;"1350102007";"zona";-0,719;9,865;1
41015;"1350102007";"zona";-0,719;9,865;1
10791;"1350112001";"zona";-0,388;19,105;4
10785;"1350114002";"zona";-0,295;21,695;4
25726;"1350114002";"zona";-0,295;21,695;4
10784;"1350114003";"zona";-0,38;19,339;4
10789;"1350114003";"zona";-0,38;19,339;4
25095;"1350114003";"zona";-0,38;19,339;4
26451;"1350116001";"zona";-0,259;22,724;4
10792;"1350116001";"zona";-0,259;22,724;4
26456;"1350116001";"zona";-0,259;22,724;4
16859;"1350116001";"zona";-0,259;22,724;4
10873;"1350201001";"zona";-0,397;18,85;4
8936;"1350301001";"zona";-0,598;13,255;3
24906;"1350301001";"zona";-0,598;13,255;3
10845;"1350301001";"zona";-0,598;13,255;3
10842;"1350301001";"zona";-0,598;13,255;3
10844;"1350301002";"zona";-0,56;14,293;3
25356;"1350301002";"zona";-0,56;14,293;3
31375;"1350301003";"zona";-0,601;13,174;3
25363;"1350301003";"zona";-0,601;13,174;3
25526;"1350306001";"zona";-0,632;12,303;2
10851;"1350306001";"zona";-0,632;12,303;2
42105;"1350306002";"zona";-0,611;12,878;2
24897;"1350306002";"zona";-0,611;12,878;2
10848;"1350306002";"zona";-0,611;12,878;2
20348;"1350306002";"zona";-0,611;12,878;2
10846;"1350307001";"zona";-0,239;23,256;4
10835;"1350401001";"zona";-0,363;19,817;4
10837;"1350402001";"zona";-0,291;21,828;4
10836;"1350403001";"zona";0,364;40,11;4
10840;"1350403002";"zona";-0,141;26,004;4
10702;"1360101001";"zona";-0,337;20,534;4
25442;"1360101001";"zona";-0,337;20,534;4
10694;"1360101001";"zona";-0,337;20,534;4
26021;"1360101003";"zona";-0,792;7,842;1
16807;"1360101004";"zona";-0,614;12,803;2
10703;"1360101004";"zona";-0,614;12,803;2
10710;"1360101004";"zona";-0,614;12,803;2
10724;"1360101004";"zona";-0,614;12,803;2
10712;"1360101004";"zona";-0,614;12,803;2
20303;"1360101004";"zona";-0,614;12,803;2
41135;"1360101004";"zona";-0,614;12,803;2
25919;"1360101004";"zona";-0,614;12,803;2
25752;"1360101004";"zona";-0,614;12,803;2
31145;"1360101004";"zona";-0,614;12,803;2
10716;"1360101004";"zona";-0,614;12,803;2
10722;"1360101004";"zona";-0,614;12,803;2
25127;"1360101004";"zona";-0,614;12,803;2
25568;"1360103002";"zona";-0,638;12,142;2
11867;"1360103002";"zona";-0,638;12,142;2
25130;"1360103002";"zona";-0,638;12,142;2
10699;"1360103002";"zona";-0,638;12,142;2
10697;"1360103002";"zona";-0,638;12,142;2
16787;"1360103002";"zona";-0,638;12,142;2
10696;"1360103002";"zona";-0,638;12,142;2
25935;"1360103002";"zona";-0,638;12,142;2
10717;"1360103003";"zona";-0,743;9,19;1
10715;"1360103003";"zona";-0,743;9,19;1
42018;"1360103003";"zona";-0,743;9,19;1
10713;"1360104001";"zona";-0,503;15,89;3
10711;"1360104001";"zona";-0,503;15,89;3
24856;"1360104001";"zona";-0,503;15,89;3
25608;"1360104001";"zona";-0,503;15,89;3
24725;"1360104001";"zona";-0,503;15,89;3
26472;"1360104001";"zona";-0,503;15,89;3
31294;"1360104002";"zona";-0,608;12,979;3
26261;"1360104002";"zona";-0,608;12,979;3
10704;"1360104002";"zona";-0,608;12,979;3
31159;"1360104002";"zona";-0,608;12,979;3
10723;"1360104002";"zona";-0,608;12,979;3
10721;"1360104003";"zona";-0,77;8,441;1
31374;"1360104004";"zona";-0,728;9,615;1
31335;"1360104004";"zona";-0,728;9,615;1
31425;"1360104005";"zona";-0,665;11,365;2
20475;"1360201001";"zona";-0,494;16,153;3
26093;"1360201001";"zona";-0,494;16,153;3
31162;"1360201001";"zona";-0,494;16,153;3
26358;"1360201001";"zona";-0,494;16,153;3
31266;"1360201001";"zona";-0,494;16,153;3
31066;"1360201001";"zona";-0,494;16,153;3
31497;"1360201002";"zona";-0,584;13,635;3
16857;"1360201002";"zona";-0,584;13,635;3
26159;"1360201002";"zona";-0,584;13,635;3
10736;"1360201002";"zona";-0,584;13,635;3
10740;"1360201003";"zona";0,081;32,216;4
10737;"1360201003";"zona";0,081;32,216;4
10735;"1360201005";"zona";-0,501;15,941;3
24942;"1360201005";"zona";-0,501;15,941;3
16777;"1360201005";"zona";-0,501;15,941;3
10744;"1360201005";"zona";-0,501;15,941;3
10743;"1360201005";"zona";-0,501;15,941;3
10742;"1360201005";"zona";-0,501;15,941;3
25937;"1360201006";"zona";-0,565;14,161;3
20304;"1360201007";"zona";-0,15;25,753;4
10738;"1360201008";"zona";-0,639;12,102;2
26455;"1360203001";"zona";-0,233;23,439;4
10727;"1360301001";"zona";-0,326;20,835;4
25533;"1360302001";"zona";-0,161;25,437;4
31052;"1360302002";"zona";-0,324;20,905;4
10734;"1360302002";"zona";-0,324;20,905;4
26460;"1360302002";"zona";-0,324;20,905;4
10725;"1360302002";"zona";-0,324;20,905;4
25647;"1360302003";"zona";-0,343;20,36;4
10726;"1360302003";"zona";-0,343;20,36;4
10729;"1360302003";"zona";-0,343;20,36;4
31253;"1360302004";"zona";-0,631;12,313;2
10730;"1360305001";"zona";0,241;36,66;4
41845;"1360401001";"zona";-0,688;10,747;2
41781;"1360401001";"zona";-0,688;10,747;2
10763;"1360401001";"zona";-0,688;10,747;2
10769;"1360401001";"zona";-0,688;10,747;2
26404;"1360403001";"zona";-0,627;12,444;2
10773;"1360403001";"zona";-0,627;12,444;2
26254;"1360403001";"zona";-0,627;12,444;2
41421;"1360403001";"zona";-0,627;12,444;2
26281;"1360403001";"zona";-0,627;12,444;2
26442;"1360403001";"zona";-0,627;12,444;2
31183;"1360403001";"zona";-0,627;12,444;2
31270;"1360403001";"zona";-0,627;12,444;2
10749;"1360403001";"zona";-0,627;12,444;2
25742;"1360403002";"zona";-0,602;13,133;3
26435;"1360403002";"zona";-0,602;13,133;3
24989;"1360403002";"zona";-0,602;13,133;3
31280;"1360403002";"zona";-0,602;13,133;3
26092;"1360403002";"zona";-0,602;13,133;3
32117;"1360403002";"zona";-0,602;13,133;3
42212;"1360403003";"zona";-0,809;7,351;1
25048;"1360403004";"zona";-0,629;12,389;2
25238;"1360403004";"zona";-0,629;12,389;2
26497;"1360403004";"zona";-0,629;12,389;2
25543;"1360403004";"zona";-0,629;12,389;2
24903;"1360403004";"zona";-0,629;12,389;2
25230;"1360403004";"zona";-0,629;12,389;2
42139;"1360403004";"zona";-0,629;12,389;2
11854;"1360404002";"zona";-0,637;12,161;2
25612;"1360404002";"zona";-0,637;12,161;2
25982;"1360404002";"zona";-0,637;12,161;2
31362;"1360404002";"zona";-0,637;12,161;2
10757;"1360404002";"zona";-0,637;12,161;2
25039;"1360404003";"zona";-0,523;15,34;3
41308;"1360404003";"zona";-0,523;15,34;3
10752;"1360404003";"zona";-0,523;15,34;3
25188;"1360404003";"zona";-0,523;15,34;3
31033;"1360404004";"zona";-0,708;10,183;2
25352;"1360404004";"zona";-0,708;10,183;2
26524;"1360501001";"zona";-0,654;11,673;2
11853;"1360501001";"zona";-0,654;11,673;2
26417;"1360501001";"zona";-0,654;11,673;2
10746;"1360501001";"zona";-0,654;11,673;2
10748;"1360501001";"zona";-0,654;11,673;2
25434;"1360501001";"zona";-0,654;11,673;2
10777;"1360501001";"zona";-0,654;11,673;2
25022;"1360501001";"zona";-0,654;11,673;2
10768;"1360501001";"zona";-0,654;11,673;2
31431;"1360501001";"zona";-0,654;11,673;2
25933;"1360501003";"zona";-0,701;10,376;2
26128;"1360501003";"zona";-0,701;10,376;2
10771;"1360501003";"zona";-0,701;10,376;2
11851;"1360501003";"zona";-0,701;10,376;2
10756;"1360501003";"zona";-0,701;10,376;2
26027;"1360501003";"zona";-0,701;10,376;2
25927;"1360501003";"zona";-0,701;10,376;2
24496;"1360501003";"zona";-0,701;10,376;2
10760;"1360501004";"zona";-0,738;9,341;1
26108;"1360501005";"zona";-0,781;8,14;1
26378;"1360501005";"zona";-0,781;8,14;1
26403;"1360501005";"zona";-0,781;8,14;1
10747;"1360501005";"zona";-0,781;8,14;1
31383;"1360501006";"zona";0,112;33,068;4
10767;"1360502001";"zona";-0,789;7,921;1
25970;"1360502001";"zona";-0,789;7,921;1
10754;"1360502002";"zona";-0,745;9,138;1
25624;"1360502002";"zona";-0,745;9,138;1
25944;"1360502002";"zona";-0,745;9,138;1
26327;"1360502002";"zona";-0,745;9,138;1
25026;"1360502002";"zona";-0,745;9,138;1
26416;"1360502004";"zona";-0,722;9,783;1
10751;"1360502005";"zona";-0,694;10,575;2
10758;"1360502005";"zona";-0,694;10,575;2
25448;"1360502005";"zona";-0,694;10,575;2
31509;"1360502007";"zona";-0,503;15,888;3
26140;"1360502008";"zona";-0,728;9,603;1
12258;"1360503001";"zona";-0,669;11,272;2
10753;"1360503002";"zona";-0,722;9,777;1
25361;"1360503002";"zona";-0,722;9,777;1
31368;"1360503002";"zona";-0,722;9,777;1
25984;"1360503002";"zona";-0,722;9,777;1
16825;"1360503004";"zona";-0,589;13,511;3
16814;"1360503004";"zona";-0,589;13,511;3
31396;"1360503004";"zona";-0,589;13,511;3
16997;"1360503004";"zona";-0,589;13,511;3
20387;"1360503004";"zona";-0,589;13,511;3
10755;"1360503005";"zona";-0,767;8,518;1
10774;"1360503006";"zona";-0,728;9,607;1
24707;"1360503006";"zona";-0,728;9,607;1
25524;"1360503006";"zona";-0,728;9,607;1
26014;"1360503006";"zona";-0,728;9,607;1
24493;"1360503007";"zona";-0,624;12,517;2
10750;"1360503007";"zona";-0,624;12,517;2
26447;"1360503007";"zona";-0,624;12,517;2
10772;"1360503007";"zona";-0,624;12,517;2
6828;"1410101001";"zona";-0,533;15,062;3
6754;"1410101001";"zona";-0,533;15,062;3
6764;"1410101001";"zona";-0,533;15,062;3
22188;"1410101001";"zona";-0,533;15,062;3
6759;"1410101001";"zona";-0,533;15,062;3
6753;"1410101001";"zona";-0,533;15,062;3
22256;"1410101001";"zona";-0,533;15,062;3
22204;"1410101001";"zona";-0,533;15,062;3
22520;"1410101001";"zona";-0,533;15,062;3
6751;"1410101001";"zona";-0,533;15,062;3
22766;"1410102001";"zona";-0,53;15,153;3
6844;"1410102001";"zona";-0,53;15,153;3
6781;"1410102001";"zona";-0,53;15,153;3
6762;"1410103001";"zona";-0,571;13,994;3
31408;"1410103001";"zona";-0,571;13,994;3
6832;"1410103001";"zona";-0,571;13,994;3
6829;"1410103001";"zona";-0,571;13,994;3
6817;"1410103001";"zona";-0,571;13,994;3
7321;"1410103001";"zona";-0,571;13,994;3
22388;"1410103001";"zona";-0,571;13,994;3
22744;"1410104003";"zona";-0,561;14,276;3
6773;"1410104004";"zona";-0,48;16,535;3
22759;"1410104004";"zona";-0,48;16,535;3
22627;"1410104005";"zona";-0,473;16,744;3
31008;"1410104005";"zona";-0,473;16,744;3
31018;"1410104005";"zona";-0,473;16,744;3
6833;"1410105001";"zona";-0,54;14,861;3
6777;"1410105002";"zona";-0,599;13,214;3
22374;"1410105002";"zona";-0,599;13,214;3
6826;"1410105003";"zona";-0,668;11,291;2
22421;"1410105004";"zona";-0,536;14,982;3
22760;"1410105004";"zona";-0,536;14,982;3
22091;"1410105004";"zona";-0,536;14,982;3
6834;"1410106001";"zona";-0,63;12,339;2
22745;"1410106001";"zona";-0,63;12,339;2
22588;"1410106001";"zona";-0,63;12,339;2
6780;"1410106003";"zona";-0,639;12,092;2
31016;"1410106003";"zona";-0,639;12,092;2
42067;"1410106004";"zona";-0,723;9,753;1
22471;"1410106004";"zona";-0,723;9,753;1
22339;"1410106004";"zona";-0,723;9,753;1
6757;"1410106006";"zona";-0,423;18,123;4
6787;"1410107001";"zona";-0,664;11,391;2
6755;"1410107001";"zona";-0,664;11,391;2
6770;"1410107001";"zona";-0,664;11,391;2
6752;"1410107001";"zona";-0,664;11,391;2
22739;"1410107001";"zona";-0,664;11,391;2
6835;"1410107001";"zona";-0,664;11,391;2
6766;"1410107002";"zona";-0,669;11,259;2
12185;"1410107003";"zona";-0,683;10,863;2
22630;"1410107003";"zona";-0,683;10,863;2
6774;"1410107003";"zona";-0,683;10,863;2
22633;"1410107005";"zona";-0,323;20,921;4
6785;"1410107006";"zona";-0,642;12,01;2
22571;"1410107006";"zona";-0,642;12,01;2
31012;"1410107006";"zona";-0,642;12,01;2
6786;"1410108001";"zona";-0,713;10,042;2
6765;"1410108001";"zona";-0,713;10,042;2
6768;"1410108001";"zona";-0,713;10,042;2
22259;"1410108001";"zona";-0,713;10,042;2
31010;"1410108001";"zona";-0,713;10,042;2
22398;"1410108002";"zona";-0,401;18,738;4
22231;"1410108002";"zona";-0,401;18,738;4
22639;"1410108002";"zona";-0,401;18,738;4
6843;"1410108002";"zona";-0,401;18,738;4
22738;"1410108002";"zona";-0,401;18,738;4
6841;"1410108002";"zona";-0,401;18,738;4
41251;"1410108003";"zona";-0,63;12,342;2
22160;"1410108003";"zona";-0,63;12,342;2
22532;"1410108003";"zona";-0,63;12,342;2
22051;"1410108003";"zona";-0,63;12,342;2
22226;"1410108004";"zona";-0,648;11,859;2
20358;"1410108004";"zona";-0,648;11,859;2
22540;"1410108004";"zona";-0,648;11,859;2
22333;"1410108004";"zona";-0,648;11,859;2
31003;"1410108007";"zona";-0,719;9,874;1
22496;"1410108008";"zona";-0,704;10,291;2
22550;"1410108009";"zona";-0,657;11,601;2
22601;"1410108010";"zona";-0,66;11,505;2
20567;"1410108010";"zona";-0,66;11,505;2
42202;"1410108010";"zona";-0,66;11,505;2
22629;"1410108011";"zona";-0,547;14,677;3
22516;"1410109001";"zona";-0,655;11,657;2
22275;"1410109001";"zona";-0,655;11,657;2
22351;"1410109001";"zona";-0,655;11,657;2
6836;"1410109001";"zona";-0,655;11,657;2
6767;"1410109002";"zona";-0,647;11,88;2
22634;"1410109002";"zona";-0,647;11,88;2
22319;"1410109002";"zona";-0,647;11,88;2
22415;"1410109002";"zona";-0,647;11,88;2
22172;"1410110002";"zona";-0,596;13,31;3
6830;"1410110002";"zona";-0,596;13,31;3
22014;"1410110003";"zona";-0,591;13,44;3
41339;"1410110003";"zona";-0,591;13,44;3
22459;"1410110003";"zona";-0,591;13,44;3
31013;"1410117001";"zona";-0,024;29,274;4
6791;"1410117001";"zona";-0,024;29,274;4
6815;"1410117002";"zona";0,243;36,718;4
7016;"1410201001";"zona";0,087;32,36;4
7015;"1410201001";"zona";0,087;32,36;4
7024;"1410201001";"zona";0,087;32,36;4
22756;"1410301001";"zona";-0,214;23,955;4
31019;"1410301001";"zona";-0,214;23,955;4
22227;"1410301001";"zona";-0,214;23,955;4
6918;"1410301001";"zona";-0,214;23,955;4
6916;"1410301001";"zona";-0,214;23,955;4
31009;"1410301002";"zona";-0,378;19,399;4
6920;"1410301002";"zona";-0,378;19,399;4
6897;"1410301002";"zona";-0,378;19,399;4
6898;"1410301002";"zona";-0,378;19,399;4
22462;"1410301003";"zona";-0,578;13,818;3
6922;"1410303001";"zona";-0,344;20,326;4
6899;"1410303001";"zona";-0,344;20,326;4
36154;"1410303001";"zona";-0,344;20,326;4
6917;"1410303001";"zona";-0,344;20,326;4
22614;"1410401001";"zona";-0,237;23,329;4
22558;"1410401001";"zona";-0,237;23,329;4
6935;"1410401002";"zona";0,209;35,789;4
6929;"1410405001";"zona";-0,349;20,188;4
6934;"1410405001";"zona";-0,349;20,188;4
31021;"1410405002";"zona";-0,349;20,188;4
6932;"1410405002";"zona";-0,349;20,188;4
6930;"1410405002";"zona";-0,349;20,188;4
22618;"1410405002";"zona";-0,349;20,188;4
7032;"1410501001";"zona";-0,303;21,475;4
7031;"1410501001";"zona";-0,303;21,475;4
7044;"1410501001";"zona";-0,303;21,475;4
6896;"1410601001";"zona";-0,466;16,92;3
22579;"1410601001";"zona";-0,466;16,92;3
20446;"1410601001";"zona";-0,466;16,92;3
6886;"1410601001";"zona";-0,466;16,92;3
22757;"1410601001";"zona";-0,466;16,92;3
22580;"1410601002";"zona";-0,515;15,553;3
22428;"1410601002";"zona";-0,515;15,553;3
6846;"1410601002";"zona";-0,515;15,553;3
6895;"1410601002";"zona";-0,515;15,553;3
31002;"1410601002";"zona";-0,515;15,553;3
22476;"1410601003";"zona";-0,493;16,167;3
22318;"1410703001";"zona";-0,407;18,579;4
22313;"1410703001";"zona";-0,407;18,579;4
22762;"1410703001";"zona";-0,407;18,579;4
7200;"1410703001";"zona";-0,407;18,579;4
7203;"1410703002";"zona";-0,354;20,068;4
7202;"1410703002";"zona";-0,354;20,068;4
6990;"1410703002";"zona";-0,354;20,068;4
7231;"1410703002";"zona";-0,354;20,068;4
7234;"1410705001";"zona";-0,237;23,32;4
7205;"1410705001";"zona";-0,237;23,32;4
22531;"1410801001";"zona";-0,487;16,358;3
7050;"1410801001";"zona";-0,487;16,358;3
7049;"1410801001";"zona";-0,487;16,358;3
22527;"1410801001";"zona";-0,487;16,358;3
22452;"1410801001";"zona";-0,487;16,358;3
16843;"1410801001";"zona";-0,487;16,358;3
22483;"1410801001";"zona";-0,487;16,358;3
7102;"1410801001";"zona";-0,487;16,358;3
20450;"1410801001";"zona";-0,487;16,358;3
22549;"1410801002";"zona";-0,394;18,946;4
7059;"1410801002";"zona";-0,394;18,946;4
20339;"1410801003";"zona";-0,372;19,558;4
31022;"1410805001";"zona";0,225;36,215;4
7108;"1410805001";"zona";0,225;36,215;4
7122;"1410805001";"zona";0,225;36,215;4
7114;"1410811001";"zona";0,206;35,689;4
7085;"1410811001";"zona";0,206;35,689;4
7170;"1420101001";"zona";-0,412;18,448;4
7178;"1420101001";"zona";-0,412;18,448;4
7130;"1420101001";"zona";-0,412;18,448;4
7133;"1420101001";"zona";-0,412;18,448;4
7158;"1420101001";"zona";-0,412;18,448;4
7172;"1420101001";"zona";-0,412;18,448;4
7141;"1420101001";"zona";-0,412;18,448;4
7174;"1420101001";"zona";-0,412;18,448;4
22521;"1420101001";"zona";-0,412;18,448;4
7157;"1420101001";"zona";-0,412;18,448;4
7186;"1420101001";"zona";-0,412;18,448;4
7160;"1420101001";"zona";-0,412;18,448;4
7147;"1420101001";"zona";-0,412;18,448;4
7168;"1420101001";"zona";-0,412;18,448;4
7140;"1420101001";"zona";-0,412;18,448;4
7137;"1420101001";"zona";-0,412;18,448;4
7180;"1420101002";"zona";-0,396;18,894;4
7132;"1420101002";"zona";-0,396;18,894;4
7128;"1420101002";"zona";-0,396;18,894;4
7135;"1420101002";"zona";-0,396;18,894;4
20439;"1420101002";"zona";-0,396;18,894;4
22321;"1420101002";"zona";-0,396;18,894;4
7181;"1420101003";"zona";-0,34;20,449;4
22228;"1420101003";"zona";-0,34;20,449;4
31005;"1420101003";"zona";-0,34;20,449;4
7129;"1420101003";"zona";-0,34;20,449;4
16873;"1420109001";"zona";-0,412;18,429;4
7183;"1420109001";"zona";-0,412;18,429;4
22503;"1420109001";"zona";-0,412;18,429;4
22277;"1420109001";"zona";-0,412;18,429;4
22743;"1420109001";"zona";-0,412;18,429;4
22354;"1420109002";"zona";-0,512;15,648;3
7166;"1420109003";"zona";-0,379;19,371;4
7131;"1420109005";"zona";-0,431;17,919;3
6989;"1420201001";"zona";-0,345;20,311;4
7006;"1420201001";"zona";-0,345;20,311;4
22337;"1420201001";"zona";-0,345;20,311;4
6983;"1420201002";"zona";-0,351;20,139;4
7004;"1420201002";"zona";-0,351;20,139;4
22754;"1420201002";"zona";-0,351;20,139;4
22240;"1420201002";"zona";-0,351;20,139;4
6984;"1420204001";"zona";-0,22;23,788;4
7299;"1420301001";"zona";-0,256;22,806;4
22458;"1420401001";"zona";-0,431;17,899;3
11554;"1420401001";"zona";-0,431;17,899;3
7237;"1420401002";"zona";-0,498;16,04;3
22414;"1420401002";"zona";-0,498;16,04;3
7236;"1420401002";"zona";-0,498;16,04;3
22575;"1420401002";"zona";-0,498;16,04;3
22495;"1420401003";"zona";-0,397;18,862;4
22446;"1420401003";"zona";-0,397;18,862;4
7276;"1420401003";"zona";-0,397;18,862;4
7238;"1420401003";"zona";-0,397;18,862;4
31015;"1420401003";"zona";-0,397;18,862;4
41983;"1420401004";"zona";-0,502;15,928;3
22755;"1420401004";"zona";-0,502;15,928;3
67;"1510101002";"zona";-0,577;13,829;3
5;"1510102001";"zona";-0,645;11,927;2
4;"1510102001";"zona";-0,645;11,927;2
10;"1510102001";"zona";-0,645;11,927;2
16;"1510102001";"zona";-0,645;11,927;2
12609;"1510103002";"zona";-0,732;9,496;1
12512;"1510103002";"zona";-0,732;9,496;1
30012;"1510103003";"zona";-0,383;19,245;4
12694;"1510103003";"zona";-0,383;19,245;4
30001;"1510103003";"zona";-0,383;19,245;4
12733;"1510103003";"zona";-0,383;19,245;4
30007;"1510103003";"zona";-0,383;19,245;4
2;"1510103004";"zona";-0,732;9,494;1
15;"1510103004";"zona";-0,732;9,494;1
52;"1510103005";"zona";-0,56;14,307;3
56;"1510103005";"zona";-0,56;14,307;3
12557;"1510103006";"zona";-0,817;7,131;1
12537;"1510103006";"zona";-0,817;7,131;1
40395;"1510103007";"zona";-0,845;6,357;1
17;"1510104001";"zona";-0,686;10,798;2
31306;"1510104001";"zona";-0,686;10,798;2
30004;"1510104001";"zona";-0,686;10,798;2
20691;"1510104001";"zona";-0,686;10,798;2
12505;"1510104002";"zona";-0,737;9,365;1
40275;"1510104002";"zona";-0,737;9,365;1
19;"1510104003";"zona";-0,691;10,657;2
10913;"1510104004";"zona";-0,726;9,686;1
10884;"1510104004";"zona";-0,726;9,686;1
49;"1510105002";"zona";-0,694;10,578;2
7;"1510105002";"zona";-0,694;10,578;2
18;"1510105002";"zona";-0,694;10,578;2
36;"1510106001";"zona";-0,366;19,734;4
12502;"1510106002";"zona";-0,28;22,12;4
3;"1510106002";"zona";-0,28;22,12;4
10915;"1510106002";"zona";-0,28;22,12;4
30013;"1510106003";"zona";0,185;35,096;4
31;"1510106003";"zona";0,185;35,096;4
14;"1510107002";"zona";-0,778;8,228;1
12555;"1510107002";"zona";-0,778;8,228;1
20464;"1510107003";"zona";-0,729;9,578;1
12720;"1510107003";"zona";-0,729;9,578;1
13;"1510107004";"zona";-0,659;11,549;2
30;"1510107004";"zona";-0,659;11,549;2
40401;"1510107004";"zona";-0,659;11,549;2
12570;"1510107004";"zona";-0,659;11,549;2
1;"1510108001";"zona";-0,633;12,255;2
28;"1510108001";"zona";-0,633;12,255;2
40387;"1510108002";"zona";-0,645;11,937;2
27;"1510108002";"zona";-0,645;11,937;2
30010;"1510108003";"zona";-0,629;12,378;2
20533;"1510108003";"zona";-0,629;12,378;2
40377;"1510108003";"zona";-0,629;12,378;2
12695;"1510108003";"zona";-0,629;12,378;2
47;"1510108003";"zona";-0,629;12,378;2
12549;"1510108003";"zona";-0,629;12,378;2
12705;"1510108003";"zona";-0,629;12,378;2
12;"1510108003";"zona";-0,629;12,378;2
20334;"1510108004";"zona";-0,634;12,244;2
41989;"1510108004";"zona";-0,634;12,244;2
9;"1510108004";"zona";-0,634;12,244;2
41063;"1510108004";"zona";-0,634;12,244;2
12721;"1510108004";"zona";-0,634;12,244;2
40384;"1510108004";"zona";-0,634;12,244;2
20;"1510109001";"zona";-0,684;10,845;2
12714;"1510110001";"zona";-0,643;12,001;2
66;"1510110001";"zona";-0,643;12,001;2
12748;"1510110002";"zona";-0,659;11,552;2
26;"1510110003";"zona";-0,594;13,345;3
12536;"1510111002";"zona";-0,733;9,481;1
30005;"1510111003";"zona";-0,693;10,59;2
11;"1510112001";"zona";-0,604;13,076;3
12716;"1510112002";"zona";-0,754;8,885;1
31303;"1510112005";"zona";-0,531;15,117;3
40368;"1510112007";"zona";-0,927;4,07;1
12659;"1510112009";"zona";-0,655;11,668;2
12547;"1510112009";"zona";-0,655;11,668;2
12622;"1510112010";"zona";-0,796;7,727;1
40168;"1510112010";"zona";-0,796;7,727;1
10906;"1510112010";"zona";-0,796;7,727;1
10892;"1510114001";"zona";-0,624;12,511;2
12569;"1510114001";"zona";-0,624;12,511;2
12742;"1510114002";"zona";-0,553;14,508;3
8;"1510114002";"zona";-0,553;14,508;3
12727;"1510114002";"zona";-0,553;14,508;3
41379;"1510114002";"zona";-0,553;14,508;3
45;"1510114002";"zona";-0,553;14,508;3
30003;"1510115001";"zona";0,203;35,611;4
40244;"1510117001";"zona";-0,796;7,729;1
12712;"1510117001";"zona";-0,796;7,729;1
22;"1510117002";"zona";-0,748;9,069;1
12610;"1510117005";"zona";-0,485;16,404;3
12750;"1510117005";"zona";-0,485;16,404;3
69;"1510117005";"zona";-0,485;16,404;3
16775;"1510117007";"zona";-0,71;10,125;2
12630;"1510117008";"zona";-0,194;24,53;4
40245;"1510117008";"zona";-0,194;24,53;4
31304;"1510118001";"zona";-0,692;10,633;2
12501;"1510118001";"zona";-0,692;10,633;2
30002;"1510118001";"zona";-0,692;10,633;2
43;"1510118002";"zona";-0,722;9,771;1
25;"1510118002";"zona";-0,722;9,771;1
10893;"1510118003";"zona";-0,745;9,13;1
10911;"1510118004";"zona";-0,792;7,832;1
40230;"1510118005";"zona";-0,76;8,736;1
31308;"1510118005";"zona";-0,76;8,736;1
12713;"1510118005";"zona";-0,76;8,736;1
29;"1510119001";"zona";-0,676;11,063;2
12539;"1510119002";"zona";-0,732;9,516;1
50;"1510119003";"zona";-0,552;14,538;3
60;"1510119003";"zona";-0,552;14,538;3
30006;"1510119004";"zona";-0,666;11,361;2
84;"1520101001";"zona";-0,163;25,399;4
78;"1520101001";"zona";-0,163;25,399;4
3718;"1610101001";"zona";-0,579;13,779;3
3645;"1610101001";"zona";-0,579;13,779;3
18133;"1610101001";"zona";-0,579;13,779;3
3642;"1610101001";"zona";-0,579;13,779;3
42002;"1610101001";"zona";-0,579;13,779;3
17653;"1610101001";"zona";-0,579;13,779;3
31133;"1610101001";"zona";-0,579;13,779;3
3714;"1610101001";"zona";-0,579;13,779;3
3728;"1610101002";"zona";-0,575;13,878;3
32032;"1610101002";"zona";-0,575;13,878;3
18104;"1610101002";"zona";-0,575;13,878;3
3735;"1610101002";"zona";-0,575;13,878;3
17908;"1610101002";"zona";-0,575;13,878;3
3644;"1610101002";"zona";-0,575;13,878;3
20316;"1610101002";"zona";-0,575;13,878;3
17734;"1610101002";"zona";-0,575;13,878;3
3727;"1610101002";"zona";-0,575;13,878;3
18077;"1610101002";"zona";-0,575;13,878;3
20437;"1610101002";"zona";-0,575;13,878;3
17907;"1610101003";"zona";-0,589;13,49;3
3711;"1610101003";"zona";-0,589;13,49;3
3670;"1610101003";"zona";-0,589;13,49;3
17863;"1610101004";"zona";-0,535;15,004;3
3640;"1610101004";"zona";-0,535;15,004;3
3663;"1610101004";"zona";-0,535;15,004;3
17927;"1610101004";"zona";-0,535;15,004;3
3641;"1610101004";"zona";-0,535;15,004;3
3725;"1610102002";"zona";-0,453;17,306;3
17754;"1610102003";"zona";-0,455;17,239;3
42039;"1610102003";"zona";-0,455;17,239;3
11401;"1610102003";"zona";-0,455;17,239;3
17917;"1610102003";"zona";-0,455;17,239;3
31123;"1610102003";"zona";-0,455;17,239;3
17784;"1610102003";"zona";-0,455;17,239;3
3643;"1610102003";"zona";-0,455;17,239;3
3638;"1610102003";"zona";-0,455;17,239;3
3639;"1610102003";"zona";-0,455;17,239;3
3724;"1610102003";"zona";-0,455;17,239;3
20395;"1610102003";"zona";-0,455;17,239;3
3671;"1610102003";"zona";-0,455;17,239;3
16865;"1610103001";"zona";-0,62;12,63;2
3649;"1610103001";"zona";-0,62;12,63;2
17699;"1610103001";"zona";-0,62;12,63;2
3675;"1610103001";"zona";-0,62;12,63;2
3677;"1610103001";"zona";-0,62;12,63;2
3669;"1610103002";"zona";-0,587;13,553;3
17903;"1610103003";"zona";-0,574;13,903;3
31084;"1610104001";"zona";-0,653;11,705;2
17920;"1610104003";"zona";-0,608;12,975;3
31105;"1610105001";"zona";-0,508;15,746;3
3662;"1610105002";"zona";-0,609;12,925;3
3666;"1610105004";"zona";-0,563;14,218;3
18110;"1610105005";"zona";-0,72;9,851;1
3866;"1610107001";"zona";0,001;29,962;4
3865;"1610107001";"zona";0,001;29,962;4
3849;"1610107002";"zona";0,053;31,422;4
18204;"1610112001";"zona";-0,667;11,31;2
18251;"1610113001";"zona";-0,534;15,019;3
17893;"1610113001";"zona";-0,534;15,019;3
41385;"1610113002";"zona";-0,625;12,488;2
3659;"1610113003";"zona";-0,57;14,038;3
3717;"1610113004";"zona";-0,623;12,542;2
17914;"1610113004";"zona";-0,623;12,542;2
3668;"1610114001";"zona";-0,466;16,943;3
3713;"1610114001";"zona";-0,466;16,943;3
17834;"1610114001";"zona";-0,466;16,943;3
3723;"1610114001";"zona";-0,466;16,943;3
12050;"1610114002";"zona";-0,603;13,111;3
17794;"1610114003";"zona";-0,541;14,828;3
31116;"1610114003";"zona";-0,541;14,828;3
3720;"1610114003";"zona";-0,541;14,828;3
3673;"1610114003";"zona";-0,541;14,828;3
41981;"1610115003";"zona";-0,761;8,702;1
3719;"1610115004";"zona";-0,73;9,573;1
42016;"1610115005";"zona";-0,718;9,89;1
17892;"1610115007";"zona";-0,64;12,084;2
12001;"1610115007";"zona";-0,64;12,084;2
17895;"1610115009";"zona";-0,694;10,573;2
17800;"1610115009";"zona";-0,694;10,573;2
17737;"1610115009";"zona";-0,694;10,573;2
3672;"1610115013";"zona";-0,66;11,506;2
17828;"1610115014";"zona";-0,655;11,642;2
18140;"1610116001";"zona";-0,609;12,948;3
3660;"1610116001";"zona";-0,609;12,948;3
16938;"1610116001";"zona";-0,609;12,948;3
3650;"1610116002";"zona";-0,572;13,983;3
3657;"1610116004";"zona";-0,592;13,422;3
17698;"1610116005";"zona";-0,635;12,219;2
3716;"1610117001";"zona";-0,646;11,898;2
12014;"1610117002";"zona";-0,633;12,258;2
3664;"1610117002";"zona";-0,633;12,258;2
3733;"1610117002";"zona";-0,633;12,258;2
42107;"1610117003";"zona";-0,534;15,03;3
3667;"1610117003";"zona";-0,534;15,03;3
3730;"1610117003";"zona";-0,534;15,03;3
3979;"1610201001";"zona";-0,4;18,761;4
17902;"1610201001";"zona";-0,4;18,761;4
20461;"1610201001";"zona";-0,4;18,761;4
22736;"1610201001";"zona";-0,4;18,761;4
31135;"1610201001";"zona";-0,4;18,761;4
17725;"1610201001";"zona";-0,4;18,761;4
11406;"1610201001";"zona";-0,4;18,761;4
18216;"1610201001";"zona";-0,4;18,761;4
3977;"1610201001";"zona";-0,4;18,761;4
17742;"1610201001";"zona";-0,4;18,761;4
3976;"1610201002";"zona";-0,488;16,305;3
18061;"1610201003";"zona";-0,46;17,106;3
3978;"1610201003";"zona";-0,46;17,106;3
3981;"1610204001";"zona";-0,113;26,777;4
3980;"1610205001";"zona";-0,257;22,766;4
17838;"1610304001";"zona";-0,537;14,949;3
18045;"1610304001";"zona";-0,537;14,949;3
11744;"1610304002";"zona";-0,572;13,98;3
17928;"1610304005";"zona";-0,492;16,199;3
3656;"1610304005";"zona";-0,492;16,199;3
17735;"1610304005";"zona";-0,492;16,199;3
18010;"1610304005";"zona";-0,492;16,199;3
17926;"1610304006";"zona";-0,465;16,959;3
3726;"1610304006";"zona";-0,465;16,959;3
18099;"1610304006";"zona";-0,465;16,959;3
3731;"1610304006";"zona";-0,465;16,959;3
41521;"1610304007";"zona";-0,547;14,659;3
16944;"1610401001";"zona";-0,299;21,587;4
3909;"1610401001";"zona";-0,299;21,587;4
3910;"1610401001";"zona";-0,299;21,587;4
18006;"1610401001";"zona";-0,299;21,587;4
3921;"1610401001";"zona";-0,299;21,587;4
16792;"1610401001";"zona";-0,299;21,587;4
31097;"1610401001";"zona";-0,299;21,587;4
3932;"1610401001";"zona";-0,299;21,587;4
17916;"1610501001";"zona";-0,248;23,005;4
3961;"1610501001";"zona";-0,248;23,005;4
31098;"1610501001";"zona";-0,248;23,005;4
18156;"1610501001";"zona";-0,248;23,005;4
3885;"1610601001";"zona";-0,202;24,305;4
11704;"1610601001";"zona";-0,202;24,305;4
3871;"1610601001";"zona";-0,202;24,305;4
3872;"1610605001";"zona";0,342;39,502;4
3874;"1610605002";"zona";0,303;38,415;4
18159;"1610701001";"zona";-0,278;22,17;4
31108;"1610701001";"zona";-0,278;22,17;4
18199;"1610701002";"zona";-0,207;24,169;4
3998;"1610701002";"zona";-0,207;24,169;4
4000;"1610701002";"zona";-0,207;24,169;4
4005;"1610701002";"zona";-0,207;24,169;4
18078;"1610701002";"zona";-0,207;24,169;4
4019;"1610701002";"zona";-0,207;24,169;4
3999;"1610701002";"zona";-0,207;24,169;4
3907;"1610801001";"zona";-0,168;25,245;4
3886;"1610801001";"zona";-0,168;25,245;4
3887;"1610805001";"zona";-0,252;22,92;4
16774;"1610806001";"zona";-0,205;24,225;4
18016;"1610806001";"zona";-0,205;24,225;4
3960;"1610901001";"zona";-0,228;23,573;4
11405;"1610901002";"zona";-0,218;23,848;4
3938;"1610901002";"zona";-0,218;23,848;4
3940;"1610901002";"zona";-0,218;23,848;4
16926;"1610909001";"zona";-0,117;26,669;4
3941;"1610909001";"zona";-0,117;26,669;4
18108;"1620101001";"zona";-0,414;18,381;4
4102;"1620101001";"zona";-0,414;18,381;4
4104;"1620101001";"zona";-0,414;18,381;4
17930;"1620101001";"zona";-0,414;18,381;4
4106;"1620101002";"zona";-0,347;20,265;4
4103;"1620101002";"zona";-0,347;20,265;4
18035;"1620101003";"zona";-0,363;19,815;4
4084;"1620202001";"zona";-0,234;23,398;4
31117;"1620202001";"zona";-0,234;23,398;4
17741;"1620202001";"zona";-0,234;23,398;4
20512;"1620301001";"zona";-0,289;21,868;4
4049;"1620301001";"zona";-0,289;21,868;4
18124;"1620301001";"zona";-0,289;21,868;4
4048;"1620301001";"zona";-0,289;21,868;4
18085;"1620301002";"zona";-0,349;20,192;4
18002;"1620301002";"zona";-0,349;20,192;4
4050;"1620301002";"zona";-0,349;20,192;4
4051;"1620302001";"zona";-0,215;23,95;4
4124;"1620402001";"zona";-0,266;22,513;4
17897;"1620402001";"zona";-0,266;22,513;4
4032;"1620501001";"zona";-0,266;22,515;4
4043;"1620501001";"zona";-0,266;22,515;4
20427;"1620601001";"zona";-0,215;23,936;4
4025;"1620601001";"zona";-0,215;23,936;4
16802;"1620702001";"zona";-0,26;22,684;4
4071;"1620702001";"zona";-0,26;22,684;4
31128;"1620702001";"zona";-0,26;22,684;4
3744;"1630101001";"zona";-0,529;15,18;3
17793;"1630101002";"zona";-0,579;13,784;3
12027;"1630101003";"zona";-0,493;16,164;3
17766;"1630101003";"zona";-0,493;16,164;3
18017;"1630101003";"zona";-0,493;16,164;3
3748;"1630102001";"zona";-0,507;15,789;3
3741;"1630102001";"zona";-0,507;15,789;3
3795;"1630102001";"zona";-0,507;15,789;3
3743;"1630102001";"zona";-0,507;15,789;3
42065;"1630102001";"zona";-0,507;15,789;3
3796;"1630102001";"zona";-0,507;15,789;3
3742;"1630102001";"zona";-0,507;15,789;3
3745;"1630102002";"zona";-0,527;15,227;3
17894;"1630102002";"zona";-0,527;15,227;3
17886;"1630102002";"zona";-0,527;15,227;3
18087;"1630102003";"zona";-0,521;15,401;3
3797;"1630103001";"zona";-0,51;15,697;3
3749;"1630103001";"zona";-0,51;15,697;3
3747;"1630103001";"zona";-0,51;15,697;3
3740;"1630104002";"zona";-0,543;14,774;3
3759;"1630108001";"zona";0,442;42,283;4
16919;"1630201001";"zona";-0,285;21,976;4
18195;"1630201001";"zona";-0,285;21,976;4
12046;"1630201001";"zona";-0,285;21,976;4
3835;"1630201001";"zona";-0,285;21,976;4
18243;"1630201002";"zona";-0,333;20,647;4
17848;"1630204001";"zona";-0,211;24,054;4
18012;"1630204001";"zona";-0,211;24,054;4
17662;"1630204001";"zona";-0,211;24,054;4
18191;"1630204001";"zona";-0,211;24,054;4
20416;"1630301001";"zona";-0,151;25,739;4
3802;"1630301001";"zona";-0,151;25,739;4
3823;"1630403001";"zona";0,189;35,205;4
4140;"1630502001";"zona";-0,35;20,173;4
16925;"1630502001";"zona";-0,35;20,173;4
4141;"1630506001";"zona";-0,093;27,349;4
